exam_type,subject,year,region,data_type,grade_system,g1,g2,g3,g4,g5,g6,g7,g8,g9,g10,u,pass_rate,pass_threshold,candidates
A-Level,Accounting,2025,UK,Exam,A*-U,1.9,11.8,22.8,24.1,20.2,13.0,,,,,6.2,93.8,A*-E,2361
A-Level,Accounting,2024,UK,Exam,A*-U,1.5,12.4,18.4,24.8,24.2,12.8,,,,,5.9,94.1,A*-E,2456
A-Level,Art and Design,2025,UK,Exam,A*-U,15.9,19.4,31.6,21.5,8.2,2.7,,,,,0.6,99.4,A*-E,43124
A-Level,Art and Design,2024,UK,Exam,A*-U,13.9,18.0,31.6,22.4,9.9,3.3,,,,,0.9,99.1,A*-E,43668
A-Level,Art and Design,2023,UK,Exam,A*-U,13.1,18.2,31.3,22.5,10.3,3.6,,,,,1.0,99.0,A*-E,43464
A-Level,Art and Design,2022,UK,Exam,A*-U,18.6,20.1,31.6,20.1,6.9,2.2,,,,,0.5,99.5,A*-E,44690
A-Level,Art and Design,2021,UK,Exam,A*-U,21.5,25.2,28.6,17.8,4.9,1.7,,,,,0.3,99.7,A*-E,42237
A-Level,Art and Design,2020,UK,Teacher,A*-U,17.5,24.0,32.3,19.6,5.3,1.2,,,,,0.1,99.9,A*-E,41846
A-Level,Art and Design,2020,UK,Exam,A*-U,13.0,18.3,31.8,23.2,9.6,3.3,,,,,0.8,99.2,A*-E,41837
A-Level,Art and Design,2019,UK,Exam,A*-U,12.2,15.6,32.5,24.4,10.8,3.5,,,,,1.0,99.0,A*-E,42307
A-Level,Art and Design,2018,UK,Exam,A*-U,12.3,15.4,30.8,24.4,11.6,4.3,,,,,1.2,98.8,A*-E,43034
A-Level,Art and Design,2017,UK,Exam,A*-U,12.3,15.2,30.5,24.4,12.3,4.2,,,,,1.1,98.9,A*-E,43653
A-Level,Art and Design,2016,UK,Exam,A*-U,12.2,15.4,29.2,26.7,12.3,3.5,,,,,0.7,99.3,A*-E,43242
A-Level,Art and Design,2015,UK,Exam,A*-U,11.8,16.4,29.1,25.9,12.6,3.4,,,,,0.8,99.2,A*-E,44864
A-Level,Art and Design,2014,UK,Exam,A*-U,11.5,16.0,29.2,26.2,12.5,3.8,,,,,0.8,99.2,A*-E,44922
A-Level,Art and Design,2013,UK,Exam,A*-U,12.2,16.4,29.2,25.4,12.4,3.5,,,,,0.9,99.1,A*-E,44069
A-Level,Art and Design,2012,UK,Exam,A*-U,13.1,17.1,27.9,24.4,12.4,4.0,,,,,1.1,98.9,A*-E,46483
A-Level,Art and Design,2011,UK,Exam,A*-U,14.2,17.0,26.6,23.4,13.0,4.6,,,,,1.2,98.8,A*-E,45959
A-Level,Art and Design,2010,UK,Exam,A*-U,13.3,18.4,25.7,22.9,12.9,5.2,,,,,1.6,98.4,A*-E,46054
A-Level,Art and Design,2009,UK,Exam,A*-U,,31.6,25.6,22.9,13.0,5.1,,,,,1.8,98.2,A*-E,45839
A-Level,Art and Design,2008,UK,Exam,A*-U,,30.8,24.8,22.8,14.2,5.6,,,,,1.8,98.2,A*-E,44212
A-Level,Art and Design,2007,UK,Exam,A*-U,,30.4,24.4,22.7,14.3,6.1,,,,,2.1,97.9,A*-E,42490
A-Level,Art and Design,2006,UK,Exam,A*-U,,29.6,24.9,23.0,14.1,6.1,,,,,2.3,97.7,A*-E,41989
A-Level,Art and Design,2005,UK,Exam,A*-U,,28.7,24.2,23.3,14.9,6.4,,,,,2.5,97.5,A*-E,40454
A-Level,Art and Design,2004,UK,Exam,A*-U,,27.9,24.2,22.1,15.2,7.5,,,,,3.1,96.9,A*-E,38989
A-Level,Art and Design,2003,UK,Exam,A*-U,,27.8,23.3,22.5,15.6,7.4,,,,,3.4,96.6,A*-E,38314
A-Level,Art and Design,2002,UK,Exam,A*-U,,27.4,22.8,21.3,15.6,8.0,,,,,4.9,95.1,A*-E,35420
A-Level,Art and Design,2001,UK,Exam,A*-U,,26.7,21.4,25.3,16.3,7.6,1.9,,,,0.8,97.3,A*-E,36085
A-Level,Art and Design,2000,UK,Exam,A*-U,,23.9,21.3,24.5,17.0,8.9,3.3,,,,1.1,95.6,A*-E,37609
A-Level,Art and Design,1999,UK,Exam,A*-U,,23.6,21.0,24.0,17.4,9.3,9.3,,,,3.6,95.3,A*-E,37385
A-Level,Art and Design,1998,UK,Exam,A*-U,,23.1,20.6,24.0,17.9,9.9,3.3,,,,1.2,95.5,A*-E,37119
A-Level,Art and Design,1997,UK,Exam,A*-U,,20.8,20.4,24.3,19.2,10.2,3.9,,,,1.2,94.9,A*-E,35289
A-Level,Art and Design,1996,UK,Exam,A*-U,,19.4,20.0,24.0,18.8,11.5,4.8,,,,1.5,93.7,A*-E,33782
A-Level,Art and Design,1995,UK,Exam,A*-U,,18.3,20.0,23.1,19.4,12.1,5.4,,,,1.7,92.9,A*-E,33915
A-Level,Art and Design,1994,UK,Exam,A*-U,,17.6,19.4,22.9,19.6,12.7,5.8,,,,1.9,92.2,A*-E,34749
A-Level,Art and Design,1993,UK,Exam,A*-U,,13.3,18.4,22.6,21.2,15.0,7.0,,,,2.5,90.5,A*-E,34751
A-Level,Biology,2025,UK,Exam,A*-U,9.0,19.0,22.7,21.2,15.4,8.7,,,,,4.1,95.9,A*-E,71400
A-Level,Biology,2024,UK,Exam,A*-U,9.1,18.6,21.2,20.9,15.9,9.8,,,,,4.5,95.5,A*-E,74367
A-Level,Biology,2023,UK,Exam,A*-U,9.0,18.1,21.6,19.9,16.6,10.6,,,,,4.3,95.7,A*-E,74650
A-Level,Biology,2022,UK,Exam,A*-U,13.3,21.6,21.6,19.5,14.2,7.6,,,,,2.2,97.8,A*-E,71979
A-Level,Biology,2021,UK,Exam,A*-U,18.4,26.7,23.9,17.7,9.0,3.8,,,,,0.5,99.5,A*-E,70055
A-Level,Biology,2020,UK,Teacher,A*-U,13.3,24.2,25.1,21.8,11.2,4.1,,,,,0.3,99.7,A*-E,65120
A-Level,Biology,2020,UK,Exam,A*-U,7.6,17.9,21.6,22.9,18.0,9.2,,,,,2.8,97.2,A*-E,65057
A-Level,Biology,2019,UK,Exam,A*-U,7.0,17.1,20.9,22.3,18.5,10.3,,,,,3.9,96.1,A*-E,69196
A-Level,Biology,2018,UK,Exam,A*-U,7.6,18.3,21.6,22.3,17.4,9.4,,,,,3.4,96.6,A*-E,63819
A-Level,Biology,2017,UK,Exam,A*-U,7.9,18.3,22.5,22.1,17.5,8.5,,,,,3.2,96.8,A*-E,61908
A-Level,Biology,2016,UK,Exam,A*-U,9.3,17.8,23.9,21.6,16.1,8.5,,,,,2.8,97.2,A*-E,62650
A-Level,Biology,2015,UK,Exam,A*-U,9.1,18.0,23.5,21.3,16.1,9.4,,,,,2.6,97.4,A*-E,63275
A-Level,Biology,2014,UK,Exam,A*-U,9.4,18.1,23.5,21.0,16.1,9.3,,,,,2.6,97.4,A*-E,64070
A-Level,Biology,2013,UK,Exam,A*-U,8.0,20.3,24.5,20.9,15.3,8.5,,,,,2.5,97.5,A*-E,63939
A-Level,Biology,2012,UK,Exam,A*-U,7.9,20.7,24.2,20.9,15.1,8.5,,,,,2.7,97.3,A*-E,63074
A-Level,Biology,2011,UK,Exam,A*-U,8.8,19.5,23.8,21.2,15.0,8.8,,,,,2.9,97.1,A*-E,62041
A-Level,Biology,2010,UK,Exam,A*-U,8.0,20.5,23.2,20.7,15.2,9.2,,,,,3.2,96.8,A*-E,57854
A-Level,Biology,2009,UK,Exam,A*-U,,27.8,22.5,19.9,15.6,10.2,,,,,4.0,96.0,A*-E,55485
A-Level,Biology,2008,UK,Exam,A*-U,,26.7,22.2,20.3,16.0,10.5,,,,,4.3,95.7,A*-E,56010
A-Level,Biology,2007,UK,Exam,A*-U,,26.2,21.6,19.9,16.4,11.0,,,,,4.9,95.1,A*-E,54563
A-Level,Biology,2006,UK,Exam,A*-U,,24.4,21.6,20.3,16.6,11.5,,,,,5.6,94.4,A*-E,54890
A-Level,Biology,2005,UK,Exam,A*-U,,23.1,21.5,20.4,16.8,12.1,,,,,6.1,93.9,A*-E,53968
A-Level,Biology,2004,UK,Exam,A*-U,,22.4,21.3,20.4,17.0,12.3,,,,,6.6,93.4,A*-E,52264
A-Level,Biology,2003,UK,Exam,A*-U,,21.4,20.7,20.2,17.1,13.2,,,,,7.4,92.6,A*-E,51716
A-Level,Biology,2002,UK,Exam,A*-U,,21.6,19.6,19.7,17.9,13.3,,,,,7.9,92.1,A*-E,52132
A-Level,Biology,2001,UK,Exam,A*-U,,18.8,19.5,19.4,16.6,13.9,7.4,,,,4.4,88.2,A*-E,52647
A-Level,Biology,2000,UK,Exam,A*-U,,17.8,19.7,19.6,17.2,13.5,7.4,,,,4.8,87.8,A*-E,54814
A-Level,Biology,1999,UK,Exam,A*-U,,17.4,19.1,19.4,17.6,13.6,8.0,,,,4.9,87.1,A*-E,56036
A-Level,Biology,1998,UK,Exam,A*-U,,15.9,19.3,19.2,17.5,14.0,8.0,,,,6.1,85.9,A*-E,58457
A-Level,Biology,1997,UK,Exam,A*-U,,14.6,19.6,19.1,17.7,14.6,8.8,,,,5.6,85.6,A*-E,58534
A-Level,Biology,1996,UK,Exam,A*-U,,13.8,18.7,19.2,17.9,14.8,9.3,,,,6.3,84.4,A*-E,51894
A-Level,Biology,1995,UK,Exam,A*-U,,14.3,15.7,17.0,16.9,15.2,10.9,,,,10.0,79.1,A*-E,52255
A-Level,Biology,1994,UK,Exam,A*-U,,13.8,15.4,16.9,17.1,15.9,10.8,,,,10.0,79.1,A*-E,50851
A-Level,Biology,1993,UK,Exam,A*-U,,13.0,15.4,15.8,17.2,16.0,11.5,,,,11.1,77.4,A*-E,47748
A-Level,Business Studies,2025,UK,Exam,A*-U,4.3,12.3,31.7,28.6,15.4,5.6,,,,,2.1,97.9,A*-E,45235
A-Level,Business Studies,2024,UK,Exam,A*-U,4.1,12.1,29.5,28.8,16.9,6.3,,,,,2.3,97.7,A*-E,44961
A-Level,Business Studies,2023,UK,Exam,A*-U,4.1,12.1,30.5,28.3,16.3,6.3,,,,,2.4,97.6,A*-E,44852
A-Level,Business Studies,2022,UK,Exam,A*-U,7.4,17.8,34.6,23.8,11.1,4.0,,,,,1.3,98.7,A*-E,42461
A-Level,Business Studies,2021,UK,Exam,A*-U,10.2,22.2,30.5,23.9,9.4,3.3,,,,,0.5,99.5,A*-E,38546
A-Level,Business Studies,2020,UK,Teacher,A*-U,6.7,19.0,32.0,28.4,10.9,2.7,,,,,0.3,99.7,A*-E,36188
A-Level,Business Studies,2020,UK,Exam,A*-U,3.5,12.3,29.7,30.2,17.0,5.8,,,,,1.5,98.5,A*-E,36181
A-Level,Business Studies,2019,UK,Exam,A*-U,3.3,11.5,29.0,30.0,17.5,6.4,,,,,2.3,97.7,A*-E,33925
A-Level,Business Studies,2018,UK,Exam,A*-U,3.4,11.8,29.9,29.7,17.0,6.2,,,,,2.0,98.0,A*-E,32867
A-Level,Business Studies,2017,UK,Exam,A*-U,3.4,11.8,29.1,30.4,17.3,6.1,,,,,1.9,98.1,A*-E,30023
A-Level,Business Studies,2016,UK,Exam,A*-U,3.2,11.2,27.9,30.4,18.3,6.9,,,,,2.1,97.9,A*-E,28208
A-Level,Business Studies,2015,UK,Exam,A*-U,3.4,11.1,27.2,29.9,19.1,7.1,,,,,2.2,97.8,A*-E,27362
A-Level,Business Studies,2014,UK,Exam,A*-U,3.6,11.0,27.0,29.9,18.8,7.5,,,,,2.2,97.8,A*-E,26745
A-Level,Business Studies,2013,UK,Exam,A*-U,3.0,11.9,28.1,30.5,18.1,6.6,,,,,1.8,98.2,A*-E,27673
A-Level,Business Studies,2012,UK,Exam,A*-U,3.3,12.2,27.8,29.5,18.5,6.8,,,,,1.9,98.1,A*-E,28567
A-Level,Business Studies,2011,UK,Exam,A*-U,3.8,12.6,27.1,29.3,18.5,6.8,,,,,1.9,98.1,A*-E,29748
A-Level,Business Studies,2010,UK,Exam,A*-U,3.7,13.1,26.9,28.8,18.6,7.0,,,,,1.9,98.1,A*-E,31503
A-Level,Business Studies,2009,UK,Exam,A*-U,,18.8,27.9,28.0,17.1,6.6,,,,,1.6,98.4,A*-E,31674
A-Level,Business Studies,2008,UK,Exam,A*-U,,17.9,27.7,28.3,18.0,6.5,,,,,1.6,98.4,A*-E,31025
A-Level,Business Studies,2007,UK,Exam,A*-U,,18.0,27.3,27.6,17.7,7.4,,,,,2.0,98.0,A*-E,30193
A-Level,Business Studies,2006,UK,Exam,A*-U,,16.7,25.9,28.0,18.8,8.3,,,,,2.3,97.7,A*-E,30648
A-Level,Business Studies,2005,UK,Exam,A*-U,,15.0,25.6,27.9,20.4,8.5,,,,,2.6,97.4,A*-E,30719
A-Level,Business Studies,2004,UK,Exam,A*-U,,14.1,24.2,27.5,21.4,9.9,,,,,2.9,97.1,A*-E,32253
A-Level,Business Studies,2003,UK,Exam,A*-U,,12.5,23.3,27.3,22.1,11.2,,,,,3.6,96.4,A*-E,33133
A-Level,Business Studies,2002,UK,Exam,A*-U,,11.4,21.9,27.8,22.2,12.4,,,,,4.3,95.7,A*-E,27680
A-Level,Business Studies,2001,UK,Exam,A*-U,,10.6,20.1,25.7,20.9,12.5,6.5,,,,3.7,89.8,A*-E,36834
A-Level,Business Studies,2000,UK,Exam,A*-U,,9.7,19.0,24.9,21.2,13.5,6.9,,,,4.8,88.3,A*-E,38226
A-Level,Business Studies,1999,UK,Exam,A*-U,,9.0,19.3,24.4,20.5,13.5,7.8,,,,5.5,86.7,A*-E,37926
A-Level,Business Studies,1998,UK,Exam,A*-U,,8.2,19.1,24.1,20.6,14.0,8.1,,,,5.9,86.0,A*-E,37008
A-Level,Business Studies,1997,UK,Exam,A*-U,,7.6,19.1,23.5,21.2,14.8,8.7,,,,5.1,86.2,A*-E,33359
A-Level,Business Studies,1996,UK,Exam,A*-U,,7.7,15.4,21.4,21.1,16.6,9.1,,,,8.7,82.2,A*-E,29100
A-Level,Business Studies,1995,UK,Exam,A*-U,,7.2,15.3,20.7,21.7,16.6,9.3,,,,9.2,81.5,A*-E,26980
A-Level,Business Studies,1994,UK,Exam,A*-U,,6.7,15.0,19.6,21.4,17.7,10.4,,,,9.2,80.3,A*-E,25515
A-Level,Business Studies,1993,UK,Exam,A*-U,,6.0,14.6,18.9,22.1,18.5,10.3,,,,9.6,80.1,A*-E,22678
A-Level,Chemistry,2025,UK,Exam,A*-U,9.5,23.1,23.0,18.3,13.4,8.4,,,,,4.3,95.7,A*-E,63538
A-Level,Chemistry,2024,UK,Exam,A*-U,9.8,22.9,22.8,18.0,13.3,8.8,,,,,4.4,95.6,A*-E,62583
A-Level,Chemistry,2023,UK,Exam,A*-U,9.6,22.6,21.6,17.8,14.4,9.8,,,,,4.1,95.9,A*-E,61284
A-Level,Chemistry,2022,UK,Exam,A*-U,14.3,25.1,20.1,16.8,13.0,8.2,,,,,2.5,97.5,A*-E,58881
A-Level,Chemistry,2021,UK,Exam,A*-U,19.6,29.0,22.1,15.7,8.5,4.4,,,,,0.7,99.3,A*-E,59978
A-Level,Chemistry,2020,UK,Teacher,A*-U,14.8,28.1,24.8,18.9,9.4,3.7,,,,,0.3,99.7,A*-E,56100
A-Level,Chemistry,2020,UK,Exam,A*-U,8.6,22.6,23.6,20.6,14.4,7.5,,,,,2.7,97.3,A*-E,56026
A-Level,Chemistry,2019,UK,Exam,A*-U,7.6,21.5,23.2,19.9,15.0,8.9,,,,,3.9,96.1,A*-E,59090
A-Level,Chemistry,2018,UK,Exam,A*-U,8.4,22.7,23.3,19.9,14.5,7.8,,,,,3.4,96.6,A*-E,54134
A-Level,Chemistry,2017,UK,Exam,A*-U,8.6,23.1,24.1,19.8,14.1,7.3,,,,,3.0,97.0,A*-E,52331
A-Level,Chemistry,2016,UK,Exam,A*-U,8.4,23.5,26.3,18.7,12.9,7.3,,,,,2.7,97.3,A*-E,51811
A-Level,Chemistry,2015,UK,Exam,A*-U,9.4,23.0,26.3,19.5,12.8,6.9,,,,,2.1,97.9,A*-E,52644
A-Level,Chemistry,2014,UK,Exam,A*-U,9.1,23.5,26.4,19.0,12.6,7.1,,,,,2.3,97.7,A*-E,53513
A-Level,Chemistry,2013,UK,Exam,A*-U,8.3,25.3,27.1,18.8,11.9,6.4,,,,,2.2,97.8,A*-E,51818
A-Level,Chemistry,2012,UK,Exam,A*-U,8.8,25.6,26.3,18.4,11.9,6.7,,,,,2.3,97.7,A*-E,49234
A-Level,Chemistry,2011,UK,Exam,A*-U,9.4,24.9,25.2,18.7,12.4,6.9,,,,,2.5,97.5,A*-E,48082
A-Level,Chemistry,2010,UK,Exam,A*-U,9.2,25.4,24.5,18.1,12.3,7.6,,,,,2.9,97.1,A*-E,44501
A-Level,Chemistry,2009,UK,Exam,A*-U,,34.4,24.0,17.8,12.4,7.9,,,,,3.5,96.5,A*-E,42491
A-Level,Chemistry,2008,UK,Exam,A*-U,,33.7,24.5,18.1,12.6,7.6,,,,,3.5,96.5,A*-E,41680
A-Level,Chemistry,2007,UK,Exam,A*-U,,32.4,24.2,18.6,13.2,8.0,,,,,3.6,96.4,A*-E,40285
A-Level,Chemistry,2006,UK,Exam,A*-U,,31.3,24.1,18.8,13.4,8.5,,,,,3.9,96.1,A*-E,40064
A-Level,Chemistry,2005,UK,Exam,A*-U,,29.5,24.6,19.0,13.8,8.7,,,,,4.4,95.6,A*-E,38851
A-Level,Chemistry,2004,UK,Exam,A*-U,,29.9,24.1,19.0,13.8,9.0,,,,,4.2,95.8,A*-E,37254
A-Level,Chemistry,2003,UK,Exam,A*-U,,28.8,23.9,18.9,14.1,9.4,,,,,4.9,95.1,A*-E,36110
A-Level,Chemistry,2002,UK,Exam,A*-U,,28.4,23.1,19.1,14.4,9.7,,,,,5.3,94.7,A*-E,36648
A-Level,Chemistry,2001,UK,Exam,A*-U,,26.7,21.8,18.5,14.2,10.3,5.6,,,,2.9,91.5,A*-E,38602
A-Level,Chemistry,2000,UK,Exam,A*-U,,25.6,22.1,18.5,14.6,10.1,5.8,,,,3.3,90.9,A*-E,40856
A-Level,Chemistry,1999,UK,Exam,A*-U,,24.5,21.6,18.8,14.8,10.6,6.0,,,,3.7,90.3,A*-E,41727
A-Level,Chemistry,1998,UK,Exam,A*-U,,23.0,21.2,18.6,14.7,11.1,6.9,,,,4.5,88.6,A*-E,43030
A-Level,Chemistry,1997,UK,Exam,A*-U,,20.7,21.6,18.3,14.9,12.0,7.4,,,,5.1,87.5,A*-E,42458
A-Level,Chemistry,1996,UK,Exam,A*-U,,19.8,20.9,18.4,15.0,12.0,8.0,,,,5.9,86.1,A*-E,40455
A-Level,Chemistry,1995,UK,Exam,A*-U,,19.3,17.7,16.8,15.6,13.0,9.3,,,,8.3,82.4,A*-E,42293
A-Level,Chemistry,1994,UK,Exam,A*-U,,18.1,18.5,16.3,14.8,13.2,9.5,,,,9.5,81.0,A*-E,41231
A-Level,Chemistry,1993,UK,Exam,A*-U,,16.8,18.3,16.0,15.6,13.2,9.8,,,,10.3,79.9,A*-E,40975
A-Level,Classical Subjects,2025,UK,Exam,A*-U,9.8,24.3,30.8,20.9,10.4,2.8,,,,,0.9,99.1,A*-E,6422
A-Level,Classical Subjects,2024,UK,Exam,A*-U,9.9,23.9,30.7,21.6,9.4,3.4,,,,,1.1,98.9,A*-E,6522
A-Level,Classical Subjects,2023,UK,Exam,A*-U,10.1,24.5,30.6,21.0,9.3,3.4,,,,,1.1,98.9,A*-E,6023
A-Level,Classical Subjects,2022,UK,Exam,A*-U,24.5,27.1,25.3,14.7,5.9,1.9,,,,,0.6,99.4,A*-E,4959
A-Level,Classical Subjects,2021,UK,Exam,A*-U,31.0,29.2,22.5,12.5,3.8,0.7,,,,,0.3,99.7,A*-E,4735
A-Level,Classical Subjects,2020,UK,Teacher,A*-U,21.4,31.4,26.5,15.1,4.4,1.2,,,,,0.0,100.0,A*-E,4777
A-Level,Classical Subjects,2020,UK,Exam,A*-U,16.7,27.7,28.2,18.2,6.8,1.9,,,,,0.5,99.5,A*-E,4777
A-Level,Classical Subjects,2019,UK,Exam,A*-U,9.0,25.0,30.5,22.0,9.9,2.8,,,,,0.8,99.2,A*-E,5148
A-Level,Classical Subjects,2018,UK,Exam,A*-U,9.1,26.2,29.4,21.7,9.2,3.3,,,,,1.1,98.9,A*-E,5657
A-Level,Classical Subjects,2017,UK,Exam,A*-U,9.5,25.4,30.1,21.2,9.9,3.0,,,,,0.9,99.1,A*-E,6430
A-Level,Classical Subjects,2016,UK,Exam,A*-U,8.6,24.1,30.6,22.1,10.3,3.4,,,,,0.9,99.1,A*-E,6581
A-Level,Classical Subjects,2015,UK,Exam,A*-U,10.0,24.8,30.4,20.2,10.1,3.4,,,,,1.1,98.9,A*-E,6633
A-Level,Classical Subjects,2014,UK,Exam,A*-U,10.1,25.9,28.6,20.7,10.1,3.6,,,,,1.0,99.0,A*-E,6615
A-Level,Classical Subjects,2013,UK,Exam,A*-U,10.3,26.0,29.0,20.1,9.7,3.9,,,,,1.0,99.0,A*-E,6443
A-Level,Classical Subjects,2012,UK,Exam,A*-U,10.7,26.4,29.1,19.7,10.2,3.0,,,,,0.9,99.1,A*-E,6635
A-Level,Classical Subjects,2011,UK,Exam,A*-U,10.8,28.2,28.1,19.4,9.6,2.9,,,,,1.0,99.0,A*-E,6175
A-Level,Classical Subjects,2010,UK,Exam,A*-U,9.6,28.6,28.0,19.5,9.6,3.6,,,,,1.1,98.9,A*-E,6296
A-Level,Classical Subjects,2009,UK,Exam,A*-U,,37.7,28.4,20.4,9.2,3.5,,,,,0.8,99.2,A*-E,6294
A-Level,Classical Subjects,2008,UK,Exam,A*-U,,37.2,27.3,21.0,10.0,3.6,,,,,0.9,99.1,A*-E,6104
A-Level,Classical Subjects,2007,UK,Exam,A*-U,,36.5,28.6,19.8,10.5,3.6,,,,,1.0,99.0,A*-E,6185
A-Level,Classical Subjects,2006,UK,Exam,A*-U,,36.8,29.2,19.7,10.2,3.1,,,,,1.0,99.0,A*-E,6186
A-Level,Classical Subjects,2005,UK,Exam,A*-U,,35.8,30.3,19.5,9.6,3.8,,,,,1.0,99.0,A*-E,5967
A-Level,Classical Subjects,2004,UK,Exam,A*-U,,34.1,27.7,21.2,11.8,3.9,,,,,1.3,98.7,A*-E,5789
A-Level,Classical Subjects,2003,UK,Exam,A*-U,,32.1,27.8,21.5,13.0,4.2,,,,,1.4,98.6,A*-E,5900
A-Level,Classical Subjects,2002,UK,Exam,A*-U,,31.2,28.0,22.5,12.1,4.7,,,,,1.5,98.5,A*-E,5400
A-Level,Classical Subjects,2001,UK,Exam,A*-U,,28.1,26.2,20.9,13.8,6.6,2.8,,,,1.6,95.6,A*-E,5256
A-Level,Classical Subjects,2000,UK,Exam,A*-U,,28.7,23.3,21.3,13.6,7.0,3.5,,,,2.6,93.9,A*-E,5654
A-Level,Classical Subjects,1999,UK,Exam,A*-U,,27.1,23.7,20.8,13.5,8.4,2.5,,,,4.0,93.5,A*-E,5917
A-Level,Classical Subjects,1998,UK,Exam,A*-U,,25.9,22.2,19.9,15.4,9.3,4.4,,,,2.9,92.7,A*-E,6610
A-Level,Classical Subjects,1997,UK,Exam,A*-U,,24.7,21.8,20.3,15.9,9.1,4.6,,,,3.6,91.8,A*-E,8451
A-Level,Classical Subjects,1996,UK,Exam,A*-U,,24.9,21.6,20.4,15.9,9.3,4.0,,,,3.9,92.1,A*-E,7345
A-Level,Classical Subjects,1995,UK,Exam,A*-U,,23.8,22.5,21.2,15.3,8.6,4.7,,,,3.9,91.4,A*-E,7783
A-Level,Classical Subjects,1994,UK,Exam,A*-U,,22.2,22.1,21.0,15.4,10.0,5.1,,,,4.2,90.7,A*-E,8277
A-Level,Classical Subjects,1993,UK,Exam,A*-U,,19.9,23.0,22.1,16.0,9.9,4.7,,,,4.4,90.9,A*-E,8431
A-Level,Communication Studies,2019,UK,Exam,A*-U,0.0,100.0,0.0,0.0,0.0,0.0,,,,,0.0,100.0,A*-E,1
A-Level,Communication Studies,2018,UK,Exam,A*-U,2.2,12.0,36.0,36.1,10.5,2.9,,,,,0.3,99.7,A*-E,1162
A-Level,Communication Studies,2017,UK,Exam,A*-U,2.8,10.9,36.4,35.4,11.4,2.6,,,,,0.5,99.5,A*-E,1537
A-Level,Communication Studies,2016,UK,Exam,A*-U,2.0,10.3,34.4,35.8,15.0,2.2,,,,,0.7,99.3,A*-E,1851
A-Level,Communication Studies,2015,UK,Exam,A*-U,3.3,13.2,35.4,34.1,11.5,2.1,,,,,0.4,99.6,A*-E,1845
A-Level,Communication Studies,2014,UK,Exam,A*-U,2.8,13.5,33.4,33.0,14.4,2.3,,,,,0.6,99.4,A*-E,1741
A-Level,Communication Studies,2013,UK,Exam,A*-U,2.9,12.9,31.5,33.3,15.3,3.1,,,,,1.0,99.0,A*-E,1767
A-Level,Communication Studies,2012,UK,Exam,A*-U,5.4,12.1,33.2,31.3,15.2,2.4,,,,,0.4,99.6,A*-E,2118
A-Level,Communication Studies,2011,UK,Exam,A*-U,5.5,13.8,30.7,29.8,15.4,3.7,,,,,1.1,98.9,A*-E,2032
A-Level,Communication Studies,2010,UK,Exam,A*-U,6.5,13.4,29.6,29.3,17.0,3.5,,,,,0.7,99.3,A*-E,2081
A-Level,Communication Studies,2009,UK,Exam,A*-U,,22.0,30.4,29.5,12.6,4.0,,,,,1.5,98.5,A*-E,2168
A-Level,Communication Studies,2008,UK,Exam,A*-U,,22.5,27.7,29.2,15.6,4.5,,,,,0.5,99.5,A*-E,2063
A-Level,Communication Studies,2007,UK,Exam,A*-U,,24.4,27.8,26.4,14.9,5.1,,,,,1.4,98.6,A*-E,2144
A-Level,Communication Studies,2006,UK,Exam,A*-U,,22.3,27.0,26.4,16.9,6.2,,,,,1.2,98.8,A*-E,2114
A-Level,Communication Studies,2005,UK,Exam,A*-U,,21.9,26.9,26.4,17.8,5.7,,,,,1.3,98.7,A*-E,2177
A-Level,Communication Studies,2004,UK,Exam,A*-U,,19.7,24.2,27.7,18.6,7.9,,,,,1.9,98.1,A*-E,2310
A-Level,Communication Studies,2003,UK,Exam,A*-U,,16.8,25.1,25.9,19.4,10.2,,,,,2.6,97.4,A*-E,2356
A-Level,Communication Studies,2002,UK,Exam,A*-U,,14.8,21.3,26.2,22.0,11.6,,,,,4.1,95.9,A*-E,2593
A-Level,Communication Studies,2001,UK,Exam,A*-U,,12.8,17.0,18.9,18.1,15.7,9.9,,,,7.6,82.5,A*-E,3503
A-Level,Communication Studies,2000,UK,Exam,A*-U,,11.3,18.6,16.7,17.1,15.5,10.1,,,,10.7,79.2,A*-E,3797
A-Level,Communication Studies,1999,UK,Exam,A*-U,,11.0,17.9,16.8,18.5,16.0,9.8,,,,10.0,80.2,A*-E,4093
A-Level,Communication Studies,1998,UK,Exam,A*-U,,12.2,19.1,16.4,17.0,14.7,9.8,,,,10.8,79.4,A*-E,4911
A-Level,Communication Studies,1997,UK,Exam,A*-U,,12.2,18.6,17.7,17.1,14.8,9.3,,,,10.3,80.4,A*-E,4783
A-Level,Communication Studies,1996,UK,Exam,A*-U,,11.5,16.2,17.0,17.0,16.0,11.4,,,,11.9,77.7,A*-E,5077
A-Level,Communication Studies,1995,UK,Exam,A*-U,,11.7,18.0,17.6,18.0,14.8,9.7,,,,10.2,80.1,A*-E,5072
A-Level,Computing,2025,UK,Exam,A*-U,5.9,19.2,23.7,21.3,16.4,9.2,,,,,4.3,95.7,A*-E,19796
A-Level,Computing,2024,UK,Exam,A*-U,5.8,18.2,21.9,21.2,17.6,10.4,,,,,4.9,95.1,A*-E,20370
A-Level,Computing,2023,UK,Exam,A*-U,5.3,16.9,22.3,21.3,17.6,11.5,,,,,5.2,94.8,A*-E,18306
A-Level,Computing,2022,UK,Exam,A*-U,14.5,20.9,22.5,18.6,14.2,6.8,,,,,2.5,97.5,A*-E,15693
A-Level,Computing,2021,UK,Exam,A*-U,19.9,24.6,24.1,18.6,8.7,3.6,,,,,0.5,99.5,A*-E,13829
A-Level,Computing,2020,UK,Teacher,A*-U,13.7,22.9,25.5,22.6,11.4,3.5,,,,,0.4,99.6,A*-E,12428
A-Level,Computing,2020,UK,Exam,A*-U,8.0,19.0,22.9,22.7,16.6,8.1,,,,,2.7,97.3,A*-E,12426
A-Level,Computing,2019,UK,Exam,A*-U,3.4,14.5,22.4,23.0,20.1,11.3,,,,,5.3,94.7,A*-E,11124
A-Level,Computing,2018,UK,Exam,A*-U,3.3,14.9,21.1,23.2,20.3,12.2,,,,,5.0,95.0,A*-E,10286
A-Level,Computing,2017,UK,Exam,A*-U,3.0,13.9,20.7,23.6,21.1,12.3,,,,,5.4,94.6,A*-E,8299
A-Level,Computing,2016,UK,Exam,A*-U,2.7,13.7,22.5,23.2,21.0,12.7,,,,,4.2,95.8,A*-E,6242
A-Level,Computing,2015,UK,Exam,A*-U,2.9,12.8,20.7,23.6,21.9,13.5,,,,,4.6,95.4,A*-E,5383
A-Level,Computing,2014,UK,Exam,A*-U,2.8,13.1,20.9,24.5,21.1,13.1,,,,,4.5,95.5,A*-E,4171
A-Level,Computing,2013,UK,Exam,A*-U,3.3,12.5,21.0,24.3,20.9,13.4,,,,,4.6,95.4,A*-E,3758
A-Level,Computing,2012,UK,Exam,A*-U,3.4,12.2,20.9,24.3,22.2,12.4,,,,,4.6,95.4,A*-E,3809
A-Level,Computing,2011,UK,Exam,A*-U,3.7,12.8,21.6,24.5,19.7,12.7,,,,,5.0,95.0,A*-E,4002
A-Level,Computing,2010,UK,Exam,A*-U,3.5,12.8,20.6,24.4,21.3,12.6,,,,,4.8,95.2,A*-E,4065
A-Level,Computing,2009,UK,Exam,A*-U,,15.7,20.9,23.3,20.8,13.6,,,,,5.7,94.3,A*-E,4710
A-Level,Computing,2008,UK,Exam,A*-U,,16.1,20.5,22.4,21.9,13.9,,,,,5.2,94.8,A*-E,5068
A-Level,Computing,2007,UK,Exam,A*-U,,15.6,20.1,23.0,21.1,14.9,,,,,5.3,94.7,A*-E,5610
A-Level,Computing,2006,UK,Exam,A*-U,,15.0,20.0,22.8,21.8,14.7,,,,,5.7,94.3,A*-E,6233
A-Level,Computing,2005,UK,Exam,A*-U,,14.2,19.1,22.9,21.8,15.2,,,,,6.8,93.2,A*-E,7242
A-Level,Computing,2004,UK,Exam,A*-U,,13.9,19.4,22.3,21.7,15.3,,,,,7.4,92.6,A*-E,8488
A-Level,Computing,2003,UK,Exam,A*-U,,12.6,18.6,22.3,21.5,16.2,,,,,8.8,91.2,A*-E,10146
A-Level,Computing (including Information Technology subjects),2003,UK,Exam,A*-U,,8.6,16.3,23.3,24.6,18.4,,,,,8.8,91.2,A*-E,28175
A-Level,Computing (including Information Technology subjects),2002,UK,Exam,A*-U,,8.5,15.1,21.5,24.4,19.6,,,,,10.9,89.1,A*-E,26780
A-Level,Computing (including Information Technology subjects),2001,UK,Exam,A*-U,,8.5,14.7,21.9,23.1,17.0,9.0,,,,5.8,85.2,A*-E,21744
A-Level,Computing (including Information Technology subjects),2000,UK,Exam,A*-U,,8.4,14.3,21.0,23.0,17.4,9.3,,,,6.6,84.1,A*-E,19099
A-Level,Computing (including Information Technology subjects),1999,UK,Exam,A*-U,,8.7,13.6,20.3,22.0,17.6,9.8,,,,8.0,82.2,A*-E,17145
A-Level,Computing (including Information Technology subjects),1998,UK,Exam,A*-U,,8.3,13.7,20.8,20.5,17.3,10.6,,,,8.8,80.6,A*-E,14643
A-Level,Computing (including Information Technology subjects),1997,UK,Exam,A*-U,,9.7,12.9,18.0,19.8,17.2,11.2,,,,11.2,77.6,A*-E,12149
A-Level,Computing (including Information Technology subjects),1996,UK,Exam,A*-U,,10.5,12.9,18.1,19.4,16.9,11.2,,,,11.0,77.8,A*-E,10697
A-Level,Computing (including Information Technology subjects),1995,UK,Exam,A*-U,,10.8,12.6,17.6,19.3,17.9,11.9,,,,9.9,78.2,A*-E,10196
A-Level,Computing (including Information Technology subjects),1994,UK,Exam,A*-U,,10.5,12.5,17.0,19.6,17.6,11.9,,,,10.9,77.2,A*-E,9586
A-Level,Computing (including Information Technology subjects),1993,UK,Exam,A*-U,,9.5,13.1,16.6,19.9,18.5,12.4,,,,10.0,77.6,A*-E,9703
A-Level,Critical Thinking,2019,UK,Exam,A*-U,0.0,0.0,33.3,0.0,0.0,0.0,,,,,66.7,33.3,A*-E,3
A-Level,Critical Thinking,2018,UK,Exam,A*-U,3.8,19.3,26.9,7.7,15.4,3.8,,,,,23.1,76.9,A*-E,26
A-Level,Critical Thinking,2017,UK,Exam,A*-U,6.7,8.9,24.4,15.6,20.0,11.1,,,,,13.3,86.7,A*-E,45
A-Level,Critical Thinking,2016,UK,Exam,A*-U,5.1,7.7,23.9,24.8,22.2,9.4,,,,,6.8,93.2,A*-E,117
A-Level,Critical Thinking,2015,UK,Exam,A*-U,1.7,14.0,20.3,26.3,16.1,15.7,,,,,5.9,94.1,A*-E,236
A-Level,Critical Thinking,2014,UK,Exam,A*-U,2.1,10.9,22.7,28.6,20.8,10.7,,,,,4.2,95.8,A*-E,529
A-Level,Critical Thinking,2013,UK,Exam,A*-U,2.6,10.5,25.4,27.7,20.9,9.8,,,,,3.1,96.9,A*-E,990
A-Level,Critical Thinking,2012,UK,Exam,A*-U,2.3,10.1,23.3,28.6,21.9,9.4,,,,,4.4,95.6,A*-E,1117
A-Level,Critical Thinking,2011,UK,Exam,A*-U,2.7,11.5,21.1,28.2,22.1,10.4,,,,,4.0,96.0,A*-E,1721
A-Level,Critical Thinking,2010,UK,Exam,A*-U,3.6,9.6,21.6,28.4,22.2,10.5,,,,,4.1,95.9,A*-E,2082
A-Level,Critical Thinking,2009,UK,Exam,A*-U,,12.7,22.1,25.9,22.1,12.8,,,,,4.4,95.6,A*-E,2491
A-Level,Critical Thinking,2008,UK,Exam,A*-U,,11.7,21.2,27.0,20.5,11.7,,,,,7.9,92.1,A*-E,2529
A-Level,Critical Thinking,2007,UK,Exam,A*-U,,10.6,19.2,25.5,23.4,14.5,,,,,6.8,93.2,A*-E,2008
A-Level,Critical Thinking,2006,UK,Exam,A*-U,,10.8,18.9,20.6,20.4,17.0,,,,,12.3,87.7,A*-E,2007
A-Level,Digital Technology,2025,UK,Exam,A*-U,10.6,14.4,24.9,26.4,14.8,6.0,,,,,2.8,97.2,A*-E,959
A-Level,Digital Technology,2024,UK,Exam,A*-U,5.2,12.1,26.0,25.9,17.1,9.0,,,,,4.7,95.3,A*-E,1038
A-Level,Drama,2025,UK,Exam,A*-U,5.9,16.8,39.0,27.4,8.7,1.7,,,,,0.5,99.5,A*-E,8038
A-Level,Drama,2024,UK,Exam,A*-U,5.9,16.4,37.5,26.9,10.0,2.8,,,,,0.5,99.5,A*-E,8654
A-Level,Drama,2023,UK,Exam,A*-U,15.1,24.1,32.7,19.2,6.7,1.8,,,,,0.5,99.5,A*-E,9953
A-Level,Drama,2022,UK,Exam,A*-U,15.1,24.1,32.7,19.1,6.8,1.7,,,,,0.5,99.5,A*-E,9953
A-Level,Drama,2021,UK,Exam,A*-U,20.4,28.4,29.6,16.6,4.1,0.8,,,,,0.1,99.9,A*-E,9645
A-Level,Drama,2020,UK,Teacher,A*-U,12.5,27.3,34.2,20.6,4.5,0.8,,,,,0.1,99.9,A*-E,9590
A-Level,Drama,2020,UK,Exam,A*-U,8.2,19.7,33.3,26.3,9.8,2.4,,,,,0.3,99.7,A*-E,9587
A-Level,Drama,2019,UK,Exam,A*-U,4.3,14.2,33.1,30.1,13.9,3.7,,,,,0.7,99.3,A*-E,10207
A-Level,Drama,2018,UK,Exam,A*-U,4.5,13.9,33.2,28.7,14.8,4.2,,,,,0.7,99.3,A*-E,11239
A-Level,Drama,2017,UK,Exam,A*-U,4.0,12.8,31.3,31.0,16.2,4.2,,,,,0.5,99.5,A*-E,11914
A-Level,Drama,2016,UK,Exam,A*-U,4.0,12.2,30.5,31.2,17.3,4.3,,,,,0.5,99.5,A*-E,12373
A-Level,Drama,2015,UK,Exam,A*-U,4.2,11.8,31.2,30.6,17.0,4.5,,,,,0.7,99.3,A*-E,13226
A-Level,Drama,2014,UK,Exam,A*-U,3.9,11.6,31.2,31.8,16.6,4.4,,,,,0.5,99.5,A*-E,13080
A-Level,Drama,2013,UK,Exam,A*-U,3.9,12.3,31.5,31.4,16.5,3.9,,,,,0.5,99.5,A*-E,13864
A-Level,Drama,2012,UK,Exam,A*-U,3.7,13.0,30.8,31.5,16.2,4.2,,,,,0.6,99.4,A*-E,15139
A-Level,Drama,2011,UK,Exam,A*-U,3.6,14.5,30.9,30.5,15.9,3.9,,,,,0.7,99.3,A*-E,16059
A-Level,Drama,2010,UK,Exam,A*-U,5.6,13.8,29.3,29.6,16.0,4.8,,,,,0.9,99.1,A*-E,16598
A-Level,Drama,2009,UK,Exam,A*-U,,19.8,32.8,29.4,14.3,3.2,,,,,0.5,99.5,A*-E,16925
A-Level,Drama,2008,UK,Exam,A*-U,,21.1,31.8,29.6,13.5,3.4,,,,,0.6,99.4,A*-E,16722
A-Level,Drama,2007,UK,Exam,A*-U,,20.6,31.3,28.9,14.7,3.9,,,,,0.6,99.4,A*-E,16322
A-Level,Drama,2006,UK,Exam,A*-U,,19.5,31.2,29.9,14.6,3.9,,,,,0.9,99.1,A*-E,16448
A-Level,Economics,2025,UK,Exam,A*-U,7.5,22.1,31.0,21.8,11.2,4.6,,,,,1.7,98.3,A*-E,42667
A-Level,Economics,2024,UK,Exam,A*-U,7.6,22.6,29.1,22.0,11.8,5.0,,,,,1.9,98.1,A*-E,40451
A-Level,Economics,2023,UK,Exam,A*-U,7.5,21.8,28.9,22.1,12.5,5.3,,,,,2.0,98.0,A*-E,39141
A-Level,Economics,2022,UK,Exam,A*-U,13.6,24.7,28.5,19.2,9.3,3.5,,,,,1.2,98.8,A*-E,36483
A-Level,Economics,2021,UK,Exam,A*-U,18.6,28.1,26.5,17.2,6.7,2.5,,,,,0.4,99.6,A*-E,33546
A-Level,Economics,2020,UK,Teacher,A*-U,13.6,27.6,29.0,20.5,7.2,1.9,,,,,0.2,99.8,A*-E,31391
A-Level,Economics,2020,UK,Exam,A*-U,7.4,23.1,29.3,23.3,11.8,3.9,,,,,1.2,98.8,A*-E,31318
A-Level,Economics,2019,UK,Exam,A*-U,6.7,22.2,28.8,23.0,12.9,4.7,,,,,1.7,98.3,A*-E,30841
A-Level,Economics,2018,UK,Exam,A*-U,7.3,23.0,29.4,22.2,12.0,4.4,,,,,1.7,98.3,A*-E,30810
A-Level,Economics,2017,UK,Exam,A*-U,7.2,23.8,29.4,22.8,11.4,3.9,,,,,1.5,98.5,A*-E,30074
A-Level,Economics,2016,UK,Exam,A*-U,7.2,22.9,30.3,21.7,11.4,4.7,,,,,1.8,98.2,A*-E,29385
A-Level,Economics,2015,UK,Exam,A*-U,7.9,22.7,29.4,21.6,11.7,4.9,,,,,1.8,98.2,A*-E,27575
A-Level,Economics,2014,UK,Exam,A*-U,8.5,23.1,28.3,21.5,11.9,5.1,,,,,1.6,98.4,A*-E,26612
A-Level,Economics,2013,UK,Exam,A*-U,7.0,25.2,29.4,21.5,11.2,4.6,,,,,1.1,98.9,A*-E,26139
A-Level,Economics,2012,UK,Exam,A*-U,7.8,26.1,28.9,20.1,11.2,4.5,,,,,1.4,98.6,A*-E,24327
A-Level,Economics,2011,UK,Exam,A*-U,8.6,26.6,28.1,20.3,10.7,4.2,,,,,1.5,98.5,A*-E,23843
A-Level,Economics,2010,UK,Exam,A*-U,8.8,27.9,27.8,19.5,10.5,4.3,,,,,1.2,98.8,A*-E,22875
A-Level,Economics,2009,UK,Exam,A*-U,,36.1,27.3,19.7,11.2,4.5,,,,,1.2,98.8,A*-E,20987
A-Level,Economics,2008,UK,Exam,A*-U,,35.1,27.2,20.1,11.8,4.5,,,,,1.3,98.7,A*-E,18540
A-Level,Economics,2007,UK,Exam,A*-U,,33.2,26.9,20.7,12.6,5.2,,,,,1.4,98.6,A*-E,17438
A-Level,Economics,2006,UK,Exam,A*-U,,32.4,26.4,21.1,12.9,5.5,,,,,1.7,98.3,A*-E,17455
A-Level,Economics,2005,UK,Exam,A*-U,,31.0,27.0,20.7,13.4,5.9,,,,,2.0,98.0,A*-E,17625
A-Level,Economics,2004,UK,Exam,A*-U,,30.2,26.6,21.6,13.4,6.0,,,,,2.2,97.8,A*-E,17762
A-Level,Economics,2003,UK,Exam,A*-U,,28.6,26.1,21.7,14.4,6.7,,,,,2.5,77.5,A*-E,17816
A-Level,Economics,2002,UK,Exam,A*-U,,25.3,24.1,22.1,16.0,8.7,,,,,3.8,96.2,A*-E,17015
A-Level,Economics,2001,UK,Exam,A*-U,,22.7,19.6,19.7,16.9,11.4,6.0,,,,3.7,90.3,A*-E,16101
A-Level,Economics,2000,UK,Exam,A*-U,,22.1,19.0,18.6,17.2,11.9,6.6,,,,4.6,88.8,A*-E,17113
A-Level,Economics,1999,UK,Exam,A*-U,,19.3,18.7,19.4,17.2,13.1,7.7,,,,5.2,87.7,A*-E,18377
A-Level,Economics,1998,UK,Exam,A*-U,,18.0,18.1,19.2,17.1,12.7,8.0,,,,6.9,85.1,A*-E,18670
A-Level,Economics,1997,UK,Exam,A*-U,,16.5,17.3,18.7,18.0,13.3,8.1,,,,8.1,83.8,A*-E,20873
A-Level,Economics,1996,UK,Exam,A*-U,,15.0,16.1,18.1,17.7,14.8,9.4,,,,8.9,81.7,A*-E,24580
A-Level,Economics,1995,UK,Exam,A*-U,,14.4,15.6,16.7,16.8,15.0,10.8,,,,10.7,78.5,A*-E,26600
A-Level,Economics,1994,UK,Exam,A*-U,,13.7,15.3,16.6,17.4,15.6,10.7,,,,10.7,78.5,A*-E,31109
A-Level,Economics,1993,UK,Exam,A*-U,,11.8,14.7,15.3,17.2,16.3,11.8,,,,12.9,75.3,A*-E,36428
A-Level,English Language,2025,UK,Exam,A*-U,2.4,10.4,31.6,34.1,17.0,3.7,,,,,0.8,99.2,A*-E,12734
A-Level,English Language,2024,UK,Exam,A*-U,2.3,9.3,30.6,34.2,17.9,4.7,,,,,1.0,99.0,A*-E,13260
A-Level,English Language,2023,UK,Exam,A*-U,2.5,9.8,31.8,35.0,16.6,3.6,,,,,0.8,99.2,A*-E,13394
A-Level,English Language,2022,UK,Exam,A*-U,6.2,16.3,35.1,28.0,11.3,2.5,,,,,0.6,99.4,A*-E,14476
A-Level,English Language,2021,UK,Exam,A*-U,7.8,19.7,32.8,27.5,9.4,2.5,,,,,0.3,99.7,A*-E,14534
A-Level,English Language,2020,UK,Teacher,A*-U,5.1,16.7,32.9,32.5,11.0,1.7,,,,,0.1,99.9,A*-E,15053
A-Level,English Language,2020,UK,Exam,A*-U,1.9,9.5,28.3,37.1,18.6,4.1,,,,,0.5,99.5,A*-E,15052
A-Level,English Language,2019,UK,Exam,A*-U,1.8,9.5,31.0,36.3,17.4,3.3,,,,,0.7,99.3,A*-E,14114
A-Level,English Language,2018,UK,Exam,A*-U,1.8,9.2,27.4,36.3,19.9,4.5,,,,,0.9,99.1,A*-E,18049
A-Level,English Language,2017,UK,Exam,A*-U,1.6,8.9,27.0,36.7,20.2,4.7,,,,,0.9,99.1,A*-E,21178
A-Level,English Language,2016,UK,Exam,A*-U,1.5,9.3,29.3,38.7,17.9,3.0,,,,,0.5,99.5,A*-E,23575
A-Level,English Literature,2025,UK,Exam,A*-U,9.2,15.4,30.9,26.4,13.6,3.8,,,,,0.7,99.3,A*-E,37931
A-Level,English Literature,2024,UK,Exam,A*-U,9.7,15.5,31.9,25.9,12.6,3.6,,,,,0.8,99.2,A*-E,39673
A-Level,English Literature,2023,UK,Exam,A*-U,10.0,15.9,32.0,25.3,12.4,3.6,,,,,0.8,99.2,A*-E,36743
A-Level,English Literature,2022,UK,Exam,A*-U,16.1,20.6,30.5,21.0,8.9,2.2,,,,,0.7,99.3,A*-E,35791
A-Level,English Literature,2021,UK,Exam,A*-U,19.6,24.4,28.1,19.6,6.4,1.7,,,,,0.2,99.8,A*-E,39492
A-Level,English Literature,2020,UK,Teacher,A*-U,14.9,22.8,30.4,23.1,7.5,1.2,,,,,0.1,99.9,A*-E,41280
A-Level,English Literature,2020,UK,Exam,A*-U,9.2,16.2,29.8,27.1,14.0,3.3,,,,,0.4,99.6,A*-E,41367
A-Level,English Literature,2019,UK,Exam,A*-U,8.6,15.5,28.9,27.2,15.2,3.9,,,,,0.7,99.3,A*-E,40824
A-Level,English Literature,2018,UK,Exam,A*-U,8.6,15.2,28.9,27.2,15.3,4.0,,,,,0.8,99.2,A*-E,44290
A-Level,English Literature,2017,UK,Exam,A*-U,8.7,15.6,28.7,27.5,14.9,3.8,,,,,0.8,99.2,A*-E,46411
A-Level,English Literature,2016,UK,Exam,A*-U,8.4,16.4,29.6,28.5,14.1,2.6,,,,,0.4,99.5,A*-E,48697
A-Level,English Language & Literature,2025,UK,Exam,A*-U,4.0,11.0,31.9,32.9,16.1,3.6,,,,,0.5,99.5,A*-E,7274
A-Level,English Language & Literature,2024,UK,Exam,A*-U,4.2,10.3,29.5,32.4,18.1,4.3,,,,,1.2,98.8,A*-E,7773
A-Level,English Language & Literature,2023,UK,Exam,A*-U,4.4,10.7,30.6,33.2,16.4,4.0,,,,,0.8,99.2,A*-E,7352
A-Level,English Language & Literature,2022,UK,Exam,A*-U,8.8,16.2,34.3,26.7,10.3,2.8,,,,,0.9,99.1,A*-E,7507
A-Level,English Language & Literature,2021,UK,Exam,A*-U,11.1,20.2,31.5,25.5,9.2,2.1,,,,,0.4,99.6,A*-E,7969
A-Level,English Language & Literature,2020,UK,Teacher,A*-U,6.8,17.4,32.7,30.4,10.6,1.9,,,,,0.2,99.8,A*-E,7879
A-Level,English Language & Literature,2020,UK,Exam,A*-U,3.4,10.8,29.2,34.2,17.8,4.1,,,,,0.5,99.5,A*-E,7877
A-Level,English Language & Literature,2019,UK,Exam,A*-U,2.9,9.4,28.5,34.8,19.5,4.1,,,,,0.8,99.2,A*-E,8197
A-Level,English Language & Literature,2018,UK,Exam,A*-U,2.9,9.6,26.5,33.9,21.0,5.1,,,,,1.0,99.0,A*-E,9676
A-Level,English Language & Literature,2017,UK,Exam,A*-U,2.9,9.3,27.7,34.8,20.0,4.5,,,,,0.8,99.2,A*-E,11058
A-Level,English Language & Literature,2016,UK,Exam,A*-U,2.8,9.7,27.7,36.0,19.9,3.4,,,,,0.5,99.5,A*-E,12438
A-Level,English,2016,UK,Exam,A*-U,5.7,13.4,29.2,32.5,16.0,2.8,,,,,0.4,99.6,A*-E,84710
A-Level,English,2015,UK,Exam,A*-U,6.0,13.4,29.1,32.3,15.8,3.0,,,,,0.4,99.6,A*-E,89499
A-Level,English,2014,UK,Exam,A*-U,6.2,13.8,27.9,31.4,16.7,3.5,,,,,0.5,99.5,A*-E,85336
A-Level,English,2013,UK,Exam,A*-U,6.2,14.5,27.9,30.8,16.4,3.7,,,,,0.5,99.5,A*-E,89442
A-Level,English,2012,UK,Exam,A*-U,6.8,14.4,26.9,29.9,17.2,4.2,,,,,0.6,99.4,A*-E,89638
A-Level,English,2011,UK,Exam,A*-U,7.1,15.2,27.1,29.2,16.6,4.2,,,,,0.6,99.4,A*-E,89980
A-Level,English,2010,UK,Exam,A*-U,7.4,15.7,26.6,27.9,17.0,4.6,,,,,0.8,99.2,A*-E,89320
A-Level,English,2009,UK,Exam,A*-U,,23.0,27.1,28.4,16.4,4.4,,,,,0.7,99.3,A*-E,91815
A-Level,English,2008,UK,Exam,A*-U,,22.8,26.7,27.7,16.8,5.1,,,,,0.9,99.1,A*-E,89111
A-Level,English,2007,UK,Exam,A*-U,,23.2,26.0,27.3,17.2,5.3,,,,,1.0,99.0,A*-E,85275
A-Level,English,2006,UK,Exam,A*-U,,21.9,25.3,27.4,18.2,6.0,,,,,1.2,98.8,A*-E,86640
A-Level,English,2005,UK,Exam,A*-U,,20.7,24.5,27.4,19.1,6.9,,,,,1.4,98.6,A*-E,85858
A-Level,English,2004,UK,Exam,A*-U,,20.6,23.7,27.1,19.6,7.4,,,,,1.6,98.4,A*-E,81649
A-Level,English,2003,UK,Exam,A*-U,,20.0,24.5,27.3,19.5,7.1,,,,,1.6,98.4,A*-E,78476
A-Level,English,2002,UK,Exam,A*-U,,18.9,24.3,27.2,19.9,7.8,,,,,1.9,98.1,A*-E,72196
A-Level,English,2001,UK,Exam,A*-U,,16.5,19.8,24.5,20.9,12.1,4.5,,,,1.7,93.8,A*-E,76808
A-Level,English,2000,UK,Exam,A*-U,,15.6,19.5,24.0,21.1,12.8,4.9,,,,2.1,93.0,A*-E,86428
A-Level,English,1999,UK,Exam,A*-U,,15.2,19.2,23.8,21.1,13.4,5.2,,,,2.1,92.7,A*-E,90340
A-Level,English,1998,UK,Exam,A*-U,,14.9,19.1,22.9,21.3,13.7,5.6,,,,2.5,91.9,A*-E,94099
A-Level,English,1997,UK,Exam,A*-U,,14.3,18.9,22.7,21.6,14.5,5.6,,,,2.4,92.0,A*-E,93546
A-Level,English,1996,UK,Exam,A*-U,,14.5,19.4,21.8,21.1,14.3,6.2,,,,2.7,91.1,A*-E,86627
A-Level,English,1995,UK,Exam,A*-U,,14.1,19.0,21.8,20.4,14.7,6.5,,,,3.5,90.0,A*-E,86467
A-Level,English,1994,UK,Exam,A*-U,,13.5,19.0,21.6,20.8,14.6,6.8,,,,3.6,89.5,A*-E,88214
A-Level,English,1993,UK,Exam,A*-U,,12.9,18.1,20.3,20.9,15.3,7.5,,,,4.9,87.5,A*-E,89238
A-Level,Expressive Arts,2006,UK,Exam,A*-U,,18.2,30.2,30.3,15.8,4.6,,,,,0.9,99.1,A*-E,18672
A-Level,Expressive Arts,2005,UK,Exam,A*-U,,16.5,30.0,30.8,16.3,5.4,,,,,1.0,99.0,A*-E,18310
A-Level,Expressive Arts,2004,UK,Exam,A*-U,,14.9,28.5,32.2,17.4,5.8,,,,,1.2,98.8,A*-E,17831
A-Level,Expressive Arts,2003,UK,Exam,A*-U,,13.9,27.4,32.3,18.7,6.3,,,,,1.4,98.6,A*-E,17221
A-Level,Expressive Arts,2002,UK,Exam,A*-U,,15.3,26.9,30.3,18.1,7.1,,,,,2.3,97.7,A*-E,15059
A-Level,Expressive Arts,2001,UK,Exam,A*-U,,13.0,18.9,27.8,21.0,11.8,4.8,,,,2.7,92.5,A*-E,11442
A-Level,Expressive Arts,2000,UK,Exam,A*-U,,11.4,18.9,26.5,22.4,12.1,5.5,,,,3.2,91.3,A*-E,11401
A-Level,Expressive Arts,1999,UK,Exam,A*-U,,12.0,18.1,25.9,21.6,13.0,5.9,,,,3.5,90.6,A*-E,11405
A-Level,Expressive Arts,1998,UK,Exam,A*-U,,10.6,16.5,25.1,22.9,13.3,6.7,,,,4.9,88.4,A*-E,11403
A-Level,Expressive Arts,1997,UK,Exam,A*-U,,10.2,16.7,23.9,21.7,15.2,7.2,,,,5.1,87.7,A*-E,10652
A-Level,Expressive Arts,1996,UK,Exam,A*-U,,10.1,16.8,22.9,20.6,15.6,8.5,,,,5.5,86.0,A*-E,9819
A-Level,Expressive Arts,1995,UK,Exam,A*-U,,11.7,16.4,19.4,19.9,16.1,9.3,,,,7.2,83.5,A*-E,8984
A-Level,Environmental Science,2025,UK,Exam,A*-U,4.4,9.6,21.4,27.5,21.0,11.1,,,,,5.0,95.0,A*-E,2392
A-Level,Environmental Science,2024,UK,Exam,A*-U,4.5,10.6,22.9,24.5,21.1,11.0,,,,,5.4,94.6,A*-E,2132
A-Level,French,2025,UK,Exam,A*-U,11.6,27.5,27.9,18.2,10.0,3.6,,,,,1.3,98.7,A*-E,6858
A-Level,French,2024,UK,Exam,A*-U,12.1,27.2,29.5,18.0,8.6,3.3,,,,,1.3,98.7,A*-E,7544
A-Level,French,2023,UK,Exam,A*-U,11.3,27.4,28.2,17.8,10.2,3.8,,,,,1.3,98.7,A*-E,7063
A-Level,French,2022,UK,Exam,A*-U,20.4,30.5,23.6,14.7,7.5,2.6,,,,,0.7,99.3,A*-E,7929
A-Level,French,2021,UK,Exam,A*-U,26.7,33.6,22.9,11.8,3.8,1.0,,,,,0.2,99.8,A*-E,8383
A-Level,French,2020,UK,Teacher,A*-U,20.4,34.0,25.0,14.7,4.8,1.0,,,,,0.1,99.9,A*-E,8263
A-Level,French,2020,UK,Exam,A*-U,15.2,30.7,26.8,17.0,7.3,2.5,,,,,0.5,99.5,A*-E,8260
A-Level,French,2019,UK,Exam,A*-U,10.0,26.8,30.5,18.2,9.5,3.9,,,,,1.1,98.9,A*-E,8355
A-Level,French,2018,UK,Exam,A*-U,10.0,28.6,27.2,19.3,10.0,3.9,,,,,1.0,99.0,A*-E,8713
A-Level,French,2017,UK,Exam,A*-U,10.3,28.7,26.9,18.6,10.7,3.8,,,,,1.0,99.0,A*-E,9468
A-Level,French,2016,UK,Exam,A*-U,8.8,28.5,28.1,18.9,10.5,4.2,,,,,0.9,99.1,A*-E,9672
A-Level,French,2015,UK,Exam,A*-U,8.1,29.2,29.5,19.0,10.0,3.4,,,,,0.8,99.2,A*-E,10328
A-Level,French,2014,UK,Exam,A*-U,6.6,31.0,29.5,19.2,9.7,3.3,,,,,0.7,99.3,A*-E,10433
A-Level,French,2013,UK,Exam,A*-U,6.5,32.0,30.3,17.9,9.1,3.4,,,,,0.8,99.2,A*-E,11272
A-Level,French,2012,UK,Exam,A*-U,6.8,32.6,29.4,18.5,8.8,3.1,,,,,0.8,99.2,A*-E,12511
A-Level,French,2011,UK,Exam,A*-U,7.7,32.4,29.3,18.0,8.7,3.0,,,,,0.9,99.1,A*-E,13196
A-Level,French,2010,UK,Exam,A*-U,7.7,31.4,28.5,18.2,9.6,3.7,,,,,0.9,99.1,A*-E,13850
A-Level,French,2009,UK,Exam,A*-U,,38.6,27.6,18.3,10.5,4.1,,,,,0.9,99.1,A*-E,14333
A-Level,French,2008,UK,Exam,A*-U,,37.3,27.7,18.9,10.6,4.3,,,,,1.2,98.8,A*-E,14885
A-Level,French,2007,UK,Exam,A*-U,,36.3,28.0,18.2,11.6,4.6,,,,,1.3,98.7,A*-E,14477
A-Level,French,2006,UK,Exam,A*-U,,34.7,27.4,19.5,11.8,5.3,,,,,1.3,98.7,A*-E,14650
A-Level,French,2005,UK,Exam,A*-U,,32.9,27.5,20.0,12.4,5.6,,,,,1.6,98.4,A*-E,14484
A-Level,French,2004,UK,Exam,A*-U,,33.4,26.8,19.8,12.6,5.8,,,,,1.6,98.4,A*-E,15149
A-Level,French,2003,UK,Exam,A*-U,,31.4,26.4,20.0,13.3,6.6,,,,,2.3,97.7,A*-E,15531
A-Level,French,2002,UK,Exam,A*-U,,29.3,25.2,20.9,13.8,7.7,,,,,3.1,96.9,A*-E,15614
A-Level,French,2001,UK,Exam,A*-U,,24.7,20.5,19.4,16.0,11.2,5.5,,,,2.7,91.8,A*-E,17939
A-Level,French,2000,UK,Exam,A*-U,,23.5,21.5,20.1,16.3,10.5,5.6,,,,2.5,91.9,A*-E,18221
A-Level,French,1999,UK,Exam,A*-U,,23.2,20.4,20.1,16.4,11.3,5.7,,,,2.9,91.4,A*-E,21072
A-Level,French,1998,UK,Exam,A*-U,,21.6,20.7,19.6,17.3,11.6,6.2,,,,3.0,90.8,A*-E,23633
A-Level,French,1997,UK,Exam,A*-U,,20.2,19.9,19.6,16.7,12.1,6.9,,,,4.6,88.5,A*-E,25916
A-Level,French,1996,UK,Exam,A*-U,,20.9,18.0,20.3,17.3,12.5,6.9,,,,4.1,89.0,A*-E,27490
A-Level,French,1995,UK,Exam,A*-U,,20.1,18.3,19.3,17.7,13.4,7.1,,,,4.1,88.8,A*-E,27563
A-Level,French,1994,UK,Exam,A*-U,,19.9,17.7,19.0,17.4,13.4,7.8,,,,4.7,87.5,A*-E,28942
A-Level,French,1993,UK,Exam,A*-U,,18.6,17.3,19.5,18.5,13.6,7.6,,,,4.9,87.5,A*-E,29886
A-Level,General Studies,2019,UK,Exam,A*-U,4.9,4.9,26.8,21.9,29.3,4.9,,,,,7.3,92.7,A*-E,41
A-Level,General Studies,2018,UK,Exam,A*-U,2.8,7.7,19.0,25.3,22.4,14.8,,,,,8.0,92.0,A*-E,3422
A-Level,General Studies,2017,UK,Exam,A*-U,3.7,8.4,20.6,25.6,22.0,12.7,,,,,7.0,93.0,A*-E,7147
A-Level,General Studies,2016,UK,Exam,A*-U,4.4,8.8,19.5,26.3,22.3,12.4,,,,,6.3,93.7,A*-E,11759
A-Level,General Studies,2015,UK,Exam,A*-U,4.6,9.1,20.7,25.2,21.8,12.2,,,,,6.4,93.6,A*-E,18092
A-Level,General Studies,2014,UK,Exam,A*-U,4.0,8.6,19.3,24.3,22.0,14.0,,,,,7.8,92.2,A*-E,23884
A-Level,General Studies,2013,UK,Exam,A*-U,4.3,7.9,17.9,24.1,23.6,15.3,,,,,6.9,93.1,A*-E,31562
A-Level,General Studies,2012,UK,Exam,A*-U,4.2,8.3,17.6,23.9,23.1,15.6,,,,,7.4,92.6,A*-E,35558
A-Level,General Studies,2011,UK,Exam,A*-U,4.0,8.8,18.6,24.3,22.5,14.7,,,,,7.1,92.9,A*-E,40984
A-Level,General Studies,2010,UK,Exam,A*-U,4.4,8.6,18.2,23.5,23.0,14.9,,,,,7.4,92.6,A*-E,46770
A-Level,General Studies,2009,UK,Exam,A*-U,,13.0,17.5,22.9,22.7,16.2,,,,,7.7,92.3,A*-E,50012
A-Level,General Studies,2008,UK,Exam,A*-U,,12.6,17.1,22.5,22.7,16.7,,,,,8.4,91.6,A*-E,54879
A-Level,General Studies,2007,UK,Exam,A*-U,,12.3,16.7,22.5,22.5,17.1,,,,,8.9,91.1,A*-E,55699
A-Level,General Studies,2006,UK,Exam,A*-U,,11.6,16.2,22.2,23.1,17.3,,,,,9.6,90.4,A*-E,58967
A-Level,General Studies,2005,UK,Exam,A*-U,,11.1,16.8,22.4,23.0,17.3,,,,,9.4,90.6,A*-E,59403
A-Level,General Studies,2004,UK,Exam,A*-U,,11.8,17.2,22.4,23.1,16.3,,,,,9.2,90.8,A*-E,58316
A-Level,General Studies,2003,UK,Exam,A*-U,,12.1,17.0,22.1,22.1,16.7,,,,,10.0,90.0,A*-E,58430
A-Level,General Studies,2002,UK,Exam,A*-U,,12.0,16.2,21.2,22.3,17.1,,,,,11.2,88.8,A*-E,58155
A-Level,General Studies,2001,UK,Exam,A*-U,,12.8,15.8,19.4,20.7,16.5,9.1,,,,5.7,85.2,A*-E,87930
A-Level,General Studies,2000,UK,Exam,A*-U,,12.4,15.8,20.0,20.8,15.9,9.2,,,,5.9,84.9,A*-E,89805
A-Level,General Studies,1999,UK,Exam,A*-U,,12.5,16.8,19.2,19.7,15.8,9.6,,,,6.4,84.0,A*-E,85338
A-Level,General Studies,1998,UK,Exam,A*-U,,13.0,16.6,20.3,19.5,15.2,9.0,,,,6.4,84.6,A*-E,80570
A-Level,General Studies,1997,UK,Exam,A*-U,,13.6,16.4,18.8,19.6,15.8,9.6,,,,6.2,84.2,A*-E,73114
A-Level,General Studies,1996,UK,Exam,A*-U,,14.0,16.2,19.2,19.5,15.2,9.4,,,,6.5,84.1,A*-E,63454
A-Level,General Studies,1995,UK,Exam,A*-U,,13.8,15.9,18.3,19.5,15.1,9.8,,,,7.6,82.6,A*-E,57520
A-Level,General Studies,1994,UK,Exam,A*-U,,12.2,16.7,17.3,18.8,15.4,10.8,,,,8.9,80.2,A*-E,53630
A-Level,General Studies,1993,UK,Exam,A*-U,,10.5,16.9,13.7,15.6,15.4,12.0,,,,16.0,72.0,A*-E,54858
A-Level,Geography,2025,UK,Exam,A*-U,6.2,18.2,29.7,25.9,13.9,4.7,,,,,1.4,98.6,A*-E,34336
A-Level,Geography,2024,UK,Exam,A*-U,6.3,18.5,29.4,24.9,13.9,5.3,,,,,1.7,98.3,A*-E,36314
A-Level,Geography,2023,UK,Exam,A*-U,6.3,18.5,29.7,25.3,13.6,5.0,,,,,1.7,98.3,A*-E,38264
A-Level,Geography,2022,UK,Exam,A*-U,11.2,22.6,30.7,21.5,9.7,3.3,,,,,1.0,99.0,A*-E,37443
A-Level,Geography,2021,UK,Exam,A*-U,15.4,26.4,27.8,19.6,7.9,2.6,,,,,0.3,99.7,A*-E,35268
A-Level,Geography,2020,UK,Teacher,A*-U,11.8,24.9,29.4,23.1,8.7,2.0,,,,,0.1,99.9,A*-E,30203
A-Level,Geography,2020,UK,Exam,A*-U,6.0,19.5,30.1,26.7,13.0,3.8,,,,,0.9,99.1,A*-E,30198
A-Level,Geography,2019,UK,Exam,A*-U,5.4,18.4,29.4,26.4,14.4,4.6,,,,,1.4,98.6,A*-E,34960
A-Level,Geography,2018,UK,Exam,A*-U,5.5,19.4,30.0,26.1,13.3,4.4,,,,,1.3,98.7,A*-E,33538
A-Level,Geography,2017,UK,Exam,A*-U,5.9,20.8,29.7,25.4,13.0,4.1,,,,,1.1,98.9,A*-E,37814
A-Level,Geography,2016,UK,Exam,A*-U,6.0,20.2,29.7,25.6,13.4,4.1,,,,,1.0,99.0,A*-E,36363
A-Level,Geography,2015,UK,Exam,A*-U,7.1,20.4,29.5,24.6,13.6,4.0,,,,,0.8,99.2,A*-E,37195
A-Level,Geography,2014,UK,Exam,A*-U,6.3,21.2,29.3,24.9,13.1,4.4,,,,,0.8,99.2,A*-E,33007
A-Level,Geography,2013,UK,Exam,A*-U,5.6,22.9,29.4,24.5,12.7,4.1,,,,,0.8,99.2,A*-E,32872
A-Level,Geography,2012,UK,Exam,A*-U,6.3,22.8,29.0,24.6,12.6,3.9,,,,,0.8,99.2,A*-E,32005
A-Level,Geography,2011,UK,Exam,A*-U,7.1,23.0,27.9,23.6,13.3,4.1,,,,,1.0,99.0,A*-E,31266
A-Level,Geography,2010,UK,Exam,A*-U,6.8,23.4,27.6,23.1,13.4,4.5,,,,,1.2,98.8,A*-E,32063
A-Level,Geography,2009,UK,Exam,A*-U,,30.1,28.0,22.8,13.3,4.9,,,,,0.9,99.1,A*-E,32227
A-Level,Geography,2008,UK,Exam,A*-U,,28.6,27.7,23.7,13.7,5.1,,,,,1.2,98.8,A*-E,31714
A-Level,Geography,2007,UK,Exam,A*-U,,27.3,27.5,23.7,14.4,5.8,,,,,1.3,98.7,A*-E,31653
A-Level,Geography,2006,UK,Exam,A*-U,,25.6,27.2,24.2,15.3,6.4,,,,,1.3,98.3,A*-E,32522
A-Level,Geography,2005,UK,Exam,A*-U,,24.2,26.8,24.6,16.0,6.8,,,,,1.6,98.4,A*-E,32831
A-Level,Geography,2004,UK,Exam,A*-U,,24.0,27.0,24.0,16.0,7.2,,,,,1.8,98.2,A*-E,34215
A-Level,Geography,2003,UK,Exam,A*-U,,22.9,26.6,24.1,16.6,7.7,,,,,2.1,97.9,A*-E,35749
A-Level,Geography,2002,UK,Exam,A*-U,,20.3,25.9,24.9,17.8,8.6,,,,,2.5,97.5,A*-E,34362
A-Level,Geography,2001,UK,Exam,A*-U,,19.1,22.8,22.6,17.6,10.9,4.9,,,,2.1,93.0,A*-E,37505
A-Level,Geography,2000,UK,Exam,A*-U,,17.9,22.8,23.1,17.7,11.0,5.2,,,,2.3,92.5,A*-E,37112
A-Level,Geography,1999,UK,Exam,A*-U,,16.3,22.4,23.6,19.0,11.1,5.3,,,,2.3,92.4,A*-E,42181
A-Level,Geography,1998,UK,Exam,A*-U,,15.0,22.3,23.5,18.6,12.0,6.0,,,,2.6,91.4,A*-E,44881
A-Level,Geography,1997,UK,Exam,A*-U,,12.0,22.0,23.2,19.4,13.3,6.9,,,,3.2,89.9,A*-E,43641
A-Level,Geography,1996,UK,Exam,A*-U,,13.8,18.1,19.0,18.7,13.8,8.6,,,,8.0,83.4,A*-E,42876
A-Level,Geography,1995,UK,Exam,A*-U,,13.3,17.3,18.6,18.7,14.6,9.0,,,,8.5,82.5,A*-E,43454
A-Level,Geography,1994,UK,Exam,A*-U,,12.5,17.0,18.2,18.6,14.7,9.4,,,,9.6,81.0,A*-E,46032
A-Level,Geography,1993,UK,Exam,A*-U,,11.8,16.7,17.6,19.2,15.7,9.9,,,,9.1,81.0,A*-E,46160
A-Level,German,2025,UK,Exam,A*-U,16.5,31.3,25.2,16.1,7.2,3.2,,,,,0.4,99.6,A*-E,2224
A-Level,German,2024,UK,Exam,A*-U,16.6,31.4,25.2,15.2,8.3,2.5,,,,,0.8,99.2,A*-E,2431
A-Level,German,2023,UK,Exam,A*-U,15.2,30.3,25.1,16.9,8.6,3.3,,,,,0.6,99.4,A*-E,2358
A-Level,German,2022,UK,Exam,A*-U,27.0,31.4,20.1,12.8,6.2,2.1,,,,,0.4,99.6,A*-E,2803
A-Level,German,2021,UK,Exam,A*-U,34.6,33.1,19.5,9.1,2.9,0.8,,,,,0.0,100.0,A*-E,2708
A-Level,German,2020,UK,Teacher,A*-U,23.4,35.3,23.7,12.4,4.2,1.0,,,,,0.0,100.0,A*-E,2849
A-Level,German,2020,UK,Exam,A*-U,20.9,33.5,22.3,13.0,7.6,2.6,,,,,0.1,99.9,A*-E,2845
A-Level,German,2019,UK,Exam,A*-U,13.0,28.2,24.6,19.0,10.8,3.9,,,,,0.5,99.5,A*-E,3033
A-Level,German,2018,UK,Exam,A*-U,10.5,28.6,24.8,17.9,11.8,5.5,,,,,0.9,99.1,A*-E,3058
A-Level,German,2017,UK,Exam,A*-U,10.0,31.4,28.3,17.7,8.6,3.3,,,,,0.7,99.3,A*-E,3663
A-Level,German,2016,UK,Exam,A*-U,9.6,30.0,28.4,19.0,9.3,3.2,,,,,0.5,99.5,A*-E,3842
A-Level,German,2015,UK,Exam,A*-U,8.3,30.8,27.9,18.3,10.6,3.5,,,,,0.6,99.4,A*-E,4009
A-Level,German,2014,UK,Exam,A*-U,8.9,31.7,28.2,17.3,9.7,3.5,,,,,0.7,99.3,A*-E,4187
A-Level,German,2013,UK,Exam,A*-U,8.2,33.2,26.3,18.2,9.6,3.6,,,,,0.7,99.3,A*-E,4242
A-Level,German,2012,UK,Exam,A*-U,7.9,33.5,26.3,18.2,10.0,3.3,,,,,0.8,99.2,A*-E,4773
A-Level,German,2011,UK,Exam,A*-U,9.1,32.9,26.5,18.7,8.9,3.2,,,,,0.7,99.3,A*-E,5166
A-Level,German,2010,UK,Exam,A*-U,9.9,30.9,25.7,17.8,10.3,4.4,,,,,1.0,99.0,A*-E,5548
A-Level,German,2009,UK,Exam,A*-U,,40.0,25.4,18.3,10.8,4.6,,,,,0.9,99.1,A*-E,5765
A-Level,German,2008,UK,Exam,A*-U,,38.4,26.3,18.9,10.8,4.7,,,,,0.9,99.1,A*-E,6245
A-Level,German,2007,UK,Exam,A*-U,,37.2,26.0,19.3,11.8,4.6,,,,,1.1,98.9,A*-E,6303
A-Level,German,2006,UK,Exam,A*-U,,37.6,25.9,18.5,11.3,5.2,,,,,1.5,98.5,A*-E,6204
A-Level,German,2005,UK,Exam,A*-U,,35.6,25.1,19.2,12.5,5.7,,,,,1.9,98.1,A*-E,5901
A-Level,German,2004,UK,Exam,A*-U,,32.8,24.5,19.4,14.4,6.9,,,,,2.0,98.0,A*-E,6390
A-Level,German,2003,UK,Exam,A*-U,,31.2,24.3,19.5,14.9,7.5,,,,,2.6,97.4,A*-E,6950
A-Level,German,2002,UK,Exam,A*-U,,30.3,22.5,20.3,14.8,9.2,,,,,2.9,97.1,A*-E,7013
A-Level,German,2001,UK,Exam,A*-U,,28.8,20.1,18.6,14.8,10.7,4.7,,,,2.3,93.0,A*-E,8446
A-Level,German,2000,UK,Exam,A*-U,,29.5,19.8,18.4,15.3,10.1,4.9,,,,2.0,93.1,A*-E,8692
A-Level,German,1999,UK,Exam,A*-U,,27.5,19.6,19.0,14.8,11.1,5.1,,,,2.9,92.0,A*-E,9551
A-Level,German,1998,UK,Exam,A*-U,,26.7,19.1,19.8,15.4,10.6,5.7,,,,2.7,91.6,A*-E,10192
A-Level,German,1997,UK,Exam,A*-U,,23.9,18.9,18.0,16.6,11.8,6.5,,,,4.3,89.2,A*-E,10561
A-Level,German,1996,UK,Exam,A*-U,,23.6,18.3,18.9,16.8,12.2,6.5,,,,3.7,89.8,A*-E,10719
A-Level,German,1995,UK,Exam,A*-U,,22.4,18.6,19.1,16.7,12.3,6.9,,,,4.0,89.1,A*-E,10634
A-Level,German,1994,UK,Exam,A*-U,,21.7,18.8,18.7,16.9,13.1,6.8,,,,4.0,89.1,A*-E,10832
A-Level,German,1993,UK,Exam,A*-U,,21.1,19.4,18.8,16.3,12.3,7.4,,,,4.8,87.8,A*-E,10857
A-Level,Health and Social Care (Sgl award),2025,UK,Exam,A*-U,0.6,15.8,41.8,29.2,9.6,2.4,,,,,0.7,99.3,A*-E,3219
A-Level,Health and Social Care (Sgl award),2024,UK,Exam,A*-U,0.6,16.1,41.2,29.2,10.1,2.1,,,,,0.7,99.3,A*-E,3265
A-Level,Health and Social Care (Sgl award),2023,UK,Exam,A*-U,1.8,20.6,40.0,25.4,9.6,1.8,,,,,0.7,99.3,A*-E,3353
A-Level,Health and Social Care (Sgl award),2022,UK,Exam,A*-U,2.5,25.8,40.5,22.8,6.5,1.1,,,,,0.8,99.2,A*-E,3277
A-Level,Health and Social Care (Sgl award),2021,UK,Exam,A*-U,3.9,31.1,40.0,18.8,4.0,1.7,,,,,0.5,99.5,A*-E,3264
A-Level,Health and Social Care (Sgl award),2020,UK,Exam,A*-U,2.0,25.4,44.1,24.3,3.8,0.4,,,,,0.0,100.0,A*-E,2883
A-Level,Health and Social Care (Dbl award),2025,UK,Exam,A*-U,0.4,10.3,32.1,40.7,13.4,2.6,,,,,0.4,99.6,A*-E,928
A-Level,Health and Social Care (Dbl award),2024,UK,Exam,A*-U,0.0,8.4,33.8,39.1,12.7,5.4,,,,,0.6,99.4,A*-E,928
A-Level,Health and Social Care (Dbl award),2023,UK,Exam,A*-U,0.7,12.9,36.7,34.7,11.8,2.2,,,,,1.1,98.9,A*-E,916
A-Level,Health and Social Care (Dbl award),2022,UK,Exam,A*-U,0.2,14.5,40.2,34.9,8.4,0.9,,,,,0.9,99.1,A*-E,886
A-Level,Health and Social Care (Dbl award),2021,UK,Exam,A*-U,1.2,20.4,45.7,26.8,4.7,1.2,,,,,0.0,100.0,A*-E,850
A-Level,Health and Social Care (Dbl award),2020,UK,Exam,A*-U,0.2,12.1,44.0,32.5,9.0,2.0,,,,,0.2,99.8,A*-E,930
A-Level,History,2025,UK,Exam,A*-U,6.0,18.9,33.5,25.6,11.7,3.4,,,,,0.9,99.1,A*-E,44717
A-Level,History,2024,UK,Exam,A*-U,5.7,18.7,31.5,25.6,13.2,4.1,,,,,1.2,98.8,A*-E,47297
A-Level,History,2023,UK,Exam,A*-U,5.7,19.0,31.6,24.5,13.2,4.6,,,,,1.4,98.6,A*-E,48378
A-Level,History,2022,UK,Exam,A*-U,12.0,23.1,31.7,21.0,8.9,2.5,,,,,0.8,99.2,A*-E,46819
A-Level,History,2021,UK,Exam,A*-U,15.9,27.4,28.8,19.1,6.6,1.9,,,,,0.3,99.7,A*-E,45865
A-Level,History,2020,UK,Teacher,A*-U,11.8,25.2,30.9,22.5,7.9,1.6,,,,,0.1,99.9,A*-E,44898
A-Level,History,2020,UK,Exam,A*-U,5.9,18.3,32.1,27.0,12.6,3.4,,,,,0.7,99.3,A*-E,44864
A-Level,History,2019,UK,Exam,A*-U,4.9,17.7,31.4,27.0,13.7,4.2,,,,,1.1,98.9,A*-E,51438
A-Level,History,2018,UK,Exam,A*-U,5.3,18.2,31.7,26.6,13.2,4.0,,,,,1.0,99.0,A*-E,48937
A-Level,History,2017,UK,Exam,A*-U,5.8,17.8,31.9,27.1,13.1,3.4,,,,,0.9,99.1,A*-E,50311
A-Level,History,2016,UK,Exam,A*-U,5.4,18.0,31.9,28.0,12.9,3.2,,,,,0.6,99.4,A*-E,54731
A-Level,History,2015,UK,Exam,A*-U,6.1,18.1,31.4,27.4,13.0,3.4,,,,,0.6,99.4,A*-E,55848
A-Level,History,2014,UK,Exam,A*-U,6.3,19.0,31.0,26.3,13.1,3.6,,,,,0.7,99.3,A*-E,52131
A-Level,History,2013,UK,Exam,A*-U,6.5,19.5,30.3,26.4,12.9,3.6,,,,,0.8,99.2,A*-E,52149
A-Level,History,2012,UK,Exam,A*-U,6.9,19.6,29.8,25.7,13.2,4.0,,,,,0.8,99.2,A*-E,51652
A-Level,History,2011,UK,Exam,A*-U,7.2,20.2,28.9,25.2,13.4,4.1,,,,,1.0,99.0,A*-E,50897
A-Level,History,2010,UK,Exam,A*-U,7.0,20.7,28.5,24.2,14.0,4.6,,,,,1.0,99.0,A*-E,49222
A-Level,History,2009,UK,Exam,A*-U,,26.2,29.5,24.3,13.9,5.0,,,,,1.1,98.9,A*-E,49071
A-Level,History,2008,UK,Exam,A*-U,,25.0,28.7,24.9,14.6,5.5,,,,,1.3,98.7,A*-E,48037
A-Level,History,2007,UK,Exam,A*-U,,25.3,27.6,23.9,15.4,6.2,,,,,1.6,98.4,A*-E,46474
A-Level,History,2006,UK,Exam,A*-U,,24.6,26.8,24.2,15.6,6.8,,,,,2.0,98.0,A*-E,46944
A-Level,History,2005,UK,Exam,A*-U,,23.5,26.7,24.6,16.0,7.1,,,,,2.1,97.9,A*-E,45113
A-Level,History,2004,UK,Exam,A*-U,,23.9,26.5,24.3,16.0,7.2,,,,,2.1,97.9,A*-E,43790
A-Level,History,2003,UK,Exam,A*-U,,23.5,26.1,23.8,16.9,7.4,,,,,2.3,97.7,A*-E,42018
A-Level,History,2002,UK,Exam,A*-U,,20.2,25.6,24.6,17.3,9.1,,,,,3.2,96.8,A*-E,39533
A-Level,History,2001,UK,Exam,A*-U,,18.6,21.4,21.9,17.2,10.3,5.8,,,,4.8,89.4,A*-E,38693
A-Level,History,2000,UK,Exam,A*-U,,17.3,20.6,22.0,17.7,11.5,6.0,,,,4.9,89.1,A*-E,38779
A-Level,History,1999,UK,Exam,A*-U,,16.8,20.1,21.5,18.0,11.5,6.6,,,,5.5,87.9,A*-E,38482
A-Level,History,1998,UK,Exam,A*-U,,15.4,19.5,20.7,18.7,12.8,7.0,,,,5.9,87.1,A*-E,40495
A-Level,History,1997,UK,Exam,A*-U,,14.7,19.2,20.6,18.7,13.3,7.4,,,,6.1,86.5,A*-E,42547
A-Level,History,1996,UK,Exam,A*-U,,14.5,17.4,20.8,19.1,13.8,8.0,,,,6.2,85.8,A*-E,43355
A-Level,History,1995,UK,Exam,A*-U,,14.1,17.1,20.6,19.0,14.5,8.1,,,,6.6,85.3,A*-E,43796
A-Level,History,1994,UK,Exam,A*-U,,13.5,16.6,20.0,19.1,14.7,8.6,,,,7.6,83.8,A*-E,44730
A-Level,History,1993,UK,Exam,A*-U,,12.5,16.9,19.2,19.5,14.8,8.7,,,,8.3,83.0,A*-E,46248
A-Level,Home Economics,2006,UK,Exam,A*-U,,18.3,28.7,25.7,16.5,9.3,,,,,1.5,98.5,A*-E,1087
A-Level,Home Economics,2005,UK,Exam,A*-U,,18.7,24.5,27.9,17.6,8.9,,,,,2.4,97.6,A*-E,1185
A-Level,Home Economics,2004,UK,Exam,A*-U,,17.2,27.2,25.4,18.9,8.4,,,,,2.9,97.1,A*-E,1172
A-Level,Home Economics,2003,UK,Exam,A*-U,,15.9,26.8,26.7,19.4,8.7,,,,,2.5,97.5,A*-E,1240
A-Level,Home Economics,2002,UK,Exam,A*-U,,15.4,25.1,28.3,18.1,9.1,,,,,4.0,96.0,A*-E,1263
A-Level,Home Economics,2001,UK,Exam,A*-U,,11.9,18.8,23.9,20.7,12.7,7.2,,,,4.8,88.0,A*-E,1844
A-Level,Home Economics,2000,UK,Exam,A*-U,,11.1,17.2,23.9,21.5,13.2,8.1,,,,5.0,86.9,A*-E,2019
A-Level,Home Economics,1999,UK,Exam,A*-U,,10.7,17.6,22.1,21.3,14.4,8.1,,,,5.8,86.1,A*-E,2384
A-Level,Home Economics,1998,UK,Exam,A*-U,,10.4,17.2,22.1,21.4,14.3,8.4,,,,6.2,85.4,A*-E,2418
A-Level,Home Economics,1997,UK,Exam,A*-U,,9.6,17.1,21.8,22.4,15.0,8.2,,,,5.9,85.9,A*-E,2512
A-Level,Home Economics,1996,UK,Exam,A*-U,,10.8,18.4,22.1,21.1,14.2,7.1,,,,6.3,86.6,A*-E,2669
A-Level,Home Economics,1995,UK,Exam,A*-U,,10.2,14.8,22.1,22.3,15.9,7.8,,,,6.9,85.3,A*-E,2864
A-Level,Home Economics,1994,UK,Exam,A*-U,,10.2,13.5,22.0,22.9,15.9,8.6,,,,7.0,84.4,A*-E,3163
A-Level,Home Economics,1993,UK,Exam,A*-U,,9.8,14.3,20.2,22.8,16.4,8.1,,,,8.4,83.5,A*-E,3337
A-Level,Information and Communication Technology,2023,UK,Exam,A*-U,7.0,16.4,25.3,24.7,14.9,8.0,,,,,3.7,96.3,A*-E,1338
A-Level,Information and Communication Technology,2022,UK,Exam,A*-U,9.6,21.6,28.2,21.1,11.9,4.8,,,,,2.8,97.2,A*-E,1403
A-Level,Information and Communication Technology,2021,UK,Exam,A*-U,14.7,31.6,26.9,15.9,7.2,3.0,,,,,3.0,99.3,A*-E,1431
A-Level,Information and Communication Technology,2020,UK,Teacher,A*-U,7.1,21.3,32.8,26.3,10.0,2.4,,,,,0.1,99.9,A*-E,1333
A-Level,Information and Communication Technology,2020,UK,Exam,A*-U,4.1,12.9,23.0,27.0,20.9,9.2,,,,,2.9,97.1,A*-E,1332
A-Level,Information and Communication Technology,2019,UK,Exam,A*-U,3.6,11.8,23.0,28.3,20.3,8.5,,,,,4.5,95.5,A*-E,1572
A-Level,Information and Communication Technology,2018,UK,Exam,A*-U,1.9,8.3,18.8,27.2,25.8,13.3,,,,,4.7,95.3,A*-E,5643
A-Level,Information and Communication Technology,2017,UK,Exam,A*-U,1.1,8.9,21.0,27.6,24.6,12.9,,,,,3.9,96.1,A*-E,7607
A-Level,Information and Communication Technology,2016,UK,Exam,A*-U,1.3,9.0,20.3,28.1,24.8,12.8,,,,,3.7,96.3,A*-E,8737
A-Level,Information and Communication Technology,2015,UK,Exam,A*-U,1.3,9.5,21.2,26.6,24.7,13.2,,,,,3.5,96.5,A*-E,9124
A-Level,Information and Communication Technology,2014,UK,Exam,A*-U,1.5,9.9,22.7,26.5,23.1,12.9,,,,,3.4,96.6,A*-E,9479
A-Level,Information and Communication Technology,2013,UK,Exam,A*-U,2.2,10.4,23.2,29.3,21.3,11.1,,,,,2.5,97.5,A*-E,10419
A-Level,Information and Communication Technology,2012,UK,Exam,A*-U,2.4,10.3,22.0,28.1,22.1,11.7,,,,,3.4,96.6,A*-E,11088
A-Level,Information and Communication Technology,2011,UK,Exam,A*-U,2.5,9.6,21.8,26.7,23.6,12.1,,,,,3.7,96.3,A*-E,11960
A-Level,Information and Communication Technology,2010,UK,Exam,A*-U,2.0,9.3,21.8,27.1,22.8,12.6,,,,,4.4,95.6,A*-E,12186
A-Level,Information and Communication Technology,2009,UK,Exam,A*-U,,10.2,20.7,26.0,24.1,14.0,,,,,5.0,95.0,A*-E,11948
A-Level,Information and Communication Technology,2008,UK,Exam,A*-U,,9.7,20.3,25.8,23.8,15.0,,,,,5.4,94.6,A*-E,12277
A-Level,Information and Communication Technology,2007,UK,Exam,A*-U,,9.5,18.2,25.3,24.2,16.1,,,,,6.7,93.3,A*-E,13360
A-Level,Information and Communication Technology,2006,UK,Exam,A*-U,,8.9,17.0,24.7,25.9,17.4,,,,,6.1,93.9,A*-E,14208
A-Level,Information and Communication Technology,2005,UK,Exam,A*-U,,8.2,16.9,23.9,25.9,18.1,,,,,7.0,93.0,A*-E,14883
A-Level,Information and Communication Technology,2004,UK,Exam,A*-U,,7.3,16.7,25.4,26.3,17.3,,,,,7.0,93.0,A*-E,16106
A-Level,Information and Communication Technology,2003,UK,Exam,A*-U,,6.3,15.0,23.9,26.3,19.7,,,,,8.8,91.2,A*-E,18029
A-Level,Irish,2025,UK,Exam,A*-U,10.5,41.4,25.8,16.4,3.1,0.7,,,,,2.1,97.9,A*-E,287
A-Level,Irish,2024,UK,Exam,A*-U,8.9,43.9,32.0,8.5,3.9,1.0,,,,,1.8,98.2,A*-E,282
A-Level,Irish,2023,UK,Exam,A*-U,17.9,44.6,23.5,9.1,2.5,1.8,,,,,0.7,99.3,A*-E,285
A-Level,Irish,2022,UK,Exam,A*-U,24.1,44.3,20.1,8.1,1.5,1.9,,,,,0.0,100.0,A*-E,323
A-Level,Irish,2021,UK,Exam,A*-U,23.4,46.1,24.3,4.4,0.6,0.0,,,,,1.2,98.8,A*-E,325
A-Level,Irish,2020,UK,Teacher,A*-U,21.9,43.5,25.1,7.0,0.6,1.6,,,,,0.3,99.7,A*-E,315
A-Level,Irish,2020,UK,Exam,A*-U,9.8,43.9,29.5,11.4,2.5,1.3,,,,,1.6,98.4,A*-E,315
A-Level,Irish,2019,UK,Exam,A*-U,7.9,44.0,28.5,13.8,3.4,0.3,,,,,2.1,97.9,A*-E,291
A-Level,Irish,2018,UK,Exam,A*-U,9.6,45.5,28.6,10.9,4.2,0.6,,,,,0.6,99.4,A*-E,332
A-Level,Irish,2017,UK,Exam,A*-U,8.4,46.3,31.5,9.3,2.1,0.6,,,,,1.8,98.2,A*-E,333
A-Level,Irish,2016,UK,Exam,A*-U,9.4,45.9,28.4,11.2,4.5,0.3,,,,,0.3,99.7,A*-E,331
A-Level,Irish,2015,UK,Exam,A*-U,6.7,49.4,28.1,11.3,3.0,1.5,,,,,0.0,100.0,A*-E,330
A-Level,Irish,2014,UK,Exam,A*-U,9.3,47.2,25.6,13.4,2.9,1.3,,,,,0.3,99.7,A*-E,313
A-Level,Irish,2013,UK,Exam,A*-U,10.3,38.7,26.8,16.8,5.5,0.9,,,,,1.0,99.0,A*-E,310
A-Level,Irish,2012,UK,Exam,A*-U,10.2,41.4,33.3,9.5,4.3,0.6,,,,,0.7,99.3,A*-E,304
A-Level,Irish,2011,UK,Exam,A*-U,8.8,44.2,27.2,12.5,4.3,1.8,,,,,1.2,98.8,A*-E,328
A-Level,Irish,2010,UK,Exam,A*-U,8.5,41.5,28.4,13.1,4.8,2.3,,,,,1.4,98.6,A*-E,352
A-Level,Irish,2009,UK,Exam,A*-U,,56.0,23.6,12.4,4.5,1.7,,,,,1.8,98.2,A*-E,339
A-Level,Irish,2008,UK,Exam,A*-U,,57.3,25.4,12.9,3.6,0.4,,,,,0.4,99.6,A*-E,248
A-Level,Irish,2007,UK,Exam,A*-U,,50.5,26.0,16.0,3.9,0.8,,,,,2.8,97.2,A*-E,281
A-Level,Irish,2006,UK,Exam,A*-U,,49.2,21.6,18.0,7.2,3.1,,,,,0.9,99.1,A*-E,329
A-Level,Irish,2005,UK,Exam,A*-U,,48.4,23.8,16.7,6.9,2.9,,,,,1.3,98.7,A*-E,306
A-Level,Irish,2004,UK,Exam,A*-U,,43.4,28.6,16.5,7.7,2.1,,,,,1.7,98.3,A*-E,286
A-Level,Irish,2003,UK,Exam,A*-U,,31.8,30.2,20.6,11.6,4.2,,,,,1.6,98.4,A*-E,258
A-Level,Law,2025,UK,Exam,A*-U,5.0,12.0,22.9,24.7,20.0,11.6,,,,,3.8,96.2,A*-E,14973
A-Level,Law,2024,UK,Exam,A*-U,4.8,12.2,22.6,24.1,19.9,12.2,,,,,4.2,95.8,A*-E,14819
A-Level,Law,2023,UK,Exam,A*-U,4.9,12.1,23.4,24.1,19.3,11.7,,,,,4.4,95.6,A*-E,14703
A-Level,Law,2022,UK,Exam,A*-U,8.2,17.4,24.3,22.1,16.6,8.8,,,,,2.6,97.4,A*-E,14361
A-Level,Law,2021,UK,Exam,A*-U,10.5,21.4,27.9,23.4,11.4,4.6,,,,,0.8,99.2,A*-E,13519
A-Level,Law,2020,UK,Teacher,A*-U,8.6,18.6,28.6,26.8,12.0,4.8,,,,,0.6,99.4,A*-E,11711
A-Level,Law,2020,UK,Exam,A*-U,4.4,12.8,24.6,27.2,18.5,9.2,,,,,3.3,96.7,A*-E,11701
A-Level,Law,2019,UK,Exam,A*-U,4.2,12.2,23.8,27.4,19.2,9.4,,,,,3.8,96.2,A*-E,11575
A-Level,Law,2018,UK,Exam,A*-U,4.1,13.7,28.5,26.5,16.0,7.4,,,,,3.8,96.2,A*-E,11265
A-Level,Law,2017,UK,Exam,A*-U,5.0,13.7,27.3,25.4,16.5,8.5,,,,,3.6,96.4,A*-E,11538
A-Level,Law,2016,UK,Exam,A*-U,4.3,12.8,25.5,26.3,18.6,8.9,,,,,3.6,96.4,A*-E,11272
A-Level,Law,2015,UK,Exam,A*-U,5.1,12.7,25.7,25.6,17.7,8.9,,,,,4.3,95.7,A*-E,10738
A-Level,Law,2014,UK,Exam,A*-U,4.7,12.5,24.5,25.3,18.9,9.8,,,,,4.3,95.7,A*-E,11517
A-Level,Law,2013,UK,Exam,A*-U,4.0,13.6,25.0,25.8,18.7,9.3,,,,,3.6,96.4,A*-E,12523
A-Level,Law,2012,UK,Exam,A*-U,5.1,12.8,24.3,25.8,18.9,9.6,,,,,3.5,96.5,A*-E,13154
A-Level,Law,2011,UK,Exam,A*-U,4.7,13.7,23.6,25.1,19.5,9.8,,,,,3.6,96.4,A*-E,14379
A-Level,Law,2010,UK,Exam,A*-U,5.5,14.8,23.3,24.5,18.5,9.4,,,,,4.0,96.0,A*-E,15029
A-Level,Law,2009,UK,Exam,A*-U,,20.8,24.0,23.9,17.6,9.7,,,,,4.0,96.0,A*-E,16288
A-Level,Law,2008,UK,Exam,A*-U,,20.7,22.6,24.1,18.3,9.9,,,,,4.4,95.6,A*-E,15523
A-Level,Law,2007,UK,Exam,A*-U,,20.7,22.7,23.8,18.0,10.3,,,,,4.5,95.5,A*-E,15510
A-Level,Law,2006,UK,Exam,A*-U,,19.8,22.1,24.0,18.4,10.5,,,,,5.2,94.8,A*-E,15241
A-Level,Law,2005,UK,Exam,A*-U,,16.9,21.7,24.5,19.4,11.5,,,,,6.0,94.0,A*-E,14538
A-Level,Law,2004,UK,Exam,A*-U,,17.2,21.0,23.1,19.2,12.2,,,,,7.3,92.7,A*-E,13929
A-Level,Law,2003,UK,Exam,A*-U,,17.1,20.5,22.4,19.4,12.7,,,,,7.9,92.1,A*-E,12381
A-Level,Law,2002,UK,Exam,A*-U,,14.9,19.5,20.7,19.5,15.0,,,,,10.4,89.6,A*-E,10264
A-Level,Law,2001,UK,Exam,A*-U,,13.1,15.0,18.1,17.1,15.2,10.2,,,,11.3,78.5,A*-E,9715
A-Level,Law,2000,UK,Exam,A*-U,,10.3,14.8,17.3,17.5,14.9,10.7,,,,14.5,74.8,A*-E,10325
A-Level,Law,1999,UK,Exam,A*-U,,11.4,13.6,16.6,17.8,14.8,11.2,,,,14.6,74.2,A*-E,10703
A-Level,Law,1998,UK,Exam,A*-U,,11.2,12.3,17.2,17.0,15.4,11.4,,,,15.5,73.1,A*-E,10885
A-Level,Law,1997,UK,Exam,A*-U,,11.4,12.3,16.8,16.9,15.6,11.1,,,,15.9,73.0,A*-E,11550
A-Level,Law,1996,UK,Exam,A*-U,,10.8,12.1,15.6,17.5,15.4,11.5,,,,17.0,71.5,A*-E,11982
A-Level,Law,1995,UK,Exam,A*-U,,9.6,11.7,15.7,17.7,16.1,11.8,,,,17.4,70.8,A*-E,12092
A-Level,Maths,2025,UK,Exam,A*-U,16.7,24.9,19.9,16.7,11.8,6.4,,,,,3.5,96.5,A*-E,112138
A-Level,Maths,2024,UK,Exam,A*-U,16.9,25.1,19.3,15.4,11.6,7.8,,,,,3.9,96.1,A*-E,107427
A-Level,Maths,2023,UK,Exam,A*-U,17.2,24.8,19.0,15.5,12.1,7.9,,,,,3.6,96.4,A*-E,96853
A-Level,Maths,2022,UK,Exam,A*-U,23.4,24.8,16.1,14.8,11.6,7.1,,,,,2.2,97.8,A*-E,95635
A-Level,Maths,2021,UK,Exam,A*-U,28.7,26.5,18.1,13.0,8.0,4.6,,,,,1.1,98.9,A*-E,97690
A-Level,Maths,2020,UK,Teacher,A*-U,23.8,26.5,20.4,16.2,8.7,4.0,,,,,0.4,99.6,A*-E,94264
A-Level,Maths,2020,UK,Exam,A*-U,17.0,24.9,18.1,16.7,13.2,7.8,,,,,2.3,97.7,A*-E,94168
A-Level,Maths,2019,UK,Exam,A*-U,16.5,24.5,18.1,16.5,13.2,8.0,,,,,3.2,96.8,A*-E,91898
A-Level,Maths,2018,UK,Exam,A*-U,15.9,26.3,22.6,16.0,10.0,5.5,,,,,3.7,96.3,A*-E,97627
A-Level,Maths,2017,UK,Exam,A*-U,17.9,24.4,21.9,16.1,10.7,6.0,,,,,3.0,97.0,A*-E,95244
A-Level,Maths,2016,UK,Exam,A*-U,17.5,24.3,22.3,16.1,10.8,6.0,,,,,2.9,97.1,A*-E,92163
A-Level,Maths,2015,UK,Exam,A*-U,17.7,24.0,21.9,16.2,11.0,6.4,,,,,2.8,97.2,A*-E,92711
A-Level,Maths,2014,UK,Exam,A*-U,17.3,24.8,22.5,15.9,10.8,6.0,,,,,2.7,97.3,A*-E,88816
A-Level,Maths,2013,UK,Exam,A*-U,16.8,26.2,22.2,16.1,10.6,5.7,,,,,2.4,97.6,A*-E,88060
A-Level,Maths,2012,UK,Exam,A*-U,17.4,26.5,22.0,15.7,10.5,5.6,,,,,2.3,97.7,A*-E,85714
A-Level,Maths,2011,UK,Exam,A*-U,17.8,26.9,21.7,15.4,10.2,5.6,,,,,2.4,97.6,A*-E,82995
A-Level,Maths,2010,UK,Exam,A*-U,17.2,27.6,21.7,15.2,9.9,5.8,,,,,2.6,97.4,A*-E,77001
A-Level,Maths,2009,UK,Exam,A*-U,,45.2,21.5,15.1,9.8,5.7,,,,,2.7,97.3,A*-E,72475
A-Level,Maths,2008,UK,Exam,A*-U,,44.0,22.1,15.2,10.1,5.8,,,,,2.8,97.2,A*-E,64593
A-Level,Maths,2007,UK,Exam,A*-U,,43.7,21.4,15.6,10.4,5.9,,,,,3.0,97.0,A*-E,60093
A-Level,Maths,2006,UK,Exam,A*-U,,43.5,21.1,15.3,10.5,6.5,,,,,3.1,96.9,A*-E,55982
A-Level,Maths,2005,UK,Exam,A*-U,,40.7,21.5,15.7,11.3,6.7,,,,,4.1,95.9,A*-E,52897
A-Level,Maths,2004,UK,Exam,A*-U,,37.9,21.3,16.5,11.7,7.8,,,,,4.8,95.2,A*-E,52788
A-Level,Maths,2003,UK,Exam,A*-U,,36.6,21.0,16.7,12.4,7.9,,,,,5.4,94.6,A*-E,50602
A-Level,Maths Further,2025,UK,Exam,A*-U,28.9,29.3,20.6,10.8,5.6,2.9,,,,,1.9,98.1,A*-E,19390
A-Level,Maths Further,2024,UK,Exam,A*-U,28.7,29.7,20.7,10.7,5.5,2.9,,,,,1.8,98.2,A*-E,18082
A-Level,Maths Further,2023,UK,Exam,A*-U,29.2,29.3,18.5,11.6,6.2,3.3,,,,,2.0,98.0,A*-E,15080
A-Level,Maths Further,2022,UK,Exam,A*-U,40.6,27.2,15.2,9.2,4.8,2.0,,,,,1.0,99.0,A*-E,15146
A-Level,Maths Further,2021,UK,Exam,A*-U,49.6,25.9,13.0,6.9,2.9,1.3,,,,,0.4,99.6,A*-E,15748
A-Level,Maths Further,2020,UK,Teacher,A*-U,41.8,29.9,16.4,7.9,2.8,1.0,,,,,0.2,99.8,A*-E,14979
A-Level,Maths Further,2020,UK,Exam,A*-U,32.6,29.6,18.5,11.0,5.2,2.1,,,,,1.0,99.0,A*-E,14966
A-Level,Maths Further,2019,UK,Exam,A*-U,24.7,28.8,20.2,12.9,7.7,3.6,,,,,2.1,97.9,A*-E,14527
A-Level,Maths Further,2018,UK,Exam,A*-U,28.8,29.0,19.2,11.0,6.3,3.3,,,,,2.4,97.6,A*-E,16157
A-Level,Maths Further,2017,UK,Exam,A*-U,30.1,28.0,19.4,10.7,6.5,3.3,,,,,2.0,98.0,A*-E,16172
A-Level,Maths Further,2016,UK,Exam,A*-U,28.7,27.5,20.6,11.3,6.5,3.5,,,,,1.9,98.1,A*-E,15257
A-Level,Maths Further,2015,UK,Exam,A*-U,29.0,27.3,20.2,11.2,6.7,3.4,,,,,2.2,97.8,A*-E,14993
A-Level,Maths Further,2014,UK,Exam,A*-U,26.5,29.5,19.8,12.0,6.6,3.3,,,,,2.3,97.7,A*-E,14028
A-Level,Maths Further,2013,UK,Exam,A*-U,28.0,28.5,22.0,11.4,5.7,2.9,,,,,1.5,98.5,A*-E,13821
A-Level,Maths Further,2012,UK,Exam,A*-U,28.6,28.8,21.0,11.0,6.1,2.8,,,,,1.7,98.3,A*-E,13223
A-Level,Maths Further,2011,UK,Exam,A*-U,27.5,30.2,21.3,10.5,5.8,3.0,,,,,1.7,98.3,A*-E,12287
A-Level,Maths Further,2010,UK,Exam,A*-U,29.9,28.9,19.9,11.1,5.6,2.9,,,,,1.7,98.3,A*-E,11682
A-Level,Maths Further,2009,UK,Exam,A*-U,,58.1,20.1,11.3,5.6,3.2,,,,,1.7,98.3,A*-E,10473
A-Level,Maths Further,2008,UK,Exam,A*-U,,57.5,20.3,11.1,5.8,3.0,,,,,2.3,97.7,A*-E,9091
A-Level,Maths Further,2007,UK,Exam,A*-U,,56.8,20.3,11.4,6.5,3.4,,,,,1.6,98.4,A*-E,7872
A-Level,Maths Further,2006,UK,Exam,A*-U,,56.9,19.5,11.5,6.6,3.6,,,,,1.9,98.1,A*-E,7270
A-Level,Maths Further,2005,UK,Exam,A*-U,,58.0,17.6,11.0,6.7,3.8,,,,,2.9,97.1,A*-E,5933
A-Level,Maths Further,2004,UK,Exam,A*-U,,58.9,16.8,10.8,6.9,4.4,,,,,2.2,97.8,A*-E,5720
A-Level,Maths Further,2003,UK,Exam,A*-U,,60.1,16.2,9.9,6.7,4.7,,,,,2.4,97.6,A*-E,5315
A-Level,Maths (including Further),2003,UK,Exam,A*-U,,38.9,20.5,16.0,11.8,7.7,,,,,5.1,94.9,A*-E,55917
A-Level,Maths (including Further),2002,UK,Exam,A*-U,,37.1,19.0,15.2,11.6,7.6,,,,,9.5,90.5,A*-E,53940
A-Level,Maths (including Further),2001,UK,Exam,A*-U,,29.3,18.8,16.0,14.1,10.9,6.4,,,,4.5,89.0,A*-E,66247
A-Level,Maths (including Further),2000,UK,Exam,A*-U,,28.9,19.2,16.7,14.0,10.1,6.3,,,,4.8,88.9,A*-E,67036
A-Level,Maths (including Further),1999,UK,Exam,A*-U,,28.3,19.0,16.5,13.8,10.7,6.6,,,,5.1,88.3,A*-E,69945
A-Level,Maths (including Further),1998,UK,Exam,A*-U,,28.0,19.1,16.7,13.9,10.6,6.5,,,,5.2,88.3,A*-E,70554
A-Level,Maths (including Further),1997,UK,Exam,A*-U,,27.0,20.2,17.7,14.0,10.4,6.1,,,,5.2,88.7,A*-E,69142
A-Level,Maths (including Further),1996,UK,Exam,A*-U,,26.7,19.3,17.0,14.1,10.9,6.4,,,,5.6,88.0,A*-E,67442
A-Level,Maths (including Further),1995,UK,Exam,A*-U,,27.4,18.3,16.6,14.1,10.5,6.7,,,,6.4,86.9,A*-E,64605
A-Level,Maths (including Further),1994,UK,Exam,A*-U,,25.3,18.0,16.5,14.3,11.0,7.3,,,,7.6,85.1,A*-E,64919
A-Level,Maths (including Further),1993,UK,Exam,A*-U,,24.3,17.0,15.7,14.0,11.5,7.8,,,,9.7,82.4,A*-E,66340
A-Level,"Media, Film, TV studies",2025,UK,Exam,A*-U,2.4,12.4,35.6,31.8,13.7,3.3,,,,,0.7,99.3,A*-E,23320
A-Level,"Media, Film, TV studies",2024,UK,Exam,A*-U,2.2,11.3,34.7,32.2,14.6,4.1,,,,,0.9,99.1,A*-E,22990
A-Level,"Media, Film, TV studies",2023,UK,Exam,A*-U,2.1,10.9,35.7,32.3,14.2,3.7,,,,,1.1,98.9,A*-E,23193
A-Level,"Media, Film, TV studies",2022,UK,Exam,A*-U,6.2,17.4,37.9,25.9,9.5,2.2,,,,,0.9,99.1,A*-E,21055
A-Level,"Media, Film, TV studies",2021,UK,Exam,A*-U,8.0,21.6,33.3,25.9,8.4,2.3,,,,,0.5,99.5,A*-E,20831
A-Level,"Media, Film, TV studies",2020,UK,Teacher,A*-U,5.2,18.6,35.2,30.6,8.9,1.4,,,,,0.1,99.9,A*-E,21585
A-Level,"Media, Film, TV studies",2020,UK,Exam,A*-U,2.1,12.0,35.6,33.7,13.2,2.9,,,,,0.5,99.5,A*-E,21584
A-Level,"Media, Film, TV studies",2019,UK,Exam,A*-U,1.5,9.8,33.3,35.4,15.5,3.5,,,,,1.0,99.0,A*-E,21874
A-Level,"Media, Film, TV studies",2018,UK,Exam,A*-U,1.8,10.0,31.7,36.2,16.0,3.5,,,,,0.8,99.2,A*-E,25384
A-Level,"Media, Film, TV studies",2017,UK,Exam,A*-U,1.7,9.8,32.4,37.1,15.5,2.9,,,,,0.6,99.4,A*-E,26956
A-Level,"Media, Film, TV studies",2016,UK,Exam,A*-U,1.2,9.4,32.0,37.8,16.1,3.0,,,,,0.5,99.5,A*-E,28140
A-Level,"Media, Film, TV studies",2015,UK,Exam,A*-U,1.4,9.5,31.6,37.4,16.2,3.2,,,,,0.7,99.3,A*-E,28467
A-Level,"Media, Film, TV studies",2014,UK,Exam,A*-U,1.4,9.1,31.9,37.4,16.2,3.4,,,,,0.6,99.4,A*-E,28497
A-Level,"Media, Film, TV studies",2013,UK,Exam,A*-U,1.3,9.4,31.7,37.1,16.4,3.4,,,,,0.7,99.3,A*-E,29112
A-Level,"Media, Film, TV studies",2012,UK,Exam,A*-U,1.6,9.4,30.3,36.9,17.5,3.6,,,,,0.7,99.3,A*-E,32111
A-Level,"Media, Film, TV studies",2011,UK,Exam,A*-U,1.6,10.2,31.0,35.9,16.6,3.8,,,,,0.9,99.1,A*-E,33855
A-Level,"Media, Film, TV studies",2010,UK,Exam,A*-U,1.8,10.7,31.0,34.7,16.7,4.1,,,,,1.0,99.0,A*-E,33375
A-Level,"Media, Film, TV studies",2009,UK,Exam,A*-U,,13.2,31.7,34.5,16.1,3.7,,,,,0.8,99.2,A*-E,33822
A-Level,"Media, Film, TV studies",2008,UK,Exam,A*-U,,13.7,31.3,33.5,16.3,4.2,,,,,1.0,99.0,A*-E,32749
A-Level,"Media, Film, TV studies",2007,UK,Exam,A*-U,,14.1,31.1,33.3,16.2,4.3,,,,,1.0,99.0,A*-E,31942
A-Level,"Media, Film, TV studies",2006,UK,Exam,A*-U,,13.8,29.9,32.8,17.3,5.0,,,,,1.2,98.8,A*-E,30964
A-Level,"Media, Film, TV studies",2005,UK,Exam,A*-U,,13.6,29.1,33.0,17.8,5.1,,,,,1.4,98.6,A*-E,28261
A-Level,"Media, Film, TV studies",2004,UK,Exam,A*-U,,13.7,27.7,31.6,19.3,5.9,,,,,1.8,98.2,A*-E,26894
A-Level,"Media, Film, TV studies",2003,UK,Exam,A*-U,,12.4,26.2,31.3,21.0,7.3,,,,,1.8,98.2,A*-E,24179
A-Level,"Media, Film, TV studies",2002,UK,Exam,A*-U,,11.9,24.8,32.1,21.6,7.5,,,,,2.1,97.9,A*-E,20172
A-Level,"Media, Film, TV studies",2001,UK,Exam,A*-U,,12.0,18.2,32.7,23.0,9.6,2.8,,,,1.7,95.5,A*-E,15805
A-Level,"Media, Film, TV studies",2000,UK,Exam,A*-U,,10.1,16.8,28.8,25.7,12.6,3.8,,,,2.2,94.0,A*-E,15269
A-Level,"Media, Film, TV studies",1999,UK,Exam,A*-U,,9.7,16.8,30.0,25.1,12.1,4.2,,,,2.1,93.7,A*-E,14222
A-Level,"Media, Film, TV studies",1998,UK,Exam,A*-U,,10.6,16.1,28.6,24.9,13.0,4.3,,,,2.5,93.2,A*-E,13545
A-Level,"Media, Film, TV studies",1997,UK,Exam,A*-U,,10.9,17.3,28.3,24.3,12.7,4.3,,,,2.2,93.5,A*-E,11517
A-Level,"Media, Film, TV studies",1996,UK,Exam,A*-U,,10.6,17.7,29.2,24.8,12.1,3.8,,,,1.8,94.4,A*-E,8883
A-Level,"Media, Film, TV studies",1995,UK,Exam,A*-U,,10.1,17.4,28.3,24.9,12.9,4.1,,,,2.3,93.6,A*-E,7056
A-Level,Music,2025,UK,Exam,A*-U,7.3,17.4,27.4,24.8,14.8,6.0,,,,,2.2,97.8,A*-E,5418
A-Level,Music,2024,UK,Exam,A*-U,6.8,17.4,28.0,24.7,15.2,6.0,,,,,1.9,98.1,A*-E,5517
A-Level,Music,2023,UK,Exam,A*-U,6.7,17.5,26.4,25.0,15.0,7.1,,,,,2.3,97.7,A*-E,5493
A-Level,Music,2022,UK,Exam,A*-U,16.9,25.4,24.6,18.3,9.8,3.8,,,,,1.2,98.8,A*-E,5916
A-Level,Music,2021,UK,Exam,A*-U,23.7,31.1,24.6,13.7,4.9,1.8,,,,,0.2,99.8,A*-E,5686
A-Level,Music,2020,UK,Teacher,A*-U,13.3,27.8,30.2,20.1,6.8,1.7,,,,,0.1,99.9,A*-E,5699
A-Level,Music,2020,UK,Exam,A*-U,10.8,23.7,29.2,21.5,10.3,3.7,,,,,0.8,99.2,A*-E,5698
A-Level,Music,2019,UK,Exam,A*-U,4.5,14.9,26.9,27.0,17.9,7.0,,,,,1.8,98.2,A*-E,5848
A-Level,Music,2018,UK,Exam,A*-U,4.5,15.5,26.3,26.9,17.9,7.2,,,,,1.7,98.3,A*-E,6251
A-Level,Music,2017,UK,Exam,A*-U,5.0,14.8,25.7,27.1,18.6,7.3,,,,,1.5,98.5,A*-E,6428
A-Level,Music,2016,UK,Exam,A*-U,4.1,14.9,26.1,27.6,18.8,7.1,,,,,1.4,98.6,A*-E,7089
A-Level,Music,2015,UK,Exam,A*-U,4.6,14.3,25.8,27.6,18.9,7.5,,,,,1.3,98.7,A*-E,7776
A-Level,Music,2014,UK,Exam,A*-U,3.4,14.7,25.4,27.6,19.3,8.1,,,,,1.5,98.5,A*-E,8375
A-Level,Music,2013,UK,Exam,A*-U,3.9,14.3,24.6,27.6,20.4,7.7,,,,,1.5,98.5,A*-E,8839
A-Level,Music,2012,UK,Exam,A*-U,4.1,14.6,24.6,26.8,19.7,8.5,,,,,1.7,98.3,A*-E,9495
A-Level,Music,2011,UK,Exam,A*-U,4.2,14.8,24.9,26.3,19.6,8.3,,,,,1.9,98.1,A*-E,10064
A-Level,Music,2010,UK,Exam,A*-U,4.0,15.1,24.2,25.4,20.1,9.2,,,,,2.0,98.0,A*-E,9969
A-Level,Music,2009,UK,Exam,A*-U,,18.5,23.9,24.8,20.1,10.1,,,,,2.6,97.4,A*-E,10425
A-Level,Music,2008,UK,Exam,A*-U,,18.1,23.6,24.4,21.0,10.1,,,,,2.8,97.2,A*-E,10673
A-Level,Music,2007,UK,Exam,A*-U,,17.6,22.9,25.4,20.5,10.3,,,,,3.3,96.7,A*-E,10547
A-Level,Music,2006,UK,Exam,A*-U,,17.8,22.9,25.0,20.3,10.7,,,,,3.3,96.7,A*-E,10407
A-Level,Music,2005,UK,Exam,A*-U,,18.9,22.3,24.7,19.9,10.9,,,,,3.3,96.7,A*-E,9774
A-Level,Music,2004,UK,Exam,A*-U,,21.0,23.3,23.6,18.7,9.7,,,,,3.7,96.3,A*-E,9280
A-Level,Music,2003,UK,Exam,A*-U,,21.8,23.0,24.7,17.9,9.2,,,,,3.4,96.6,A*-E,8826
A-Level,Music,2002,UK,Exam,A*-U,,21.7,24.8,24.7,17.5,8.5,,,,,2.8,97.2,A*-E,7441
A-Level,Music,2001,UK,Exam,A*-U,,22.3,19.4,24.6,18.8,9.6,3.8,,,,1.5,94.7,A*-E,6708
A-Level,Music,2000,UK,Exam,A*-U,,21.8,19.8,23.9,18.4,10.0,4.3,,,,1.8,93.9,A*-E,6815
A-Level,Music,1999,UK,Exam,A*-U,,20.3,20.5,24.7,18.6,10.1,4.2,,,,1.6,94.2,A*-E,6875
A-Level,Music,1998,UK,Exam,A*-U,,19.5,20.5,23.5,19.0,10.8,4.5,,,,2.2,93.3,A*-E,7012
A-Level,Music,1997,UK,Exam,A*-U,,19.2,20.8,24.0,18.6,11.0,4.5,,,,1.9,93.6,A*-E,6916
A-Level,Music,1996,UK,Exam,A*-U,,19.3,20.4,23.3,19.0,11.5,4.9,,,,1.6,93.5,A*-E,6518
A-Level,Music,1995,UK,Exam,A*-U,,19.1,19.9,23.4,18.8,11.7,4.9,,,,2.2,92.9,A*-E,6029
A-Level,Music,1994,UK,Exam,A*-U,,17.9,18.9,24.1,19.8,11.3,5.4,,,,2.6,92.0,A*-E,5800
A-Level,Music,1993,UK,Exam,A*-U,,15.9,16.3,21.8,19.6,14.3,7.0,,,,5.0,88.0,A*-E,5134
A-Level,*Other Modern Languages,2025,UK,Exam,A*-U,40.4,29.9,16.4,7.4,3.5,1.3,,,,,1.0,99.0,A*-E,6672
A-Level,*Other Modern Languages,2024,UK,Exam,A*-U,38.7,29.6,18.3,7.5,3.4,1.4,,,,,1.1,98.9,A*-E,6429
A-Level,*Other Modern Languages,2023,UK,Exam,A*-U,23.1,37.3,23.5,9.4,3.6,1.8,,,,,1.4,98.6,A*-E,5955
A-Level,*Other Modern Languages,2022,UK,Exam,A*-U,38.5,32.5,17.5,6.1,2.6,1.5,,,,,1.3,98.7,A*-E,5518
A-Level,*Other Modern Languages,2021,UK,Exam,A*-U,50.6,31.5,12.3,4.2,0.8,0.3,,,,,0.3,99.7,A*-E,5256
A-Level,*Other Modern Languages,2020,UK,Teacher,A*-U,31.3,42.5,17.9,6.0,1.4,0.3,,,,,0.6,99.4,A*-E,4928
A-Level,*Other Modern Languages,2020,UK,Exam,A*-U,25.7,40.5,22.9,7.8,1.9,0.4,,,,,0.8,99.2,A*-E,4921
A-Level,*Other Modern Languages,2019,UK,Exam,A*-U,17.4,33.7,26.9,11.9,5.6,2.3,,,,,2.2,97.8,A*-E,8289
A-Level,*Other Modern Languages,2018,UK,Exam,A*-U,13.7,37.8,29.3,12.0,4.1,1.7,,,,,1.4,98.6,A*-E,9673
A-Level,*Other Modern Languages,2017,UK,Exam,A*-U,14.1,36.7,29.7,11.7,4.2,1.9,,,,,1.7,98.3,A*-E,9386
A-Level,*Other Modern Languages,2016,UK,Exam,A*-U,13.7,37.1,28.9,12.5,4.3,2.2,,,,,1.3,98.7,A*-E,9209
A-Level,*Other Modern Languages,2015,UK,Exam,A*-U,15.0,36.6,29.3,11.4,4.3,2.1,,,,,1.3,98.7,A*-E,9375
A-Level,*Other Modern Languages,2014,UK,Exam,A*-U,14.0,37.5,28.3,12.1,4.2,2.2,,,,,1.7,98.3,A*-E,9007
A-Level,*Other Modern Languages,2013,UK,Exam,A*-U,13.0,36.3,29.7,12.2,4.5,2.4,,,,,1.9,98.1,A*-E,9087
A-Level,*Other Modern Languages,2012,UK,Exam,A*-U,12.8,38.9,29.0,12.0,4.1,1.7,,,,,1.5,98.5,A*-E,9136
A-Level,*Other Modern Languages,2011,UK,Exam,A*-U,13.1,38.7,27.9,11.7,4.8,2.3,,,,,1.5,98.5,A*-E,8953
A-Level,*Other Modern Languages,2010,UK,Exam,A*-U,13.8,36.9,27.4,11.5,5.1,2.9,,,,,2.4,97.6,A*-E,7370
A-Level,*Other Modern Languages,2009,UK,Exam,A*-U,,46.8,31.6,11.8,4.6,2.8,,,,,2.4,97.6,A*-E,7932
A-Level,*Other Modern Languages,2008,UK,Exam,A*-U,,47.7,29.3,12.2,5.4,3.2,,,,,2.2,97.8,A*-E,7377
A-Level,*Other Modern Languages,2007,UK,Exam,A*-U,,47.5,29.6,13.0,4.7,2.8,,,,,2.4,97.6,A*-E,6752
A-Level,*Other Modern Languages,2006,UK,Exam,A*-U,,43.9,30.0,13.7,6.0,3.3,,,,,3.1,96.9,A*-E,7009
A-Level,*Other Modern Languages,2005,UK,Exam,A*-U,,40.9,29.1,16.3,6.7,3.6,,,,,3.4,96.6,A*-E,6412
A-Level,*Other Modern Languages,2004,UK,Exam,A*-U,,42.6,30.3,14.6,6.6,3.2,,,,,2.7,97.3,A*-E,6023
A-Level,*Other Modern Languages,2003,UK,Exam,A*-U,,45.1,27.6,14.8,6.3,3.3,,,,,2.9,97.1,A*-E,5918
A-Level,*Other Modern Languages,2002,UK,Exam,A*-U,,43.0,27.2,15.2,6.1,2.9,,,,,5.6,94.4,A*-E,5523
A-Level,*Other Modern Languages,2001,UK,Exam,A*-U,,43.6,21.6,16.7,10.0,5.1,1.9,,,,1.1,97.0,A*-E,2530
A-Level,*Other Modern Languages,2000,UK,Exam,A*-U,,35.3,25.8,17.5,10.7,5.8,2.7,,,,2.2,95.1,A*-E,5296
A-Level,*Other Modern Languages,1999,UK,Exam,A*-U,,34.5,25.3,17.5,11.5,6.1,2.6,,,,2.5,94.9,A*-E,4973
A-Level,*Other Modern Languages,1998,UK,Exam,A*-U,,32.4,25.7,18.6,11.4,6.0,3.0,,,,2.9,94.1,A*-E,5157
A-Level,*Other Modern Languages,1997,UK,Exam,A*-U,,30.4,23.8,17.1,12.6,7.0,4.1,,,,5.0,90.9,A*-E,5501
A-Level,*Other Modern Languages,1996,UK,Exam,A*-U,,29.4,22.1,18.8,12.6,8.4,4.4,,,,4.3,91.3,A*-E,5431
A-Level,*Other Modern Languages,1995,UK,Exam,A*-U,,29.9,24.4,18.6,12.6,6.6,3.8,,,,4.1,92.1,A*-E,4886
A-Level,*Other Modern Languages,1994,UK,Exam,A*-U,,24.3,24.7,19.8,14.1,8.0,4.6,,,,4.5,90.9,A*-E,4500
A-Level,*Other Modern Languages,1993,UK,Exam,A*-U,,22.1,24.7,19.0,14.2,9.8,5.5,,,,4.8,89.7,A*-E,4478
A-Level,"Other sciences (All science subjects except Biology, Chemistry and Physics)",2025,UK,Exam,A*-U,8.5,15.7,21.7,24.2,16.9,9.6,,,,,3.5,96.5,A*-E,2447
A-Level,"Other sciences (All science subjects except Biology, Chemistry and Physics)",2024,UK,Exam,A*-U,8.4,15.6,22.7,22.7,17.9,9.5,,,,,3.2,96.8,A*-E,2585
A-Level,"Other sciences (All science subjects except Biology, Chemistry and Physics)",2023,UK,Exam,A*-U,9.5,17.0,23.5,21.9,17.6,7.8,,,,,2.6,97.4,A*-E,2409
A-Level,"Other sciences (All science subjects except Biology, Chemistry and Physics)",2022,UK,Exam,A*-U,12.0,21.5,22.9,20.6,15.1,5.8,,,,,2.1,97.9,A*-E,2209
A-Level,"Other sciences (All science subjects except Biology, Chemistry and Physics)",2021,UK,Exam,A*-U,14.2,27.1,25.0,19.9,9.1,3.8,,,,,0.9,99.1,A*-E,2212
A-Level,"Other sciences (All science subjects except Biology, Chemistry and Physics)",2020,UK,Teacher,A*-U,12.4,23.3,28.5,23.7,9.5,2.4,,,,,0.2,99.8,A*-E,2196
A-Level,"Other sciences (All science subjects except Biology, Chemistry and Physics)",2020,UK,Exam,A*-U,8.8,18.9,23.6,23.2,16.2,7.7,,,,,1.6,98.4,A*-E,2196
A-Level,"Other sciences (All science subjects except Biology, Chemistry and Physics)",2019,UK,Exam,A*-U,6.2,16.3,22.5,24.7,18.2,9.6,,,,,2.5,97.5,A*-E,2527
A-Level,"Other sciences (All science subjects except Biology, Chemistry and Physics)",2018,UK,Exam,A*-U,7.8,17.8,26.1,24.7,14.2,6.7,,,,,2.7,97.3,A*-E,2711
A-Level,"Other sciences (All science subjects except Biology, Chemistry and Physics)",2017,UK,Exam,A*-U,8.4,19.7,26.8,22.8,15.3,5.6,,,,,1.4,98.6,A*-E,2840
A-Level,"Other sciences (All science subjects except Biology, Chemistry and Physics)",2016,UK,Exam,A*-U,7.6,21.4,26.4,22.9,14.6,5.5,,,,,1.6,98.4,A*-E,3304
A-Level,"Other sciences (All science subjects except Biology, Chemistry and Physics)",2015,UK,Exam,A*-U,7.7,20.6,25.5,23.8,14.6,6.1,,,,,1.7,98.3,A*-E,3481
A-Level,"Other sciences (All science subjects except Biology, Chemistry and Physics)",2014,UK,Exam,A*-U,8.8,20.4,25.3,21.5,15.0,7.2,,,,,1.8,98.2,A*-E,3486
A-Level,"Other sciences (All science subjects except Biology, Chemistry and Physics)",2013,UK,Exam,A*-U,8.4,19.2,26.2,22.5,14.9,6.7,,,,,2.1,97.9,A*-E,3477
A-Level,"Other sciences (All science subjects except Biology, Chemistry and Physics)",2012,UK,Exam,A*-U,8.6,21.4,25.0,21.4,14.8,6.7,,,,,2.1,97.9,A*-E,3375
A-Level,"Other sciences (All science subjects except Biology, Chemistry and Physics)",2011,UK,Exam,A*-U,9.9,20.4,23.9,21.0,13.9,7.8,,,,,3.1,96.9,A*-E,3277
A-Level,Performing / Expressive Arts,2025,UK,Exam,A*-U,8.5,18.2,35.5,22.7,11.6,2.8,,,,,0.7,99.3,A*-E,1168
A-Level,Performing / Expressive Arts,2024,UK,Exam,A*-U,7.6,20.0,30.3,27.1,10.7,3.5,,,,,0.8,99.2,A*-E,1170
A-Level,Performing / Expressive Arts,2023,UK,Exam,A*-U,8.6,20.4,33.5,23.6,9.3,3.7,,,,,0.9,99.1,A*-E,1203
A-Level,Performing / Expressive Arts,2022,UK,Exam,A*-U,17.0,26.3,32.1,18.3,5.1,0.7,,,,,0.5,99.5,A*-E,1380
A-Level,Performing / Expressive Arts,2021,UK,Exam,A*-U,20.9,30.2,30.6,14.8,2.9,0.5,,,,,0.1,99.9,A*-E,1395
A-Level,Performing / Expressive Arts,2020,UK,Teacher,A*-U,13.6,29.7,34.7,17.9,3.9,0.2,,,,,0.0,100.0,A*-E,1329
A-Level,Performing / Expressive Arts,2020,UK,Exam,A*-U,11.1,23.1,33.3,23.2,7.8,1.4,,,,,0.1,99.9,A*-E,1328
A-Level,Performing / Expressive Arts,2019,UK,Exam,A*-U,7.2,16.8,32.3,29.1,11.7,2.3,,,,,0.6,99.4,A*-E,1263
A-Level,Performing / Expressive Arts,2018,UK,Exam,A*-U,7.2,14.1,34.7,29.0,11.7,2.6,,,,,0.7,99.3,A*-E,1520
A-Level,Performing / Expressive Arts,2017,UK,Exam,A*-U,5.9,15.7,35.4,28.3,12.1,2.3,,,,,0.3,99.7,A*-E,1948
A-Level,Performing / Expressive Arts,2016,UK,Exam,A*-U,4.4,15.0,35.8,29.7,12.3,2.5,,,,,0.2,99.8,A*-E,2179
A-Level,Performing / Expressive Arts,2015,UK,Exam,A*-U,4.7,13.8,34.0,30.2,14.9,2.3,,,,,0.1,99.9,A*-E,2573
A-Level,Performing / Expressive Arts,2014,UK,Exam,A*-U,3.6,12.5,34.2,30.7,15.0,3.6,,,,,0.4,99.6,A*-E,2546
A-Level,Performing / Expressive Arts,2013,UK,Exam,A*-U,3.9,12.7,33.0,30.5,16.2,3.2,,,,,0.5,99.5,A*-E,2782
A-Level,Performing / Expressive Arts,2012,UK,Exam,A*-U,3.9,13.9,30.3,30.6,15.9,4.7,,,,,0.7,99.3,A*-E,3152
A-Level,Performing / Expressive Arts,2011,UK,Exam,A*-U,4.7,12.1,30.1,30.7,16.8,4.9,,,,,0.7,99.3,A*-E,3575
A-Level,Performing / Expressive Arts,2010,UK,Exam,A*-U,5.9,12.0,29.4,30.1,16.3,5.5,,,,,0.8,99.2,A*-E,3708
A-Level,Performing / Expressive Arts,2009,UK,Exam,A*-U,,18.6,27.7,29.0,17.8,5.5,,,,,1.4,98.6,A*-E,3591
A-Level,Performing / Expressive Arts,2008,UK,Exam,A*-U,,16.7,27.4,28.8,19.1,6.3,,,,,1.7,98.3,A*-E,3628
A-Level,Performing / Expressive Arts,2007,UK,Exam,A*-U,,14.8,25.9,29.6,20.3,7.8,,,,,1.6,98.4,A*-E,3930
A-Level,Performing / Expressive Arts,2006,UK,Exam,A*-U,,14.6,23.9,28.9,21.4,9.0,,,,,2.2,97.8,A*-E,3949
A-Level,Philosophy,2025,UK,Exam,A*-U,4.6,17.6,28.5,23.4,15.5,7.7,,,,,2.6,97.4,A*-E,3814
A-Level,Philosophy,2024,UK,Exam,A*-U,4.8,16.9,26.9,24.2,14.4,9.1,,,,,3.7,96.3,A*-E,3803
A-Level,Physics,2025,UK,Exam,A*-U,11.2,20.9,20.8,18.8,14.3,9.4,,,,,4.6,95.4,A*-E,44957
A-Level,Physics,2024,UK,Exam,A*-U,11.3,20.6,19.5,18.3,15.6,10.0,,,,,4.7,95.3,A*-E,43114
A-Level,Physics,2023,UK,Exam,A*-U,11.3,20.4,19.7,17.9,15.2,10.8,,,,,4.7,95.3,A*-E,38379
A-Level,Physics,2022,UK,Exam,A*-U,16.9,22.6,20.5,17.6,12.7,7.2,,,,,2.5,97.5,A*-E,39753
A-Level,Physics,2021,UK,Exam,A*-U,21.9,24.9,22.0,16.4,9.2,4.9,,,,,0.7,99.3,A*-E,40741
A-Level,Physics,2020,UK,Teacher,A*-U,17.4,24.5,23.7,18.8,10.8,4.4,,,,,0.4,99.6,A*-E,37921
A-Level,Physics,2020,UK,Exam,A*-U,10.5,20.5,21.1,20.1,15.8,8.8,,,,,3.2,96.8,A*-E,37893
A-Level,Physics,2019,UK,Exam,A*-U,8.7,19.2,22.5,20.1,15.6,9.2,,,,,4.7,95.3,A*-E,38958
A-Level,Physics,2018,UK,Exam,A*-U,9.4,20.2,20.7,19.8,16.0,9.7,,,,,4.2,95.8,A*-E,37806
A-Level,Physics,2017,UK,Exam,A*-U,9.2,20.0,20.9,19.7,16.3,9.8,,,,,4.2,95.8,A*-E,36578
A-Level,Physics,2016,UK,Exam,A*-U,8.8,20.8,22.5,19.3,15.0,10.0,,,,,3.6,96.4,A*-E,35344
A-Level,Physics,2015,UK,Exam,A*-U,9.7,20.7,22.2,18.9,14.9,10.0,,,,,3.6,96.4,A*-E,36287
A-Level,Physics,2014,UK,Exam,A*-U,10.0,20.6,22.8,18.8,14.7,9.8,,,,,3.3,96.7,A*-E,36701
A-Level,Physics,2013,UK,Exam,A*-U,9.2,21.8,23.6,19.3,14.1,8.9,,,,,3.1,96.9,A*-E,35569
A-Level,Physics,2012,UK,Exam,A*-U,9.9,22.0,23.1,19.0,13.9,8.9,,,,,3.2,96.8,A*-E,34509
A-Level,Physics,2011,UK,Exam,A*-U,10.4,22.6,22.2,18.3,14.5,8.7,,,,,3.3,96.7,A*-E,32860
A-Level,Physics,2010,UK,Exam,A*-U,10.3,22.6,22.0,18.0,13.8,9.4,,,,,3.9,96.1,A*-E,30976
A-Level,Physics,2009,UK,Exam,A*-U,,32.0,20.8,18.0,14.6,10.1,,,,,4.5,95.5,A*-E,29436
A-Level,Physics,2008,UK,Exam,A*-U,,31.8,20.8,18.0,14.8,10.1,,,,,4.5,95.5,A*-E,28096
A-Level,Physics,2007,UK,Exam,A*-U,,30.8,21.0,18.4,14.6,10.4,,,,,4.8,95.2,A*-E,27466
A-Level,Physics,2006,UK,Exam,A*-U,,29.4,21.3,18.2,14.8,11.0,,,,,5.3,94.7,A*-E,27368
A-Level,Physics,2005,UK,Exam,A*-U,,28.6,21.0,18.5,15.3,10.8,,,,,5.8,94.2,A*-E,28119
A-Level,Physics,2004,UK,Exam,A*-U,,28.4,20.7,18.8,15.2,10.9,,,,,6.0,94.0,A*-E,28698
A-Level,Physics,2003,UK,Exam,A*-U,,27.2,20.7,18.3,15.8,11.6,,,,,6.4,93.6,A*-E,30583
A-Level,Physics,2002,UK,Exam,A*-U,,26.8,20.1,18.6,15.8,11.9,,,,,6.8,93.2,A*-E,31543
A-Level,Physics,2001,UK,Exam,A*-U,,24.9,19.8,18.2,14.6,11.8,6.9,,,,3.8,89.3,A*-E,30701
A-Level,Physics,2000,UK,Exam,A*-U,,24.7,20.0,18.6,15.0,11.2,6.6,,,,3.9,89.5,A*-E,32059
A-Level,Physics,1999,UK,Exam,A*-U,,24.1,20.0,18.8,15.3,11.3,6.6,,,,4.9,89.5,A*-E,33880
A-Level,Physics,1998,UK,Exam,A*-U,,22.4,20.8,18.6,15.5,11.2,7.1,,,,4.4,88.5,A*-E,34244
A-Level,Physics,1997,UK,Exam,A*-U,,21.5,21.4,18.3,15.3,11.3,7.2,,,,5.0,87.8,A*-E,33508
A-Level,Physics,1996,UK,Exam,A*-U,,20.6,19.1,17.9,15.5,12.8,8.3,,,,5.8,85.9,A*-E,32801
A-Level,Physics,1995,UK,Exam,A*-U,,21.2,16.6,17.0,16.0,13.5,9.0,,,,6.7,84.3,A*-E,34802
A-Level,Physics,1994,UK,Exam,A*-U,,18.2,15.6,16.7,16.7,15.1,10.2,,,,7.5,82.2,A*-E,36147
A-Level,Physics,1993,UK,Exam,A*-U,,16.7,15.9,16.3,17.0,14.4,10.3,,,,9.5,80.3,A*-E,38168
A-Level,Political Studies,2025,UK,Exam,A*-U,8.3,19.7,30.4,23.1,12.1,4.4,,,,,2.0,98.0,A*-E,22185
A-Level,Political Studies,2024,UK,Exam,A*-U,8.5,19.9,29.2,21.6,12.9,5.7,,,,,2.2,97.8,A*-E,21926
A-Level,Political Studies,2023,UK,Exam,A*-U,8.3,19.6,28.9,22.9,12.4,5.7,,,,,2.1,97.9,A*-E,22163
A-Level,Political Studies,2022,UK,Exam,A*-U,14.8,24.3,29.6,18.7,8.5,2.9,,,,,1.2,98.8,A*-E,20496
A-Level,Political Studies,2021,UK,Exam,A*-U,19.1,27.4,26.5,17.6,6.6,2.3,,,,,0.5,99.5,A*-E,18473
A-Level,Political Studies,2020,UK,Teacher,A*-U,13.8,26.0,28.7,21.3,7.7,2.2,,,,,0.3,99.7,A*-E,17659
A-Level,Political Studies,2020,UK,Exam,A*-U,7.9,20.2,29.7,24.1,12.2,4.5,,,,,1.4,98.6,A*-E,17658
A-Level,Political Studies,2019,UK,Exam,A*-U,6.8,19.2,29.7,24.5,12.9,4.9,,,,,2.0,98.0,A*-E,19729
A-Level,Political Studies,2018,UK,Exam,A*-U,7.6,20.0,28.8,23.5,12.7,5.3,,,,,2.1,97.9,A*-E,17964
A-Level,Political Studies,2017,UK,Exam,A*-U,6.7,20.1,29.0,24.0,13.1,5.1,,,,,2.0,98.0,A*-E,17523
A-Level,Political Studies,2016,UK,Exam,A*-U,6.5,20.7,29.2,23.9,12.8,5.0,,,,,1.8,98.2,A*-E,15540
A-Level,Political Studies,2015,UK,Exam,A*-U,7.3,20.1,28.5,23.5,13.6,5.3,,,,,1.7,98.3,A*-E,15103
A-Level,Political Studies,2014,UK,Exam,A*-U,7.7,20.2,28.7,22.7,13.1,5.7,,,,,1.9,98.1,A*-E,13761
A-Level,Political Studies,2013,UK,Exam,A*-U,6.7,22.6,29.3,22.9,12.1,5.0,,,,,1.4,98.6,A*-E,15393
A-Level,Political Studies,2012,UK,Exam,A*-U,7.0,23.1,29.1,22.1,12.2,5.0,,,,,1.5,98.5,A*-E,13260
A-Level,Political Studies,2011,UK,Exam,A*-U,8.8,23.2,29.0,21.3,11.4,4.6,,,,,1.7,98.3,A*-E,14848
A-Level,Political Studies,2010,UK,Exam,A*-U,8.7,25.1,27.9,20.7,11.3,4.6,,,,,1.7,98.3,A*-E,13744
A-Level,Political Studies,2009,UK,Exam,A*-U,,33.6,28.0,20.5,11.8,4.6,,,,,1.5,98.5,A*-E,13392
A-Level,Political Studies,2008,UK,Exam,A*-U,,32.7,28.3,21.1,11.1,5.0,,,,,1.8,98.2,A*-E,12426
A-Level,Political Studies,2007,UK,Exam,A*-U,,31.9,28.4,20.6,12.0,5.0,,,,,2.1,97.9,A*-E,12194
A-Level,Political Studies,2006,UK,Exam,A*-U,,29.4,28.7,22.0,12.6,5.4,,,,,1.9,98.1,A*-E,11345
A-Level,Political Studies,2005,UK,Exam,A*-U,,27.0,29.2,22.9,12.5,5.9,,,,,2.5,97.5,A*-E,11218
A-Level,Political Studies,2004,UK,Exam,A*-U,,27.2,28.7,21.5,13.8,6.0,,,,,2.8,97.2,A*-E,10213
A-Level,Political Studies,2003,UK,Exam,A*-U,,26.5,27.3,22.0,13.8,7.2,,,,,3.2,96.8,A*-E,9819
A-Level,Political Studies,2002,UK,Exam,A*-U,,26.8,27.4,22.2,14.8,7.7,,,,,3.5,96.5,A*-E,8770
A-Level,Political Studies,2001,UK,Exam,A*-U,,20.7,22.6,22.8,16.5,9.7,4.8,,,,2.9,92.3,A*-E,8794
A-Level,Political Studies,2000,UK,Exam,A*-U,,21.0,21.9,22.6,16.0,10.1,5.1,,,,3.3,91.6,A*-E,9172
A-Level,Political Studies,1999,UK,Exam,A*-U,,19.2,21.9,22.6,17.4,10.3,5.1,,,,3.5,91.4,A*-E,9840
A-Level,Political Studies,1998,UK,Exam,A*-U,,17.9,21.7,23.2,17.8,10.3,5.3,,,,3.8,90.9,A*-E,10051
A-Level,Political Studies,1997,UK,Exam,A*-U,,13.6,23.3,23.0,18.1,10.6,5.6,,,,5.8,88.6,A*-E,10927
A-Level,Political Studies,1996,UK,Exam,A*-U,,14.6,21.3,21.4,18.6,12.4,5.6,,,,6.1,88.3,A*-E,11292
A-Level,Political Studies,1995,UK,Exam,A*-U,,13.0,19.9,21.1,19.1,13.0,6.8,,,,7.1,86.1,A*-E,11858
A-Level,Psychology,2025,UK,Exam,A*-U,5.8,13.6,27.6,25.4,16.3,8.3,,,,,3.0,97.0,A*-E,75943
A-Level,Psychology,2024,UK,Exam,A*-U,5.8,13.6,26.6,25.0,16.8,8.8,,,,,3.4,96.6,A*-E,78556
A-Level,Psychology,2023,UK,Exam,A*-U,5.7,13.4,25.6,25.2,17.4,9.3,,,,,3.4,96.6,A*-E,80493
A-Level,Psychology,2022,UK,Exam,A*-U,10.4,18.3,28.2,22.5,13.2,5.6,,,,,1.8,98.2,A*-E,78741
A-Level,Psychology,2021,UK,Exam,A*-U,13.9,23.1,27.4,21.2,9.8,4.0,,,,,0.6,99.4,A*-E,71235
A-Level,Psychology,2020,UK,Teacher,A*-U,9.0,20.2,28.4,26.2,12.1,3.8,,,,,0.3,99.7,A*-E,65263
A-Level,Psychology,2020,UK,Exam,A*-U,4.3,12.8,27.0,28.8,17.7,7.0,,,,,2.4,97.6,A*-E,65255
A-Level,Psychology,2019,UK,Exam,A*-U,4.2,12.4,26.5,27.9,17.8,8.3,,,,,2.9,97.1,A*-E,64598
A-Level,Psychology,2018,UK,Exam,A*-U,4.5,13.2,26.9,27.7,17.7,7.2,,,,,2.8,97.2,A*-E,59708
A-Level,Psychology,2017,UK,Exam,A*-U,4.5,13.5,27.4,28.1,17.2,6.6,,,,,2.7,97.3,A*-E,58663
A-Level,Psychology,2016,UK,Exam,A*-U,5.2,12.7,26.8,27.1,17.7,7.8,,,,,2.7,97.3,A*-E,59469
A-Level,Psychology,2015,UK,Exam,A*-U,4.4,12.7,26.5,27.1,18.3,8.1,,,,,2.9,97.1,A*-E,57014
A-Level,Psychology,2014,UK,Exam,A*-U,4.8,12.0,25.4,26.8,18.9,9.0,,,,,3.1,96.9,A*-E,54818
A-Level,Psychology,2013,UK,Exam,A*-U,4.0,13.0,26.1,26.8,19.0,8.5,,,,,2.6,97.4,A*-E,56088
A-Level,Psychology,2012,UK,Exam,A*-U,4.2,13.3,26.1,26.8,18.3,8.6,,,,,2.7,97.3,A*-E,56486
A-Level,Psychology,2011,UK,Exam,A*-U,4.3,13.9,25.1,26.4,18.5,8.9,,,,,2.9,97.1,A*-E,56133
A-Level,Psychology,2010,UK,Exam,A*-U,5.2,13.5,24.8,26.1,18.6,8.7,,,,,3.1,96.9,A*-E,54940
A-Level,Psychology,2009,UK,Exam,A*-U,,19.2,24.8,24.8,18.5,9.7,,,,,3.0,97.0,A*-E,52872
A-Level,Psychology,2008,UK,Exam,A*-U,,19.3,23.8,24.6,18.6,10.3,,,,,3.4,96.6,A*-E,52706
A-Level,Psychology,2007,UK,Exam,A*-U,,19.0,23.2,24.2,18.8,10.7,,,,,4.1,95.9,A*-E,52048
A-Level,Psychology,2006,UK,Exam,A*-U,,17.8,22.9,24.5,18.9,11.2,,,,,4.7,95.3,A*-E,52621
A-Level,Psychology,2005,UK,Exam,A*-U,,17.8,22.7,23.6,19.3,11.8,,,,,4.8,95.2,A*-E,50035
A-Level,Psychology,2004,UK,Exam,A*-U,,17.8,22.7,23.8,18.9,11.5,,,,,5.3,94.7,A*-E,46933
A-Level,Psychology,2003,UK,Exam,A*-U,,16.9,22.3,23.4,19.5,11.9,,,,,6.0,94.0,A*-E,41949
A-Level,Psychology,2002,UK,Exam,A*-U,,15.3,20.5,22.8,20.4,13.8,,,,,7.2,92.8,A*-E,34611
A-Level,Psychology,2001,UK,Exam,A*-U,,12.5,18.8,20.6,17.7,14.9,9.0,,,,6.5,84.5,A*-E,31740
A-Level,Psychology,2000,UK,Exam,A*-U,,11.6,18.4,20.2,18.6,14.2,10.0,,,,7.0,83.0,A*-E,30187
A-Level,Psychology,1999,UK,Exam,A*-U,,11.9,17.8,20.6,18.3,14.0,10.1,,,,7.3,82.6,A*-E,28737
A-Level,Psychology,1998,UK,Exam,A*-U,,11.1,16.7,20.2,18.8,14.9,10.5,,,,7.8,81.7,A*-E,29796
A-Level,Psychology,1997,UK,Exam,A*-U,,11.0,17.4,19.4,18.4,14.4,9.6,,,,9.8,80.6,A*-E,27209
A-Level,Psychology,1996,UK,Exam,A*-U,,11.2,16.9,18.3,17.9,15.1,9.8,,,,10.8,79.4,A*-E,23877
A-Level,Psychology,1995,UK,Exam,A*-U,,10.8,16.1,17.6,18.0,15.5,10.3,,,,10.7,78.0,A*-E,22111
A-Level,Religious Studies,2025,UK,Exam,A*-U,5.9,19.6,31.1,24.6,12.6,4.7,,,,,1.5,98.5,A*-E,16439
A-Level,Religious Studies,2024,UK,Exam,A*-U,6.0,19.7,29.2,23.9,13.8,5.6,,,,,1.8,98.2,A*-E,16622
A-Level,Religious Studies,2023,UK,Exam,A*-U,6.3,20.0,29.8,23.4,12.9,5.6,,,,,1.9,98.1,A*-E,16853
A-Level,Religious Studies,2022,UK,Exam,A*-U,12.3,23.9,31.6,19.8,8.4,3.0,,,,,1.0,99.0,A*-E,17789
A-Level,Religious Studies,2021,UK,Exam,A*-U,16.0,28.4,28.8,18.7,5.7,2.0,,,,,0.3,99.7,A*-E,18382
A-Level,Religious Studies,2020,UK,Teacher,A*-U,11.3,25.1,30.0,23.2,8.1,2.1,,,,,0.2,99.8,A*-E,17539
A-Level,Religious Studies,2020,UK,Exam,A*-U,5.8,19.3,29.9,25.7,13.2,4.8,,,,,1.3,98.7,A*-E,17539
A-Level,Religious Studies,2019,UK,Exam,A*-U,4.3,17.6,28.6,26.2,15.4,6.1,,,,,1.8,98.2,A*-E,19406
A-Level,Religious Studies,2018,UK,Exam,A*-U,4.6,18.2,29.9,26.1,13.9,5.5,,,,,1.8,98.2,A*-E,20527
A-Level,Religious Studies,2017,UK,Exam,A*-U,5.2,18.3,31.2,26.1,12.8,4.7,,,,,1.7,98.3,A*-E,26086
A-Level,Religious Studies,2016,UK,Exam,A*-U,5.2,18.3,31.1,25.8,13.4,4.6,,,,,1.6,98.4,A*-E,27032
A-Level,Religious Studies,2015,UK,Exam,A*-U,5.0,18.8,30.6,25.7,13.6,4.9,,,,,1.4,98.6,A*-E,25773
A-Level,Religious Studies,2014,UK,Exam,A*-U,6.2,18.6,29.4,25.3,13.8,5.2,,,,,1.5,98.5,A*-E,24213
A-Level,Religious Studies,2013,UK,Exam,A*-U,4.9,20.6,29.8,25.0,13.8,4.7,,,,,1.2,98.8,A*-E,23354
A-Level,Religious Studies,2012,UK,Exam,A*-U,5.0,20.5,30.4,24.4,13.3,5.0,,,,,1.4,98.6,A*-E,23042
A-Level,Religious Studies,2011,UK,Exam,A*-U,5.5,21.8,30.5,23.4,12.5,4.8,,,,,1.5,98.5,A*-E,22325
A-Level,Religious Studies,2010,UK,Exam,A*-U,6.0,21.5,28.5,23.3,13.3,5.7,,,,,1.7,98.3,A*-E,21233
A-Level,Religious Studies,2009,UK,Exam,A*-U,,26.7,30.7,23.6,13.0,4.6,,,,,1.4,98.6,A*-E,21079
A-Level,Religious Studies,2008,UK,Exam,A*-U,,26.7,30.0,24.2,13.1,4.6,,,,,1.4,98.6,A*-E,20134
A-Level,Religious Studies,2007,UK,Exam,A*-U,,27.0,31.0,23.6,12.5,4.6,,,,,1.3,98.7,A*-E,19006
A-Level,Religious Studies,2006,UK,Exam,A*-U,,26.5,29.4,24.3,12.9,5.3,,,,,1.6,98.4,A*-E,18205
A-Level,Religious Studies,2005,UK,Exam,A*-U,,25.3,30.5,23.9,13.3,5.4,,,,,1.6,98.4,A*-E,16859
A-Level,Religious Studies,2004,UK,Exam,A*-U,,24.9,30.5,24.1,13.6,5.2,,,,,1.7,98.3,A*-E,14418
A-Level,Religious Studies,2003,UK,Exam,A*-U,,23.0,28.8,25.3,14.8,6.0,,,,,2.1,97.9,A*-E,12671
A-Level,Religious Studies,2002,UK,Exam,A*-U,,20.8,28.7,25.2,15.5,6.7,,,,,3.1,96.9,A*-E,10685
A-Level,Religious Studies,2001,UK,Exam,A*-U,,18.2,22.8,25.0,17.4,9.2,4.4,,,,3.0,92.6,A*-E,9532
A-Level,Religious Studies,2000,UK,Exam,A*-U,,16.0,22.6,23.2,18.7,10.5,5.4,,,,3.6,91.0,A*-E,9178
A-Level,Religious Studies,1999,UK,Exam,A*-U,,17.4,20.4,23.9,17.7,10.5,5.7,,,,4.4,89.9,A*-E,8997
A-Level,Religious Studies,1998,UK,Exam,A*-U,,14.9,21.2,22.1,19.1,12.0,6.0,,,,4.7,89.3,A*-E,9138
A-Level,Religious Studies,1997,UK,Exam,A*-U,,14.1,19.0,23.9,20.4,12.5,5.7,,,,4.4,89.9,A*-E,9261
A-Level,Religious Studies,1996,UK,Exam,A*-U,,14.3,19.8,23.6,19.8,11.6,6.0,,,,4.3,89.7,A*-E,9053
A-Level,Religious Studies,1995,UK,Exam,A*-U,,13.1,18.3,23.0,20.1,13.7,6.8,,,,5.0,88.2,A*-E,8933
A-Level,Religious Studies,1994,UK,Exam,A*-U,,12.0,16.4,21.7,20.9,14.9,6.9,,,,7.1,85.9,A*-E,8718
A-Level,Religious Studies,1993,UK,Exam,A*-U,,12.7,14.3,19.8,20.8,13.7,8.1,,,,10.7,81.2,A*-E,8551
A-Level,*Science,2010,UK,Exam,A*-U,9.5,20.8,24.4,21.6,14.6,6.6,,,,,2.5,97.3,A*-E,3361
A-Level,*Science,2009,UK,Exam,A*-U,,24.5,22.5,22.0,17.6,10.2,,,,,3.2,96.8,A*-E,4496
A-Level,*Science,2008,UK,Exam,A*-U,,23.7,21.3,21.2,18.2,11.9,,,,,3.7,96.3,A*-E,4555
A-Level,*Science,2007,UK,Exam,A*-U,,23.3,21.0,23.1,17.2,11.5,,,,,3.9,96.1,A*-E,4544
A-Level,*Science,2006,UK,Exam,A*-U,,23.1,21.0,20.8,18.1,12.9,,,,,4.1,95.9,A*-E,4209
A-Level,*Science,2005,UK,Exam,A*-U,,21.0,21.1,20.9,19.4,12.7,,,,,4.9,95.1,A*-E,4414
A-Level,*Science,2004,UK,Exam,A*-U,,21.4,19.6,22.4,18.8,12.8,,,,,5.0,95.0,A*-E,4444
A-Level,*Science,2003,UK,Exam,A*-U,,20.4,18.7,21.5,19.6,14.1,,,,,5.7,94.3,A*-E,4751
A-Level,*Science,2002,UK,Exam,A*-U,,19.7,20.3,21.5,19.7,12.8,,,,,6.0,94.0,A*-E,4471
A-Level,*Science,2001,UK,Exam,A*-U,,15.0,17.0,20.8,20.4,15.7,7.2,,,,3.9,88.9,A*-E,4194
A-Level,*Science,2000,UK,Exam,A*-U,,14.4,15.8,21.1,21.6,15.7,6.7,,,,4.5,88.6,A*-E,4654
A-Level,*Science,1999,UK,Exam,A*-U,,13.3,16.1,21.9,22.1,14.9,7.4,,,,4.3,88.3,A*-E,5033
A-Level,*Science,1998,UK,Exam,A*-U,,11.7,16.1,20.9,23.1,16.5,7.8,,,,3.9,88.3,A*-E,5246
A-Level,*Science,1997,UK,Exam,A*-U,,11.4,15.4,19.6,22.2,16.7,9.3,,,,5.4,85.3,A*-E,5621
A-Level,*Science,1996,UK,Exam,A*-U,,11.0,15.4,20.8,21.3,16.4,9.0,,,,6.1,84.9,A*-E,5141
A-Level,*Science,1995,UK,Exam,A*-U,,10.4,14.8,19.0,19.8,17.2,9.7,,,,9.1,81.2,A*-E,6756
A-Level,*Science,1994,UK,Exam,A*-U,,10.3,15.6,17.9,20.0,16.5,10.1,,,,9.6,80.2,A*-E,6512
A-Level,*Science,1993,UK,Exam,A*-U,,9.9,16.4,17.5,19.5,16.4,9.8,,,,10.4,79.8,A*-E,6374
A-Level,Social Science,1995,UK,Exam,A*-U,,10.5,15.7,16.7,17.2,15.0,9.9,,,,15.0,75.1,A*-E,78074
A-Level,Social Science,1994,UK,Exam,A*-U,,9.9,15.7,16.4,17.0,15.2,10.4,,,,15.5,74.1,A*-E,78222
A-Level,Social Science,1993,UK,Exam,A*-U,,9.7,15.2,16.4,16.9,15.0,10.5,,,,16.2,73.3,A*-E,75158
A-Level,Sociology,2025,UK,Exam,A*-U,5.6,13.6,29.9,28.1,15.3,5.6,,,,,2.0,98.0,A*-E,43875
A-Level,Sociology,2024,UK,Exam,A*-U,5.4,12.9,28.0,28.0,16.8,6.6,,,,,2.3,97.7,A*-E,44359
A-Level,Sociology,2023,UK,Exam,A*-U,5.7,13.4,29.4,27.6,15.7,5.9,,,,,2.3,97.7,A*-E,47436
A-Level,Sociology,2022,UK,Exam,A*-U,9.1,17.7,30.7,24.6,12.2,4.2,,,,,1.5,98.5,A*-E,45281
A-Level,Sociology,2021,UK,Exam,A*-U,10.8,21.7,30.3,23.9,9.4,3.3,,,,,0.6,99.4,A*-E,42091
A-Level,Sociology,2020,UK,Teacher,A*-U,8.5,19.4,31.3,27.5,10.4,2.6,,,,,0.3,99.7,A*-E,38994
A-Level,Sociology,2020,UK,Exam,A*-U,4.7,13.8,30.7,28.7,15.3,5.2,,,,,1.6,98.4,A*-E,38987
A-Level,Sociology,2019,UK,Exam,A*-U,4.8,13.5,28.9,29.0,16.4,5.4,,,,,2.0,98.0,A*-E,38015
A-Level,Sociology,2018,UK,Exam,A*-U,4.9,13.3,30.1,28.6,15.7,5.3,,,,,2.1,97.9,A*-E,34873
A-Level,Sociology,2017,UK,Exam,A*-U,4.8,14.0,30.5,28.0,15.4,5.5,,,,,1.8,98.2,A*-E,34607
A-Level,Sociology,2016,UK,Exam,A*-U,5.6,13.2,27.1,28.6,17.0,6.4,,,,,2.1,97.9,A*-E,33980
A-Level,Sociology,2015,UK,Exam,A*-U,4.1,13.6,30.1,29.4,15.3,5.5,,,,,2.0,98.0,A*-E,32258
A-Level,Sociology,2014,UK,Exam,A*-U,5.1,13.2,28.4,28.1,16.7,6.4,,,,,2.1,97.9,A*-E,30594
A-Level,Sociology,2013,UK,Exam,A*-U,4.2,13.9,27.7,28.8,16.9,6.5,,,,,2.0,98.0,A*-E,30688
A-Level,Sociology,2012,UK,Exam,A*-U,4.2,13.9,26.8,28.4,17.8,6.9,,,,,2.0,98.0,A*-E,31357
A-Level,Sociology,2011,UK,Exam,A*-U,4.8,14.6,26.4,27.2,17.9,7.0,,,,,2.1,97.9,A*-E,30714
A-Level,Sociology,2010,UK,Exam,A*-U,5.4,14.9,26.8,27.1,17.0,6.7,,,,,2.1,97.9,A*-E,29665
A-Level,Sociology,2009,UK,Exam,A*-U,,21.0,27.3,26.4,16.5,6.9,,,,,1.9,98.1,A*-E,29445
A-Level,Sociology,2008,UK,Exam,A*-U,,21.8,27.1,25.3,16.5,7.0,,,,,2.3,97.7,A*-E,28437
A-Level,Sociology,2007,UK,Exam,A*-U,,21.3,26.3,25.4,16.8,7.6,,,,,2.6,97.4,A*-E,27567
A-Level,Sociology,2006,UK,Exam,A*-U,,20.5,26.3,25.8,17.0,7.6,,,,,2.8,97.2,A*-E,27321
A-Level,Sociology,2005,UK,Exam,A*-U,,18.9,25.9,25.8,17.9,8.5,,,,,3.0,97.0,A*-E,26717
A-Level,Sociology,2004,UK,Exam,A*-U,,18.3,24.9,26.0,18.9,8.5,,,,,3.4,96.6,A*-E,25571
A-Level,Sociology,2003,UK,Exam,A*-U,,18.0,24.7,24.9,18.3,9.8,,,,,4.3,95.7,A*-E,24396
A-Level,Sociology,2002,UK,Exam,A*-U,,15.5,22.3,25.3,19.6,11.9,,,,,5.4,94.6,A*-E,22720
A-Level,Sociology,2001,UK,Exam,A*-U,,13.7,18.7,20.0,17.1,14.2,9.2,,,,7.1,83.7,A*-E,23089
A-Level,Sociology,2000,UK,Exam,A*-U,,13.6,19.3,19.9,17.3,13.4,9.5,,,,7.0,83.5,A*-E,23901
A-Level,Sociology,1999,UK,Exam,A*-U,,12.7,18.6,19.2,16.3,14.5,10.2,,,,8.5,81.3,A*-E,24749
A-Level,Sociology,1998,UK,Exam,A*-U,,12.1,18.0,19.4,16.6,14.1,10.7,,,,9.1,80.2,A*-E,26242
A-Level,Sociology,1997,UK,Exam,A*-U,,11.0,16.1,16.3,16.9,15.6,9.8,,,,14.3,75.9,A*-E,30139
A-Level,Sociology,1996,UK,Exam,A*-U,,10.9,15.1,16.4,17.5,14.7,9.6,,,,5.8,74.6,A*-E,29871
A-Level,Sociology,1995,UK,Exam,A*-U,,9.7,15.1,14.7,16.0,14.8,10.2,,,,19.5,70.3,A*-E,30380
A-Level,Spanish,2025,UK,Exam,A*-U,10.5,25.6,31.0,19.3,9.2,3.3,,,,,1.1,98.9,A*-E,8325
A-Level,Spanish,2024,UK,Exam,A*-U,10.9,26.1,28.9,18.8,10.5,3.6,,,,,1.2,98.8,A*-E,8238
A-Level,Spanish,2023,UK,Exam,A*-U,10.3,25.7,29.5,19.1,10.0,4.3,,,,,1.2,98.8,A*-E,8110
A-Level,Spanish,2022,UK,Exam,A*-U,22.3,28.7,23.9,14.8,7.1,2.7,,,,,0.5,99.5,A*-E,9088
A-Level,Spanish,2021,UK,Exam,A*-U,31.0,32.2,21.9,11.0,3.1,0.7,,,,,0.1,99.9,A*-E,9139
A-Level,Spanish,2020,UK,Teacher,A*-U,21.7,32.6,26.6,14.1,4.1,0.9,,,,,0.0,100.0,A*-E,8707
A-Level,Spanish,2020,UK,Exam,A*-U,15.7,28.1,27.8,17.9,7.4,2.7,,,,,0.4,99.6,A*-E,8705
A-Level,Spanish,2019,UK,Exam,A*-U,10.1,25.1,29.2,20.8,10.3,3.6,,,,,0.9,99.1,A*-E,8625
A-Level,Spanish,2018,UK,Exam,A*-U,10.4,25.3,29.4,20.3,10.2,3.7,,,,,0.7,99.3,A*-E,8255
A-Level,Spanish,2017,UK,Exam,A*-U,10.2,26.7,30.3,19.2,9.2,3.5,,,,,0.9,99.1,A*-E,8601
A-Level,Spanish,2016,UK,Exam,A*-U,8.4,26.1,31.2,20.4,9.9,3.1,,,,,0.8,99.2,A*-E,8460
A-Level,Spanish,2015,UK,Exam,A*-U,8.1,26.9,31.4,20.4,9.5,3.1,,,,,0.6,99.4,A*-E,8694
A-Level,Spanish,2014,UK,Exam,A*-U,7.7,27.9,31.9,20.3,9.1,2.5,,,,,0.6,99.4,A*-E,7601
A-Level,Spanish,2013,UK,Exam,A*-U,6.7,29.3,30.3,19.5,9.7,3.5,,,,,1.0,99.0,A*-E,7651
A-Level,Spanish,2012,UK,Exam,A*-U,6.8,29.7,30.1,19.0,10.0,3.4,,,,,1.0,99.0,A*-E,7351
A-Level,Spanish,2011,UK,Exam,A*-U,8.3,29.5,28.7,19.0,9.9,3.5,,,,,1.1,98.9,A*-E,7610
A-Level,Spanish,2010,UK,Exam,A*-U,8.5,29.9,28.4,18.6,9.2,4.1,,,,,1.3,98.7,A*-E,7629
A-Level,Spanish,2009,UK,Exam,A*-U,,39.3,27.7,18.4,9.5,4.2,,,,,0.9,99.1,A*-E,7334
A-Level,Spanish,2008,UK,Exam,A*-U,,38.7,28.3,18.6,9.8,3.7,,,,,0.9,99.1,A*-E,7055
A-Level,Spanish,2007,UK,Exam,A*-U,,38.0,28.6,18.1,9.6,4.2,,,,,1.5,98.5,A*-E,6951
A-Level,Spanish,2006,UK,Exam,A*-U,,37.0,28.3,19.1,10.4,3.9,,,,,1.3,98.7,A*-E,6520
A-Level,Spanish,2005,UK,Exam,A*-U,,36.7,27.8,19.5,10.5,4.1,,,,,1.4,98.6,A*-E,6230
A-Level,Spanish,2004,UK,Exam,A*-U,,35.2,27.7,20.0,10.6,4.6,,,,,1.9,98.1,A*-E,5966
A-Level,Spanish,2003,UK,Exam,A*-U,,33.0,27.6,19.0,12.8,5.6,,,,,2.0,98.0,A*-E,5781
A-Level,Spanish,2002,UK,Exam,A*-U,,30.6,27.1,20.4,12.4,6.7,,,,,2.8,97.2,A*-E,5572
A-Level,Spanish,2001,UK,Exam,A*-U,,28.3,23.3,18.9,13.4,9.2,4.4,,,,2.5,93.1,A*-E,5530
A-Level,Spanish,2000,UK,Exam,A*-U,,25.4,24.5,19.7,14.1,9.2,4.3,,,,2.8,92.9,A*-E,5632
A-Level,Spanish,1999,UK,Exam,A*-U,,24.6,23.8,20.4,15.3,8.8,4.0,,,,3.1,92.9,A*-E,5782
A-Level,Spanish,1998,UK,Exam,A*-U,,24.8,22.6,20.0,15.0,9.8,4.5,,,,3.3,92.2,A*-E,5653
A-Level,Spanish,1997,UK,Exam,A*-U,,24.2,22.1,18.9,15.8,9.4,5.3,,,,4.3,90.4,A*-E,5826
A-Level,Spanish,1996,UK,Exam,A*-U,,23.8,21.8,19.0,15.2,10.4,5.4,,,,4.4,90.2,A*-E,5232
A-Level,Spanish,1995,UK,Exam,A*-U,,22.4,20.8,19.9,15.6,11.1,5.7,,,,4.5,89.8,A*-E,4837
A-Level,Spanish,1994,UK,Exam,A*-U,,23.5,21.1,20.6,15.7,9.6,5.3,,,,4.2,90.5,A*-E,4740
A-Level,Spanish,1993,UK,Exam,A*-U,,21.1,19.9,18.8,16.8,11.7,6.6,,,,5.1,88.3,A*-E,4850
A-Level,Sport / PE Studies / Physical Education,2025,UK,Exam,A*-U,5.3,13.3,26.8,25.5,17.8,8.1,,,,,3.1,96.9,A*-E,13494
A-Level,Sport / PE Studies / Physical Education,2024,UK,Exam,A*-U,5.3,13.5,25.6,25.4,18.6,8.5,,,,,3.1,96.9,A*-E,13475
A-Level,Sport / PE Studies / Physical Education,2023,UK,Exam,A*-U,6.0,12.7,25.2,25.3,18.4,9.3,,,,,3.2,96.8,A*-E,13658
A-Level,Sport / PE Studies / Physical Education,2022,UK,Exam,A*-U,13.0,19.3,26.3,22.1,12.6,5.1,,,,,1.6,98.4,A*-E,13449
A-Level,Sport / PE Studies / Physical Education,2021,UK,Exam,A*-U,18.1,25.4,26.7,19.5,7.4,2.7,,,,,0.2,99.8,A*-E,12070
A-Level,Sport / PE Studies / Physical Education,2020,UK,Teacher,A*-U,10.5,21.5,28.6,25.3,10.9,3.1,,,,,0.1,99.9,A*-E,11454
A-Level,Sport / PE Studies / Physical Education,2020,UK,Exam,A*-U,6.2,14.8,27.1,26.8,16.9,6.4,,,,,1.8,98.2,A*-E,11451
A-Level,Sport / PE Studies / Physical Education,2019,UK,Exam,A*-U,4.0,11.4,26.2,27.4,19.2,8.8,,,,,3.0,97.0,A*-E,11097
A-Level,Sport / PE Studies / Physical Education,2018,UK,Exam,A*-U,4.3,11.4,25.4,27.5,19.5,8.8,,,,,3.1,96.9,A*-E,11307
A-Level,Sport / PE Studies / Physical Education,2017,UK,Exam,A*-U,3.7,13.2,23.5,24.9,19.4,12.4,,,,,2.9,97.1,A*-E,11143
A-Level,Sport / PE Studies / Physical Education,2016,UK,Exam,A*-U,3.3,12.5,23.8,25.6,20.6,11.9,,,,,2.3,97.7,A*-E,11627
A-Level,Sport / PE Studies / Physical Education,2015,UK,Exam,A*-U,3.8,10.6,21.4,26.5,22.1,12.9,,,,,2.7,97.3,A*-E,12405
A-Level,Sport / PE Studies / Physical Education,2014,UK,Exam,A*-U,3.2,11.1,22.3,25.6,22.0,13.3,,,,,2.5,97.5,A*-E,12760
A-Level,Sport / PE Studies / Physical Education,2013,UK,Exam,A*-U,3.7,11.7,22.9,26.2,21.5,11.3,,,,,2.7,97.3,A*-E,14441
A-Level,Sport / PE Studies / Physical Education,2012,UK,Exam,A*-U,3.8,11.0,22.7,26.3,21.5,11.8,,,,,2.9,97.1,A*-E,16896
A-Level,Sport / PE Studies / Physical Education,2011,UK,Exam,A*-U,4.4,10.8,21.3,25.6,22.1,12.7,,,,,3.1,96.9,A*-E,19344
A-Level,Sport / PE Studies / Physical Education,2010,UK,Exam,A*-U,4.2,11.5,21.3,25.8,21.1,12.5,,,,,3.6,96.4,A*-E,20612
A-Level,Sport / PE Studies / Physical Education,2009,UK,Exam,A*-U,,16.5,22.0,25.6,21.4,11.6,,,,,2.9,97.1,A*-E,21672
A-Level,Sport / PE Studies / Physical Education,2008,UK,Exam,A*-U,,16.0,22.1,25.3,21.2,12.1,,,,,3.3,96.7,A*-E,22340
A-Level,Sport / PE Studies / Physical Education,2007,UK,Exam,A*-U,,15.4,21.4,24.8,21.9,13.4,,,,,3.1,96.9,A*-E,21765
A-Level,Sport / PE Studies / Physical Education,2006,UK,Exam,A*-U,,13.7,20.6,25.6,22.9,13.4,,,,,3.8,96.2,A*-E,21834
A-Level,Sport / PE Studies / Physical Education,2005,UK,Exam,A*-U,,12.7,20.3,25.7,22.8,14.4,,,,,4.1,95.9,A*-E,20126
A-Level,Sport / PE Studies / Physical Education,2004,UK,Exam,A*-U,,11.9,19.8,25.2,24.0,14.4,,,,,4.7,95.3,A*-E,19589
A-Level,Sport / PE Studies / Physical Education,2003,UK,Exam,A*-U,,11.6,19.1,25.0,23.7,15.6,,,,,5.0,95.0,A*-E,19231
A-Level,Sport / PE Studies / Physical Education,2002,UK,Exam,A*-U,,11.6,17.9,25.0,24.5,15.9,,,,,5.1,94.9,A*-E,17140
A-Level,Sport / PE Studies / Physical Education,2001,UK,Exam,A*-U,,11.7,13.2,24.0,25.4,17.2,6.5,,,,2.0,91.5,A*-E,16716
A-Level,Sport / PE Studies / Physical Education,2000,UK,Exam,A*-U,,10.2,13.4,23.3,25.9,17.7,7.3,,,,2.2,90.5,A*-E,16529
A-Level,Sport / PE Studies / Physical Education,1999,UK,Exam,A*-U,,9.4,13.0,23.1,25.5,18.7,7.8,,,,2.5,89.7,A*-E,15788
A-Level,Sport / PE Studies / Physical Education,1998,UK,Exam,A*-U,,8.1,12.4,22.3,25.6,19.7,8.9,,,,3.0,88.1,A*-E,14628
A-Level,Sport / PE Studies / Physical Education,1997,UK,Exam,A*-U,,8.1,14.2,21.7,25.6,18.8,10.4,,,,1.2,88.4,A*-E,13102
A-Level,Sport / PE Studies / Physical Education,1996,UK,Exam,A*-U,,6.7,13.4,22.6,25.9,20.0,8.0,,,,3.4,88.6,A*-E,9732
A-Level,Sport / PE Studies / Physical Education,1995,UK,Exam,A*-U,,6.8,12.9,23.9,27.7,19.3,7.5,,,,1.9,90.6,A*-E,7686
A-Level,Technology (Design and),2025,UK,Exam,A*-U,5.8,13.4,26.1,26.5,17.0,8.2,,,,,2.9,97.1,A*-E,10576
A-Level,Technology (Design and),2024,UK,Exam,A*-U,6.0,13.3,26.4,25.7,17.2,8.2,,,,,3.2,96.8,A*-E,10548
A-Level,Technology (Design and),2023,UK,Exam,A*-U,5.6,12.3,24.4,26.6,18.8,9.1,,,,,3.3,96.7,A*-E,10639
A-Level,Technology (Design and),2022,UK,Exam,A*-U,12.3,18.5,26.9,23.4,12.6,4.4,,,,,1.9,98.1,A*-E,11404
A-Level,Technology (Design and),2021,UK,Exam,A*-U,17.6,24.6,26.9,19.0,8.2,3.1,,,,,0.6,99.4,A*-E,9979
A-Level,Technology (Design and),2020,UK,Teacher,A*-U,10.6,22.2,28.9,24.7,10.2,3.2,,,,,0.2,99.8,A*-E,10588
A-Level,Technology (Design and),2020,UK,Exam,A*-U,8.2,18.0,26.6,27.0,13.9,5.2,,,,,1.1,98.9,A*-E,10588
A-Level,Technology (Design and),2019,UK,Exam,A*-U,4.4,11.9,24.1,27.8,20.4,8.6,,,,,2.8,97.2,A*-E,10870
A-Level,Technology (Design and),2018,UK,Exam,A*-U,4.7,13.2,24.1,26.0,19.7,9.1,,,,,3.2,96.8,A*-E,11448
A-Level,Technology (Design and),2017,UK,Exam,A*-U,4.5,12.6,24.2,27.1,20.0,9.1,,,,,2.5,97.5,A*-E,12415
A-Level,Technology (Design and),2016,UK,Exam,A*-U,4.2,12.1,24.2,27.0,20.9,9.6,,,,,2.0,98.0,A*-E,12477
A-Level,Technology (Design and),2015,UK,Exam,A*-U,4.0,12.1,24.9,27.4,21.1,8.5,,,,,2.0,98.0,A*-E,13240
A-Level,Technology (Design and),2014,UK,Exam,A*-U,4.3,12.5,24.8,27.2,20.9,8.6,,,,,1.7,98.3,A*-E,13691
A-Level,Technology (Design and),2013,UK,Exam,A*-U,4.0,13.6,25.7,27.2,19.4,8.2,,,,,1.9,98.1,A*-E,15641
A-Level,Technology (Design and),2012,UK,Exam,A*-U,4.9,12.5,25.0,27.5,19.4,8.8,,,,,1.9,98.1,A*-E,17105
A-Level,Technology (Design and),2011,UK,Exam,A*-U,5.3,12.5,25.2,27.2,19.4,8.2,,,,,2.2,97.8,A*-E,18249
A-Level,Technology (Design and),2010,UK,Exam,A*-U,5.3,12.5,24.9,26.9,18.9,8.9,,,,,2.6,97.4,A*-E,18417
A-Level,Technology (Design and),2009,UK,Exam,A*-U,,17.9,24.7,26.5,19.7,8.8,,,,,2.4,97.6,A*-E,17442
A-Level,Technology (Design and),2008,UK,Exam,A*-U,,18.2,24.1,26.3,19.2,9.4,,,,,2.8,97.2,A*-E,17396
A-Level,Technology (Design and),2007,UK,Exam,A*-U,,17.7,24.4,26.5,19.3,9.2,,,,,2.9,97.1,A*-E,17417
A-Level,Technology (Design and),2006,UK,Exam,A*-U,,16.6,24.0,27.0,19.9,9.6,,,,,2.9,97.1,A*-E,18684
A-Level,Technology (Design and),2005,UK,Exam,A*-U,,15.6,23.2,26.0,21.0,10.6,,,,,3.6,96.4,A*-E,17914
A-Level,Technology (Design and),2004,UK,Exam,A*-U,,15.4,22.2,25.9,21.0,11.9,,,,,3.6,96.4,A*-E,17261
A-Level,Technology (Design and),2003,UK,Exam,A*-U,,14.6,22.1,25.5,21.9,11.8,,,,,4.1,95.9,A*-E,17091
A-Level,Technology (Design and),2002,UK,Exam,A*-U,,13.4,21.7,25.1,22.2,12.7,,,,,4.9,95.1,A*-E,15107
A-Level,Technology (Design and),2001,UK,Exam,A*-U,,15.7,15.6,25.2,21.6,13.4,5.9,,,,2.6,91.5,A*-E,14825
A-Level,Technology (Design and),2000,UK,Exam,A*-U,,14.0,15.9,25.9,22.1,13.7,5.8,,,,2.6,91.6,A*-E,14650
A-Level,Technology (Design and),1999,UK,Exam,A*-U,,13.6,14.8,24.7,23.0,14.3,6.3,,,,3.3,90.4,A*-E,13727
A-Level,Technology (Design and),1998,UK,Exam,A*-U,,12.2,13.9,23.4,22.6,16.3,7.6,,,,4.0,88.4,A*-E,13316
A-Level,Technology (Design and),1997,UK,Exam,A*-U,,12.8,15.0,24.4,22.7,14.8,7.1,,,,3.2,89.7,A*-E,11640
A-Level,Technology (Design and),1996,UK,Exam,A*-U,,12.4,14.5,23.7,22.9,14.8,5.9,,,,3.8,88.3,A*-E,11061
A-Level,Technology (Design and),1995,UK,Exam,A*-U,,11.9,13.7,22.8,21.7,17.1,8.1,,,,4.7,87.2,A*-E,10659
A-Level,Technology (Design and),1994,UK,Exam,A*-U,,10.3,14.6,20.9,22.3,16.4,9.0,,,,6.5,84.5,A*-E,11046
A-Level,Technology (Design and),1993,UK,Exam,A*-U,,10.3,13.5,20.6,21.4,17.0,10.1,,,,7.1,82.8,A*-E,10934
A-Level,Welsh Language,2016,UK,Exam,A*-U,4.3,15.7,22.0,31.0,18.5,6.5,,,,,2.0,98.0,A*-E,610
A-Level,Welsh Language,2015,UK,Exam,A*-U,3.1,14.2,26.7,33.0,19.0,3.6,,,,,0.4,99.6,A*-E,678
A-Level,Welsh Language,2014,UK,Exam,A*-U,3.9,15.6,24.0,31.9,17.1,6.8,,,,,0.7,99.3,A*-E,692
A-Level,Welsh Language,2013,UK,Exam,A*-U,2.5,15.9,25.4,29.1,20.7,5.7,,,,,0.7,99.3,A*-E,752
A-Level,Welsh Language,2012,UK,Exam,A*-U,3.6,14.6,25.7,28.5,20.0,6.2,,,,,1.4,98.6,A*-E,859
A-Level,Welsh Language,2011,UK,Exam,A*-U,4.0,15.7,26.3,31.4,15.9,5.1,,,,,1.6,98.4,A*-E,917
A-Level,Welsh Language,2010,UK,Exam,A*-U,3.6,15.6,25.6,30.3,17.8,5.2,,,,,1.9,98.1,A*-E,861
A-Level,Welsh Language,2009,UK,Exam,A*-U,,19.2,26.9,27.0,17.8,8.0,,,,,1.1,98.9,A*-E,941
A-Level,Welsh Language,2008,UK,Exam,A*-U,,18.7,27.0,27.9,18.8,6.2,,,,,1.4,98.6,A*-E,934
A-Level,Welsh Language,2007,UK,Exam,A*-U,,18.5,23.8,27.4,23.5,5.3,,,,,1.5,98.5,A*-E,847
A-Level,Welsh Language,2006,UK,Exam,A*-U,,19.9,27.6,26.2,19.7,5.0,,,,,1.6,98.4,A*-E,953
A-Level,Welsh Language,2005,UK,Exam,A*-U,,20.8,25.5,26.5,20.3,5.8,,,,,1.1,98.9,A*-E,927
A-Level,Welsh Language,2004,UK,Exam,A*-U,,21.1,23.9,31.7,16.0,5.6,,,,,1.7,98.3,A*-E,919
A-Level,Welsh Language,2003,UK,Exam,A*-U,,21.0,27.5,29.3,17.9,3.1,,,,,1.2,98.8,A*-E,852
A-Level,Welsh Language,2002,UK,Exam,A*-U,,19.7,27.2,30.8,17.5,4.1,,,,,0.7,99.3,A*-E,914
A-Level,Welsh Language,2001,UK,Exam,A*-U,,20.8,25.2,23.0,16.0,9.9,3.9,,,,1.2,94.9,A*-E,952
A-Level,Welsh Language,2000,UK,Exam,A*-U,,20.1,22.1,20.4,19.4,12.7,4.2,,,,1.1,94.7,A*-E,1020
A-Level,Welsh Language,1999,UK,Exam,A*-U,,18.4,25.8,24.0,16.2,10.1,3.8,,,,1.7,94.5,A*-E,957
A-Level,Welsh Language,1998,UK,Exam,A*-U,,18.5,22.6,23.7,20.8,9.4,3.7,,,,1.3,95.0,A*-E,953
A-Level,Welsh Language,1997,UK,Exam,A*-U,,18.6,24.6,23.7,17.5,12.3,2.8,,,,0.5,96.7,A*-E,957
A-Level,Welsh Language,1996,UK,Exam,A*-U,,17.1,24.1,26.5,18.2,10.3,3.0,,,,0.8,96.2,A*-E,974
A-Level,Welsh 1st Language,2025,UK,Exam,A*-U,4.3,15.7,24.9,28.6,17.9,8.6,,,,,0.0,100.0,A*-E,185
A-Level,Welsh 1st Language,2024,UK,Exam,A*-U,4.4,17.5,25.9,36.0,13.6,2.6,,,,,0.0,100.0,A*-E,228
A-Level,Welsh 1st Language,2023,UK,Exam,A*-U,5.3,24.5,26.6,22.9,15.4,4.8,,,,,0.5,99.5,A*-E,188
A-Level,Welsh 1st Language,2022,UK,Exam,A*-U,9.4,23.8,37.0,19.6,9.3,0.5,,,,,0.4,99.6,A*-E,235
A-Level,Welsh 1st Language,2021,UK,Exam,A*-U,11.1,30.6,36.1,18.6,1.6,2.0,,,,,0.0,100.0,A*-E,252
A-Level,Welsh 1st Language,2020,UK,Teacher,A*-U,10.8,30.4,28.4,22.3,8.1,0.0,,,,,0.0,100.0,A*-E,260
A-Level,Welsh 1st Language,2020,UK,Exam,A*-U,5.4,18.4,30.0,31.2,13.5,1.5,,,,,0.0,100.0,A*-E,260
A-Level,Welsh 1st Language,2019,UK,Exam,A*-U,4.7,17.6,28.4,30.2,14.8,3.9,,,,,0.4,99.6,A*-E,278
A-Level,Welsh 1st Language,2018,UK,Exam,A*-U,4.8,18.6,29.0,30.9,13.9,2.4,,,,,0.4,99.6,A*-E,252
A-Level,Welsh 1st Language,2017,UK,Exam,A*-U,4.3,21.0,29.2,29.6,13.3,2.6,,,,,0.0,100.0,A*-E,233
A-Level,Welsh 1st Language,2016,UK,Exam,A*-U,5.1,19.9,27.2,32.2,13.4,2.2,,,,,0.0,100.0,A*-E,276
A-Level,Welsh 1st Language,1995,UK,Exam,A*-U,,12.0,25.5,22.6,22.4,12.6,2.8,,,,2.1,95.1,A*-E,349
A-Level,Welsh 1st Language,1994,UK,Exam,A*-U,,12.5,26.0,24.4,19.9,12.7,3.6,,,,0.8,95.5,A*-E,361
A-Level,Welsh 1st Language,1993,UK,Exam,A*-U,,13.9,26.4,27.3,21.3,8.2,1.4,,,,1.4,97.1,A*-E,352
A-Level,Welsh 2nd Language,2025,UK,Exam,A*-U,9.6,13.9,21.4,26.2,20.3,5.9,,,,,2.7,97.3,A*-E,187
A-Level,Welsh 2nd Language,2024,UK,Exam,A*-U,9.6,14.4,23.3,26.4,16.7,6.6,,,,,3.0,97.0,A*-E,167
A-Level,Welsh 2nd Language,2023,UK,Exam,A*-U,4.2,17.6,25.5,24.8,17.6,6.1,,,,,4.2,95.8,A*-E,165
A-Level,Welsh 2nd Language,2022,UK,Exam,A*-U,6.7,24.6,24.1,23.2,14.3,4.9,,,,,2.2,97.8,A*-E,224
A-Level,Welsh 2nd Language,2021,UK,Exam,A*-U,9.8,25.8,31.7,22.5,6.6,2.5,,,,,1.1,98.9,A*-E,275
A-Level,Welsh 2nd Language,2020,UK,Teacher,A*-U,9.1,21.0,34.5,24.4,9.6,1.4,,,,,0.0,100.0,A*-E,209
A-Level,Welsh 2nd Language,2020,UK,Exam,A*-U,5.3,12.9,21.0,25.4,23.0,11.4,,,,,1.0,99.0,A*-E,209
A-Level,Welsh 2nd Language,2019,UK,Exam,A*-U,4.4,9.7,23.7,27.7,22.5,10.8,,,,,1.2,98.8,A*-E,249
A-Level,Welsh 2nd Language,2018,UK,Exam,A*-U,2.1,10.2,23.3,27.8,21.5,11.2,,,,,3.9,96.1,A*-E,284
A-Level,Welsh 2nd Language,2017,UK,Exam,A*-U,4.2,8.4,21.0,30.1,21.0,11.7,,,,,3.6,96.4,A*-E,333
A-Level,Welsh 2nd Language,2016,UK,Exam,A*-U,3.6,12.3,17.7,29.9,22.8,10.2,,,,,3.6,96.4,A*-E,334
A-Level,Welsh 2nd Language,1995,UK,Exam,A*-U,,15.8,25.0,27.1,20.8,9.0,2.1,,,,0.2,97.7,A*-E,543
A-Level,Welsh 2nd Language,1994,UK,Exam,A*-U,,18.2,25.0,29.0,18.9,6.2,2.4,,,,0.4,97.3,A*-E,545
A-Level,Welsh 2nd Language,1993,UK,Exam,A*-U,,17.3,23.1,26.2,22.2,9.3,1.6,,,,0.2,98.1,A*-E,549
A-Level,All other subjects,2025,UK,Exam,A*-U,7.3,23.6,29.0,29.3,8.3,2.3,,,,,0.2,99.8,A*-E,563
A-Level,All other subjects,2024,UK,Exam,A*-U,4.0,14.8,23.8,24.5,18.4,10.0,,,,,4.5,95.5,A*-E,8881
A-Level,All other subjects,2023,UK,Exam,A*-U,4.0,14.1,24.9,24.3,17.5,10.6,,,,,4.6,95.4,A*-E,8321
A-Level,All other subjects,2022,UK,Exam,A*-U,9.6,18.1,24.4,21.5,15.3,8.3,,,,,2.8,97.2,A*-E,7474
A-Level,All other subjects,2021,UK,Exam,A*-U,13.2,23.0,26.7,20.2,11.1,4.9,,,,,0.9,99.1,A*-E,7084
A-Level,All other subjects,2020,UK,Teacher,A*-U,9.2,20.3,27.3,23.3,14.0,5.4,,,,,0.5,99.5,A*-E,6131
A-Level,All other subjects,2020,UK,Exam,A*-U,4.5,15.2,24.0,25.9,18.4,8.9,,,,,3.1,96.9,A*-E,6131
A-Level,All other subjects,2019,UK,Exam,A*-U,2.9,13.0,22.9,25.8,20.1,10.9,,,,,4.4,95.6,A*-E,6712
A-Level,All other subjects,2018,UK,Exam,A*-U,3.7,13.0,26.8,26.6,17.7,8.2,,,,,4.0,96.0,A*-E,10072
A-Level,All other subjects,2017,UK,Exam,A*-U,3.6,12.6,26.4,27.4,18.0,8.4,,,,,3.6,96.4,A*-E,10457
A-Level,All other subjects,2016,UK,Exam,A*-U,3.4,12.7,26.9,27.2,18.1,8.4,,,,,3.3,96.7,A*-E,10948
A-Level,All other subjects,2015,UK,Exam,A*-U,3.0,11.9,25.9,27.9,18.3,9.2,,,,,3.8,96.2,A*-E,11715
A-Level,All other subjects,2014,UK,Exam,A*-U,3.4,12.0,26.0,27.1,18.4,9.4,,,,,3.7,96.3,A*-E,11936
A-Level,All other subjects,2013,UK,Exam,A*-U,3.8,14.9,26.1,25.2,17.3,8.6,,,,,4.1,95.9,A*-E,10746
A-Level,All other subjects,2012,UK,Exam,A*-U,3.7,13.9,24.2,25.3,18.8,9.8,,,,,4.3,95.7,A*-E,11562
A-Level,All other subjects,2011,UK,Exam,A*-U,3.7,14.0,24.0,25.0,19.2,10.1,,,,,4.0,96.0,A*-E,11533
A-Level,All other subjects,2010,UK,Exam,A*-U,4.2,14.5,25.2,24.5,17.2,9.8,,,,,4.6,95.4,A*-E,11591
A-Level,All other subjects,2009,UK,Exam,A*-U,,18.2,24.9,23.4,19.0,10.1,,,,,4.4,95.6,A*-E,9288
A-Level,All other subjects,2008,UK,Exam,A*-U,,18.2,23.2,24.2,18.6,11.2,,,,,4.6,95.4,A*-E,8675
A-Level,All other subjects,2007,UK,Exam,A*-U,,16.8,23.7,23.9,18.5,11.3,,,,,5.8,94.2,A*-E,8446
A-Level,All other subjects,2006,UK,Exam,A*-U,,16.8,21.5,23.2,19.1,12.8,,,,,6.6,93.4,A*-E,9963
A-Level,All other subjects,2005,UK,Exam,A*-U,,16.1,22.0,22.7,19.6,12.5,,,,,7.1,92.9,A*-E,8227
A-Level,All other subjects,2004,UK,Exam,A*-U,,16.3,19.9,22.2,19.8,13.6,,,,,8.2,91.8,A*-E,7588
A-Level,All other subjects,2003,UK,Exam,A*-U,,15.8,19.4,21.7,19.5,14.0,,,,,9.6,90.4,A*-E,6787
A-Level,All other subjects,2002,UK,Exam,A*-U,,16.5,18.2,20.2,19.5,14.5,,,,,11.1,88.9,A*-E,5644
A-Level,All other subjects,2001,UK,Exam,A*-U,,14.9,18.5,25.6,17.3,10.0,6.2,,,,7.5,86.3,A*-E,10409
A-Level,All other subjects,2000,UK,Exam,A*-U,,14.3,17.3,23.6,18.0,10.9,6.6,,,,9.3,84.1,A*-E,10461
A-Level,All other subjects,1999,UK,Exam,A*-U,,13.7,17.7,22.1,17.4,11.6,6.5,,,,11.0,82.5,A*-E,10121
A-Level,All other subjects,1998,UK,Exam,A*-U,,13.4,17.6,20.1,16.5,12.2,7.9,,,,12.3,79.8,A*-E,9703
A-Level,All other subjects,1997,UK,Exam,A*-U,,12.5,17.4,17.9,16.5,13.6,7.9,,,,14.2,77.9,A*-E,9095
A-Level,All other subjects,1996,UK,Exam,A*-U,,12.8,17.4,15.6,16.2,13.7,9.3,,,,15.0,75.7,A*-E,9934
A-Level,All subjects,2025,UK,Exam,A*-U,9.4,18.8,26.9,22.7,13.4,6.1,,,,,2.5,97.5,A*-E,882509
A-Level,All subjects,2024,UK,Exam,A*-U,9.3,18.5,26.1,22.5,14.0,6.8,,,,,2.8,97.2,A*-E,886514
A-Level,All subjects,2023,UK,Exam,A*-U,8.9,18.3,26.2,22.5,14.2,7.1,,,,,2.7,97.3,A*-E,867658
A-Level,All subjects,2022,UK,Exam,A*-U,14.6,21.8,26.4,19.8,11.0,4.8,,,,,1.6,98.4,A*-E,848910
A-Level,All subjects,2021,UK,Exam,A*-U,19.1,25.7,25.5,18.2,7.8,3.5,,,,,0.2,99.8,A*-E,824718
A-Level,All subjects,2020,UK,Teacher,A*-U,14.4,24.2,27.5,21.8,9.1,2.7,,,,,0.3,99.7,A*-E,781029
A-Level,All subjects,2020,UK,Exam,A*-U,9.0,18.9,26.4,24.1,14.1,5.8,,,,,1.7,98.3,A*-E,780557
A-Level,All subjects,2019,UK,Exam,A*-U,7.8,17.7,26.1,24.2,15.2,6.6,,,,,2.4,97.6,A*-E,801002
A-Level,All subjects,2018,UK,Exam,A*-U,8.0,18.4,26.6,24.0,14.5,6.1,,,,,2.4,97.6,A*-E,811776
A-Level,All subjects,2017,UK,Exam,A*-U,8.3,18.0,26.8,24.3,14.6,5.9,,,,,2.1,97.9,A*-E,828355
A-Level,All subjects,2016,UK,Exam,A*-U,8.1,17.8,27.0,24.7,14.6,5.9,,,,,1.9,98.1,A*-E,836705
A-Level,All subjects,2015,UK,Exam,A*-U,8.2,17.7,26.9,24.5,14.7,6.1,,,,,1.9,98.1,A*-E,850749
A-Level,All subjects,2014,UK,Exam,A*-U,8.2,17.8,26.4,24.3,14.8,6.5,,,,,2.0,98.0,A*-E,833807
A-Level,All subjects,2013,UK,Exam,A*-U,7.6,18.7,26.6,24.3,14.7,6.2,,,,,1.9,98.1,A*-E,850752
A-Level,All subjects,2012,UK,Exam,A*-U,7.9,18.7,26.0,24.0,14.9,6.5,,,,,2.0,98.0,A*-E,861819
A-Level,All subjects,2011,UK,Exam,A*-U,8.2,18.8,25.6,23.6,15.1,8.5,,,,,2.2,97.8,A*-E,867317
A-Level,All subjects,2010,UK,Exam,A*-U,8.1,18.9,25.2,23.2,15.2,7.0,,,,,2.4,97.6,A*-E,853933
A-Level,All subjects,2009,UK,Exam,A*-U,,26.7,25.3,23.1,15.2,7.2,,,,,2.5,97.5,A*-E,846977
A-Level,All subjects,2008,UK,Exam,A*-U,,25.9,24.9,23.1,15.7,7.6,,,,,2.8,97.2,A*-E,827737
A-Level,All subjects,2007,UK,Exam,A*-U,,25.3,24.4,23.1,16.0,8.1,,,,,3.1,96.9,A*-E,805657
A-Level,All subjects,2006,UK,Exam,A*-U,,24.1,24.0,23.2,16.6,8.7,,,,,3.4,96.6,A*-E,805698
A-Level,All subjects,2005,UK,Exam,A*-U,,22.8,23.8,23.3,17.2,9.1,,,,,3.8,96.2,A*-E,783878
A-Level,All subjects,2004,UK,Exam,A*-U,,22.4,23.4,23.2,17.5,9.5,,,,,4.0,96.0,A*-E,766247
A-Level,All subjects,2003,UK,Exam,A*-U,,21.6,22.9,23.0,17.8,10.1,,,,,4.6,95.4,A*-E,750537
A-Level,All subjects,2002,UK,Exam,A*-U,,20.7,21.9,22.7,18.1,10.9,,,,,5.7,94.3,A*-E,701380
A-Level,All subjects,2001,UK,Exam,A*-U,,18.6,19.3,21.4,18.1,12.4,6.3,,,,3.9,89.8,A*-E,748866
A-Level,All subjects,2000,UK,Exam,A*-U,,17.8,19.2,21.2,18.5,12.4,6.6,,,,4.3,89.1,A*-E,771809
A-Level,All subjects,1999,UK,Exam,A*-U,,17.5,19.0,21.0,18.3,12.7,6.9,,,,4.6,88.5,A*-E,783692
A-Level,All subjects,1998,UK,Exam,A*-U,,16.8,18.9,20.8,18.3,13.0,7.2,,,,5.0,87.8,A*-E,794262
A-Level,All subjects,1997,UK,Exam,A*-U,,16.0,18.9,20.3,18.5,13.4,7.4,,,,5.5,87.1,A*-E,776115
A-Level,All subjects,1996,UK,Exam,A*-U,,16.0,18.0,19.8,18.3,7.8,7.8,,,,6.4,85.8,A*-E,739163
A-Level,All subjects,1995,UK,Exam,A*-U,,15.8,17.1,19.0,18.1,14.1,8.4,,,,7.5,84.1,A*-E,730415
A-Level,All subjects,1994,UK,Exam,A*-U,,14.8,17.1,18.6,18.1,14.4,8.8,,,,8.1,83.0,A*-E,732974
A-Level,All subjects,1993,UK,Exam,A*-U,,13.8,16.7,17.7,18.1,14.8,9.3,,,,9.6,81.1,A*-E,734081
GCSE,Art/Design subjects,2025,England,Exam,9-1,5.4,7.5,10.9,17.1,18.8,17.2,13.4,6.4,2.8,,0.5,76.9,9-4,191715
GCSE,Art/Design subjects,2024,England,Exam,9-1,5.4,7.2,11.0,17.1,18.9,16.8,13.6,6.7,2.8,,0.5,76.3,9-4,194099
GCSE,Art/Design subjects,2023,England,Exam,9-1,5.6,7.4,10.9,17.3,18.6,16.4,13.7,6.8,2.9,,0.5,76.1,9-4,184762
GCSE,Art/Design subjects,2022,England,Exam,9-1,6.6,8.8,12.8,19.7,18.4,15.2,10.6,5.6,2.0,,0.4,81.4,9-4,191852
GCSE,Art/Design subjects,2021,England,Exam,9-1,7.0,9.3,13.9,18.5,19.4,16.7,9.3,3.9,1.5,,0.5,84.8,9-4,195578
GCSE,Art/Design subjects,2020,England,Exam,9-1,6.4,9.2,14.0,19.7,20.0,17.1,9.4,3.2,0.9,,0.1,86.4,9-4,190725
GCSE,Art/Design subjects,2019,England,Exam,9-1,4.7,7.1,10.9,17.2,18.2,17.0,14.9,7.0,2.6,,0.4,75.1,9-4,182204
GCSE,Art/Design subjects,2018,England,Exam,A*-G,4.5,7.3,10.7,16.8,18.7,16.8,15.3,7.1,,,0.4,74.8,A*-C,166325
GCSE,Art/Design subjects,2018,UK,Exam,A*-G,5.7,9.1,13.1,19.0,19.4,15.4,12.1,4.6,,,0.7,81.7,A*-C,167738
GCSE,Art/Design subjects,2018,UK,Exam,A*-G,8.8,16.1,24.3,29.8,10.7,5.2,2.8,1.4,,,0.9,79.0,A*-C,11153
GCSE,Art/Design subjects,2017,UK,Exam,A*-G,9.4,14.0,23.6,28.5,13.3,6.4,3.2,1.2,,,0.4,75.6,A*-C,175792
GCSE,Art/Design subjects,2016,UK,Exam,A*-G,8.9,14.0,24.0,28.9,13.3,6.3,2.9,1.1,,,0.4,75.9,A*-C,183085
GCSE,Art/Design subjects,2015,UK,Exam,A*-G,8.9,14.0,23.0,30.5,13.0,5.8,3.1,1.2,,,0.5,76.4,A*-C,194637
GCSE,Art/Design subjects,2014,UK,Exam,A*-G,8.9,13.9,24.1,29.5,12.8,6.0,3.0,1.3,,,0.5,76.4,A*-C,191398
GCSE,Art/Design subjects,2013,UK,Exam,A*-G,9.7,14.1,24.1,29.0,12.3,6.0,3.1,1.2,,,0.5,76.9,A*-C,183090
GCSE,Art/Design subjects,2012,UK,Exam,A*-G,9.8,14.7,24.2,28.3,12.1,6.0,3.2,1.2,,,0.5,77.0,A*-C,178895
GCSE,Art/Design subjects,2011,UK,Exam,A*-G,9.2,15.4,23.9,27.8,12.3,6.3,3.3,1.3,,,0.5,76.3,A*-C,183236
GCSE,Art/Design subjects,2010,UK,Exam,A*-G,7.6,17.4,23.1,29.3,11.9,6.6,2.8,1.1,,,0.2,77.4,A*-C,188193
GCSE,Art/Design subjects,2009,UK,Exam,A*-G,7.2,16.8,22.6,29.5,12.1,7.1,3.2,1.2,,,0.3,76.1,A*-C,193578
GCSE,Art/Design subjects,2008,UK,Exam,A*-G,7.1,16.0,21.7,29.3,12.8,7.7,3.6,1.5,,,0.3,74.1,A*-C,205543
GCSE,Art/Design subjects,2007,UK,Exam,A*-G,6.9,15.5,21.4,28.9,13.1,8.0,4.2,1.7,,,0.3,72.7,A*-C,211601
GCSE,Art/Design subjects,2006,UK,Exam,A*-G,6.8,15.3,21.1,28.3,13.4,8.5,4.5,1.8,,,0.3,71.5,A*-C,212357
GCSE,Art/Design subjects,2005,UK,Exam,A*-G,6.6,15.3,20.5,27.8,13.4,8.9,4.8,2.2,,,0.5,70.2,A*-C,209647
GCSE,Art/Design subjects,2004,UK,Exam,A*-G,6.6,15.3,20.2,26.8,13.7,9.2,5.3,2.4,,,0.5,68.9,A*-C,211724
GCSE,Art/Design subjects,2003,UK,Exam,A*-G,6.2,15.6,21.1,25.7,13.5,9.4,5.4,2.6,,,0.5,68.6,A*-C,210366
GCSE,Art/Design subjects,2002,UK,Exam,A*-G,6.6,14.9,20.9,25.8,14.2,9.2,5.4,2.4,,,0.6,66.9,A*-C,204759
GCSE,Art/Design subjects,2001,UK,Exam,A*-G,6.4,14.6,20.7,25.2,14.5,9.8,5.6,2.6,,,0.6,66.9,A*-C,199310
GCSE,Art/Design subjects,2000,UK,Exam,A*-G,6.7,14.9,20.3,25.1,15.6,9.4,5.1,2.2,,,0.7,67.0,A*-C,201296
GCSE,Art/Design subjects,1999,UK,Exam,A*-G,7.5,14.3,19.6,24.6,15.4,10.1,5.7,2.1,,,0.7,66.0,A*-C,199208
GCSE,Art/Design subjects,1998,UK,Exam,A*-G,6.8,13.3,19.1,24.2,15.9,10.7,6.4,2.8,,,0.7,63.4,A*-C,206781
GCSE,Art/Design subjects,1997,UK,Exam,A*-G,5.5,13.1,17.9,25.5,18.0,11.4,5.8,2.3,,,0.4,62.1,A*-C,221543
GCSE,Art/Design subjects,1996,UK,Exam,A*-G,4.6,12.2,17.4,24.9,18.6,12.5,6.5,2.5,,,0.5,59.1,A*-C,228882
GCSE,Art/Design subjects,1995,UK,Exam,A*-G,4.1,12.0,16.8,24.3,18.9,13.3,7.4,2.7,,,0.5,57.2,A*-C,212583
GCSE,Art/Design subjects,1994,UK,Exam,A*-G,3.0,12.4,16.9,23.9,19.2,13.5,7.6,2.9,,,0.6,56.2,A*-C,212504
GCSE,Art/Design subjects,1993,UK,Exam,A*-G,,,,,,,,,,,0.8,54.4,A*-C,213860
GCSE,Business Studies,2025,England,Exam,9-1,3.9,6.6,8.9,15.7,16.4,14.3,17.7,10.1,5.1,,1.4,65.8,9-4,128988
GCSE,Business Studies,2024,England,Exam,9-1,3.8,6.6,9.2,16.5,16.2,14.3,17.4,9.8.,4.9,,1.3,66.5,9-4,125434
GCSE,Business Studies,2023,England,Exam,9-1,3.7,6.7,9.1,16.6,16.0,14.5,17.1,9.7,5.1,,1.3,66.7,9-4,113458
GCSE,Business Studies,2022,England,Exam,9-1,7.2,9.3,11.9,17.0,16.6,13.2,11.8,8.0,3.9,,1.0,75.2,9-4,99719
GCSE,Business Studies,2021,England,Exam,9-1,8.5,10.7,13.8,16.8,16.3,14.3,10.8,5.6,2.5,,0.7,80.4,9-4,95107
GCSE,Business Studies,2020,England,Exam,9-1,6.1,8.8,13.0,17.7,17.6,16.8,12.1,5.5,2.1,,0.3,80.0,9-4,91522
GCSE,Business Studies,2019,England,Exam,9-1,3.1,5.6,9.2,16.1,17.1,14.4,18.4,9.9,4.9,,1.3,65.5,9-4,89067
GCSE,Business Studies,2018,UK,Exam,A*-G,3.3,14.3,24.1,22.8,16.3,9.4,5.1,2.8,,,1.9,64.5,A*-C,91648
GCSE,Business Studies,2017,UK,Exam,A*-G,3.3,13.7,23.2,23.0,16.4,10.0,5.6,2.9,,,1.8,63.2,A*-C,92742
GCSE,Business Studies,2016,UK,Exam,A*-G,3.3,14.0,23.9,22.8,16.0,9.4,5.3,3.1,,,2.1,64.1,A*-C,95080
GCSE,Business Studies,2015,UK,Exam,A*-G,3.0,14.2,24.4,23.3,16.0,9.2,5.2,2.9,,,1.8,64.9,A*-C,96493
GCSE,Business Studies,2014,UK,Exam,A*-G,3.4,14.7,24.4,22.9,15.9,9.0,5.1,2.8,,,1.8,65.4,A*-C,90910
GCSE,Business Studies,2013,UK,Exam,A*-G,3.5,15.0,24.5,23.5,15.6,8.7,5.1,2.7,,,1.4,66.5,A*-C,78141
GCSE,Business Studies,2012,UK,Exam,A*-G,3.5,15.6,24.8,23.6,15.9,8.3,4.6,2.4,,,1.3,67.5,A*-C,70473
GCSE,Business Studies,2011,UK,Exam,A*-G,4.1,15.5,24.7,23.1,14.7,8.6,5.0,2.8,,,1.5,67.4,A*-C,69592
GCSE,Business Studies,2010,UK,Exam,A*-G,5.8,14.8,19.6,27.2,17.0,8.1,3.6,1.7,,,2.2,67.4,A*-C,77428
GCSE,Business Studies,2009,UK,Exam,A*-G,5.0,13.4,18.6,27.5,17.6,9.0,4.2,2.1,,,2.6,64.5,A*-C,83459
GCSE,Business Studies,2008,UK,Exam,A*-G,4.6,12.5,17.8,27.7,17.9,9.7,4.7,2.3,,,2.8,62.6,A*-C,87822
GCSE,Business Studies,2007,UK,Exam,A*-G,5.0,12.0,16.3,28.5,18.3,9.8,4.8,2.4,,,2.9,61.8,A*-C,88418
GCSE,Business Studies,2006,UK,Exam,A*-G,4.6,11.1,15.8,28.7,19.0,10.0,5.1,2.6,,,3.1,60.2,A*-C,89357
GCSE,Business Studies,2005,UK,Exam,A*-G,3.9,11.0,15.4,28.5,18.5,10.7,5.8,3.0,,,3.2,58.8,A*-C,88892
GCSE,Business Studies,2004,UK,Exam,A*-G,4.4,10.4,15.0,28.7,17.6,10.8,6.2,3.3,,,3.6,58.5,A*-C,94316
GCSE,Business Studies,2003,UK,Exam,A*-G,3.9,9.6,15.0,28.4,18.2,11.3,6.6,3.4,,,3.6,56.9,A*-C,94919
GCSE,Business and Communication Systems,2018,UK,Exam,A*-G,3.3,12.9,23.5,23.3,16.2,9.8,5.5,3.2,,,2.3,63.0,A*-C,8424
GCSE,Business and Communication Systems,2017,UK,Exam,A*-G,3.3,12.0,22.5,24.2,16.8,10.4,5.8,3.2,,,1.9,61.9,A*-C,8977
GCSE,Business and Communication Systems,2016,UK,Exam,A*-G,3.6,11.9,22.0,23.8,16.9,9.9,6.0,3.5,,,2.5,61.2,A*-C,11652
GCSE,Business and Communication Systems,2015,UK,Exam,A*-G,2.9,13.1,23.0,23.0,16.3,9.9,6.1,3.4,,,2.3,62.0,A*-C,15094
GCSE,Business and Communication Systems,2014,UK,Exam,A*-G,2.7,11.1,22.2,23.7,17.3,10.7,6.4,3.6,,,2.2,59.8,A*-C,15690
GCSE,Business and Communication Systems,2013,UK,Exam,A*-G,2.8,11.8,21.5,23.4,18.6,10.5,6.2,3.3,,,1.9,59.5,A*-C,14483
GCSE,Business and Communication Systems,2012,UK,Exam,A*-G,3.1,12.2,21.7,23.2,17.3,11.1,6.0,3.5,,,1.9,60.2,A*-C,15603
GCSE,Business and Communication Systems,2011,UK,Exam,A*-G,3.2,13.0,22.5,23.2,15.9,10.1,6.1,3.5,,,2.5,61.9,A*-C,18639
GCSE,Business and Communication Systems,2010,UK,Exam,A*-G,4.9,11.0,18.0,31.0,16.9,8.5,4.8,2.3,,,2.6,64.9,A*-C,31098
GCSE,Business and Communication Systems,2009,UK,Exam,A*-G,4.5,10.2,15.7,31.3,18.2,9.3,5.3,2.9,,,2.6,61.7,A*-C,38579
GCSE,Business and Communication Systems,2008,UK,Exam,A*-G,4.1,9.8,13.8,30.2,19.0,10.7,6.5,3.6,,,2.3,57.9,A*-C,43899
GCSE,Business and Communication Systems,2007,UK,Exam,A*-G,3.9,9.5,14.3,29.7,20.1,10.1,5.6,3.3,,,3.5,57.4,A*-C,44020
GCSE,Business and Communication Systems,2006,UK,Exam,A*-G,3.7,9.6,14.2,29.0,19.3,10.3,6.3,3.6,,,4.0,56.5,A*-C,41640
GCSE,Business and Communication Systems,2005,UK,Exam,A*-G,3.9,9.4,14.1,30.3,18.6,10.4,6.1,3.4,,,3.8,57.7,A*-C,35353
GCSE,Business and Communication Systems,2004,UK,Exam,A*-G,4.0,10.0,13.2,29.2,18.9,10.8,6.0,2.9,,,5.0,56.4,A*-C,33646
GCSE,Business and Communication Systems,2003,UK,Exam,A*-G,4.1,9.7,12.1,30.0,19.1,11.4,6.4,3.5,,,3.7,55.9,A*-C,30686
GCSE,Business Studies (including Business and Communication systems),2003,UK,Exam,A*-G,3.5,9.7,14.3,28.8,18.4,11.3,6.5,3.5,,,3.6,56.7,A*-C,125605
GCSE,Business Studies (including Business and Communication systems),2002,UK,Exam,A*-G,3.5,9.7,15.6,27.3,18.0,11.7,7.0,3.8,,,3.4,54.8,A*-C,101620
GCSE,Business Studies (including Business and Communication systems),2001,UK,Exam,A*-G,3.2,9.1,15.0,27.5,17.9,11.7,7.4,4.1,,,4.1,54.8,A*-C,104391
GCSE,Business Studies (including Business and Communication systems),2000,UK,Exam,A*-G,2.6,9.6,16.0,26.6,17.9,12.4,7.3,3.9,,,3.7,54.8,A*-C,100926
GCSE,Business Studies (including Business and Communication systems),1999,UK,Exam,A*-G,2.6,9.2,15.2,26.5,18.2,12.5,8.0,4.6,,,3.2,53.5,A*-C,98787
GCSE,Business Studies (including Business and Communication systems),1998,UK,Exam,A*-G,2.6,8.6,14.6,26.2,18.8,13.0,8.4,4.6,,,3.2,52.0,A*-C,103262
GCSE,Business Studies (including Business and Communication systems),1997,UK,Exam,A*-G,2.2,8.4,15.1,25.4,19.6,12.4,8.9,4.7,,,3.4,51.1,A*-C,115498
GCSE,Business Studies (including Business and Communication systems),1996,UK,Exam,A*-G,2.1,7.7,13.9,25.4,20.4,12.4,9.4,5.0,,,3.7,49.1,A*-C,114119
GCSE,Business Studies (including Business and Communication systems),1995,UK,Exam,A*-G,1.7,8.2,17.3,22.8,18.5,14.6,9.4,5.2,,,2.3,50.0,A*-C,103341
GCSE,Business Studies (including Business and Communication systems),1994,UK,Exam,A*-G,2.6,8.5,16.0,20.8,19.3,14.3,9.8,5.5,,,3.2,47.9,A*-C,113055
GCSE,Business Studies (including Business and Communication systems),1993,UK,Exam,A*-G,,,,,,,,,,,3.4,44.5,A*-C,109703
GCSE,Citizenship Studies,2025,England,Exam,9-1,2.6,5.4,8.8,16.8,17.8,14.9,15.6,9.6,5.6,,2.8,66.4,9-4,20949
GCSE,Citizenship Studies,2024,England,Exam,9-1,2.5,6.2,8.4,16.5,17.8,15.8,15.2,8.9,6.2,,2.5,67.2,9-4,20743
GCSE,Citizenship Studies,2023,England,Exam,9-1,2.6,6.0,8.8,15.7,17.0,15.9,15.3,10.0,5.9,,2.7,66.1,9-4,21765
GCSE,Citizenship Studies,2022,England,Exam,9-1,4.8,8.2,10.3,17.5,17.0,14.3,10.8,9.0,5.9,,2.1,72.2,9-4,21393
GCSE,Citizenship Studies,2021,England,Exam,9-1,6.0,8.5,12.5,15.8,16.8,15.9,11.7,7.3,3.9,,1.6,75.5,9-4,20211
GCSE,Citizenship Studies,2020,England,Exam,9-1,4.1,7.0,11.5,16.7,18.1,17.9,13.0,7.1,3.8,,0.8,75.3,9-4,21900
GCSE,Citizenship Studies,2019,England,Exam,9-1,2.4,5.4,9.1,15.4,17.7,16.0,15.5,10.0,6.2,,2.3,66.0,9-4,19701
GCSE,Citizenship Studies,2018,UK,Exam,A*-G,2.4,4.9,8.6,15.9,17.6,15.8,16.3,10.4,,,2.2,65.2,A*-C,17898
GCSE,Citizenship Studies,2018,UK,Exam,A*-G,2.4,5.0,8.6,15.8,17.7,15.8,16.2,10.4,,,2.2,65.3,A*-C,17963
GCSE,Citizenship Studies,2017,UK,Exam,A*-G,2.4,12.5,23.7,24.6,17.6,10.2,4.6,2.4,,,1.8,63.3,A*-C,15553
GCSE,Citizenship Studies,2016,UK,Exam,A*-G,2.3,12.1,23.8,25.2,16.9,10.3,5.0,2.6,,,1.7,63.4,A*-C,18720
GCSE,Citizenship Studies,2015,UK,Exam,A*-G,2.3,12.3,24.0,25.1,16.8,9.0,5.3,2.9,,,2.3,63.7,A*-C,21628
GCSE,Citizenship Studies,2014,UK,Exam,A*-G,2.5,12.2,24.1,24.6,16.3,9.7,5.6,3.0,,,2.0,63.4,A*-C,19689
GCSE,Citizenship Studies,2013,UK,Exam,A*-G,1.7,12.2,23.3,26.2,17.7,9.9,5.0,2.3,,,1.7,63.4,A*-C,11695
GCSE,Citizenship Studies,2012,UK,Exam,A*-G,2.6,13.4,24.4,25.8,16.5,8.7,4.9,2.3,,,1.4,66.2,A*-C,10982
GCSE,Citizenship Studies,2011,UK,Exam,A*-G,2.7,12.9,24.3,25.3,16.5,9.6,4.8,2.5,,,1.4,65.2,A*-C,9279
GCSE,Classical Civilization,2003,UK,Exam,A*-G,9.6,22.5,24.1,20.3,12.5,4.9,2.2,1.6,,,2.3,76.5,A*-C,4447
GCSE,Classical Civilization,2002,UK,Exam,A*-G,8.6,22.2,24.5,20.9,12.7,5.0,2.5,1.4,,,2.2,76.2,A*-C,4017
GCSE,Classical Civilization,2001,UK,Exam,A*-G,8.7,22.4,25.5,20.0,11.7,5.2,2.7,1.4,,,2.4,76.6,A*-C,3905
GCSE,Classical Civilization,2000,UK,Exam,A*-G,7.1,24.6,24.0,21.7,11.2,5.2,2.3,1.8,,,2.1,77.4,A*-C,3868
GCSE,Classical Civilization,1999,UK,Exam,A*-G,6.5,24.5,26.3,20.4,11.5,4.8,2.4,1.8,,,1.8,77.7,A*-C,3260
GCSE,Classical Civilization,1998,UK,Exam,A*-G,7.0,22.8,26.2,21.7,12.8,4.6,2.2,1.2,,,1.5,77.7,A*-C,3529
GCSE,Classical Civilization,1997,UK,Exam,A*-G,6.9,21.2,24.0,22.9,13.0,4.0,2.7,1.7,,,3.6,52.1,A*-C,3644
GCSE,Classical Civilization,1996,UK,Exam,A*-G,6.0,19.9,24.0,24.2,13.6,1.8,3.4,1.5,,,5.6,74.1,A*-C,3447
GCSE,Classical Civilization,1995,UK,Exam,A*-G,7.0,22.3,27.0,19.7,10.3,6.0,3.6,2.6,,,1.5,76.0,A*-C,3919
GCSE,Classical Civilization,1994,UK,Exam,A*-G,7.2,22.5,29.2,19.3,10.0,5.5,3.2,1.9,,,1.2,78.2,A*-C,4325
GCSE,Classical Civilization,1993,UK,Exam,A*-G,,,,,,,,,,,2.0,75.3,A*-C,4625
GCSE,Classical Subjects,2025,England,Exam,9-1,25.7,19.2,14.3,12.9,9.1,6.5,6.1,2.9,2.0,,1.3,87.7,9-4,16311
GCSE,Classical Subjects,2024,England,Exam,9-1,24.9,18.3,15.0,12.9,9.5,7.1,5.8,3.3,1.7,,1.3,87.8,9-4,16047
GCSE,Classical Subjects,2023,England,Exam,9-1,26.7,18.6,14.6,12.6,8.9,6.7,5.6,3.2,1.6,,1.3,88.2,9-4,15592
GCSE,Classical Subjects,2022,England,Exam,9-1,34.8,20.0,14.7,11.5,7.6,4.9,2.5,2.3,1.1,,0.7,93.5,9-4,14985
GCSE,Classical Subjects,2021,England,Exam,9-1,43.8,18.7,14.8,9.8,5.9,3.7,1.7,0.9,0.5,,0.2,96.7,9-4,15286
GCSE,Classical Subjects,2020,England,Exam,9-1,36.3,21.5,16.8,11.6,6.8,4.1,1.7,0.8,0.3,,0.1,97.1,9-4,15762
GCSE,Classical Subjects,2019,England,Exam,9-1,27.7,21.5,15.5,12.1,8.6,5.6,4.9,2.2,1.0,,0.9,91.0,9-4,14891
GCSE,Classical Subjects,2018,UK,Exam,A*-G,37.8,25.6,14.6,8.5,5.0,3.7,2.7,1.4,,,0.1,95.2,A*-C,10240
GCSE,Classical Subjects,2018,UK,Exam,A*-G,37.7,25.5,14.6,8.5,5.1,3.8,2.7,1.4,,,0.1,95.2,A*-C,10533
GCSE,Classical Subjects,2018,UK,Exam,A*-G,11.4,24.5,25.5,18.4,10.6,5.2,2.5,1.0,,,0.9,79.8,A*-C,5152
GCSE,Classical Subjects,2017,UK,Exam,A*-G,42.7,21.8,15.2,10.0,5.4,2.7,1.2,0.6,,,0.3,89.8,A*-C,14480
GCSE,Classical Subjects,2016,UK,Exam,A*-G,40.1,23.2,15.5,10.6,5.7,3.0,1.1,0.5,,,0.3,89.4,A*-C,15152
GCSE,Classical Subjects,2015,UK,Exam,A*-G,36.9,24.4,16.4,10.9,6.1,2.9,1.3,0.7,,,0.4,88.6,A*-C,15867
GCSE,Classical Subjects,2014,UK,Exam,A*-G,32.6,26.6,16.8,11.2,6.6,3.2,1.6,0.9,,,0.5,87.2,A*-C,16444
GCSE,Classical Subjects,2013,UK,Exam,A*-G,33.3,26.8,17.3,10.9,6.2,3.1,1.2,0.7,,,0.5,88.3,A*-C,16005
GCSE,Classical Subjects,2012,UK,Exam,A*-G,34.1,27.3,17.4,10.8,6.2,2.5,1.1,0.4,,,0.2,89.6,A*-C,15265
GCSE,Classical Subjects,2011,UK,Exam,A*-G,35.2,26.6,17.1,11.0,5.8,2.4,1.1,0.5,,,0.3,89.9,A*-C,14272
GCSE,Classical Subjects,2010,UK,Exam,A*-G,35.9,25.0,16.7,11.8,6.4,2.0,0.6,0.3,,,1.3,89.4,A*-C,15882
GCSE,Classical Subjects,2009,UK,Exam,A*-G,35.0,25.0,16.9,11.9,6.6,2.1,0.7,0.6,,,1.2,88.8,A*-C,15350
GCSE,Classical Subjects,2008,UK,Exam,A*-G,33.6,26.7,16.3,12.3,6.5,2.2,0.7,0.4,,,1.3,88.9,A*-C,16039
GCSE,Classical Subjects,2007,UK,Exam,A*-G,33.5,26.3,16.7,11.9,6.5,2.4,0.8,0.4,,,1.5,88.4,A*-C,15972
GCSE,Classical Subjects,2006,UK,Exam,A*-G,30.8,26.8,17.2,13.1,6.7,2.3,1.0,0.6,,,1.5,87.9,A*-C,16305
GCSE,Classical Subjects,2005,UK,Exam,A*-G,29.5,28.2,18.0,12.8,6.3,2.4,1.1,0.5,,,1.2,88.5,A*-C,15685
GCSE,Classical Subjects,2004,UK,Exam,A*-G,28.1,29.0,17.9,12.9,6.7,2.3,1.1,0.6,,,1.4,87.9,A*-C,15593
GCSE,Classical Subjects,2003,UK,Exam,A*-G,27.7,27.1,18.4,13.3,7.6,2.7,1.0,0.6,,,1.6,86.5,A*-C,15921
GCSE,CDT,1995,UK,Exam,A*-G,1.6,6.6,15.1,21.0,18.4,16.5,11.6,6.3,,,2.9,44.3,A*-C,33037
GCSE,CDT,1994,UK,Exam,A*-G,1.7,7.1,14.3,19.1,19.5,17.3,12.3,6.3,,,2.4,42.2,A*-C,143929
GCSE,CDT,1993,UK,Exam,A*-G,,,,,,,,,,,2.6,41.7,A*-C,194928
GCSE,Computing,2025,England,Exam,9-1,9.2,10.2,10.2,14.8,13.4,11.5,11.4,8.9,7.3,,3.2,69.2,9-4,88750
GCSE,Computing,2024,England,Exam,9-1,8.5,9.9,9.9,15.0,13.4,11.6,11.8,9.1,7.4,,3.4,68.3,9-4,92778
GCSE,Computing,2023,England,Exam,9-1,5.2,8.9,10.2,13.8,13.5,13.0,13.3,11.0,7.9,,3.2,64.6,9-4,87405
GCSE,Computing,2022,England,Exam,9-1,9.2,12.1,12.6,15.2,13.9,12.2,9.8,8.0,5.0,,2.0,75.2,9-4,78297
GCSE,Computing,2021,England,Exam,9-1,11.1,13.3,15.0,15.7,14.5,12.8,8.5,5.0,3.0,,1.1,82.4,9-4,77021
GCSE,Computing,2020,England,Exam,9-1,8.7,11.0,13.8,15.8,15.7,15.1,10.5,5.8,2.9,,0.7,80.1,9-4,75791
GCSE,Computing,2019,England,Exam,9-1,3.9,7.7,10.0,13.1,14.2,13.7,15.1,11.2,7.8,,3.3,62.6,9-4,77407
GCSE,Computing,2018,UK,Exam,A*-G,3.7,7.3,9.8,13.0,13.9,13.7,14.9,11.8,,,3.4,61.4,A*-C,71928
GCSE,Computing,2018,UK,Exam,A*-G,3.7,7.4,9.9,13.0,13.9,13.7,14.8,11.8,,,3.4,61.6,A*-C,72485
GCSE,Computing,2018,UK,Exam,A*-G,5.9,14.7,21.1,20.4,14.9,9.0,7.3,4.8,,,1.9,62.1,A*-C,2136
GCSE,Computing,2017,UK,Exam,A*-G,5.8,14.9,20.4,19.7,14.6,9.7,6.7,4.5,,,3.8,60.8,A*-C,66751
GCSE,Computing,2016,UK,Exam,A*-G,5.7,15.0,19.8,19.9,14.7,9.9,6.7,4.5,,,3.9,60.4,A*-C,62454
GCSE,Computing,2015,UK,Exam,A*-G,6.3,15.3,21.6,21.9,15.1,8.8,5.2,3.3,,,2.5,65.1,A*-C,35414
GCSE,Computing,2014,UK,Exam,A*-G,6.4,17.2,21.2,20.7,14.3,8.8,5.3,3.3,,,2.8,65.5,A*-C,16773
GCSE,Computing,2013,UK,Exam,A*-G,6.8,19.4,23.9,18.3,13.2,7.4,5.3,2.9,,,2.8,68.4,A*-C,4253
GCSE,Construction,2018,UK,Exam,A*-G,2.9,22.5,31.1,23.2,10.3,4.5,2.7,1.2,,,1.6,79.7,A*-C,763
GCSE,Construction,2017,UK,Exam,A*-G,3.3,19.0,32.6,22.3,9.4,6.2,3.9,1.2,,,2.0,77.2,A*-C,690
GCSE,Construction,2016,UK,Exam,A*-G,2.9,24.0,33.2,22.1,12.5,3.9,0.7,0.7,,,0.0,82.3,A*-C,592
GCSE,Construction,2015,UK,Exam,A*-G,2.8,25.1,34.8,21.3,9.2,5.0,0.9,0.0,,,0.9,84.0,A*-C,544
GCSE,Construction,2014,UK,Exam,A*-G,3.8,24.0,33.8,23.3,8.1,3.7,2.4,0.6,,,0.3,84.9,A*-C,583
GCSE,Construction,2013,UK,Exam,A*-G,2.1,18.4,34.7,21.2,12.2,5.3,2.7,2.2,,,1.2,76.4,A*-C,755
GCSE,Construction,2012,UK,Exam,A*-G,2.7,21.1,29.7,23.1,13.9,6.2,2.0,0.6,,,0.7,76.6,A*-C,671
GCSE,Construction,2011,UK,Exam,A*-G,3.3,16.5,33.0,22.1,12.1,4.6,2.4,1.9,,,4.1,74.9,A*-C,702
GCSE,Construction,2010,UK,Exam,A*-G,3.0,17.6,29.1,22.0,12.4,6.9,4.9,2.4,,,1.7,71.7,A*-C,1054
GCSE,Design and Technology,2025,England,Exam,9-1,4.8,8.1,10.1,15.1,15.0,13.6,16.1,10.1,5.4,,1.7,66.7,9-4,77029
GCSE,Design and Technology,2024,England,Exam,9-1,4.7,7.7,10.0,13.9,15.0,14.3,16.6,10.4,5.5,,1.9,65.6,9-4,79182
GCSE,Design and Technology,2023,England,Exam,9-1,4.3,7.1,9.6,14.7,14.8,14.3,16.7,10.7,5.8,,2.0,64.8,9-4,78009
GCSE,Design and Technology,2022,England,Exam,9-1,7.1,8.8,10.9,15.3,15.4,14.0,12.5,9.4,4.8,,1.8,71.5,9-4,77531
GCSE,Design and Technology,2021,England,Exam,9-1,8.0,9.7,12.4,15.2,15.7,15.9,12.2,6.8,3.1,,1.0,76.9,9-4,81774
GCSE,Design and Technology,2020,England,Exam,9-1,6.1,9.0,12.5,16.5,17.4,17.5,13.1,5.7,1.9,,0.3,79.0,9-4,89037
GCSE,Design and Technology,2019,England,Exam,9-1,3.8,6.4,9.2,13.9,15.1,14.8,18.3,11.4,5.5,,1.6,63.2,9-4,89903
GCSE,Design and Technology,2018,UK,Exam,A*-G,5.0,12.9,20.5,23.4,17.4,10.6,5.8,2.8,,,1.6,61.8,A*-C,127232
GCSE,Design and Technology,2017,UK,Exam,A*-G,5.1,12.7,20.3,23.1,17.8,10.6,5.8,2.9,,,1.6,61.2,A*-C,165815
GCSE,Design and Technology,2016,UK,Exam,A*-G,4.9,12.7,20.2,23.1,17.8,10.8,6.0,2.9,,,1.6,60.9,A*-C,185279
GCSE,Design and Technology,2015,UK,Exam,A*-G,5.1,12.3,20.2,23.2,17.7,10.8,6.2,2.9,,,1.6,60.8,A*-C,204788
GCSE,Design and Technology,2014,UK,Exam,A*-G,5.2,12.5,20.2,23.1,17.7,10.8,6.0,2.9,,,1.6,61.0,A*-C,213629
GCSE,Design and Technology,2013,UK,Exam,A*-G,5.6,12.7,20.4,23.1,17.5,10.4,5.9,2.9,,,1.5,61.8,A*-C,219931
GCSE,Design and Technology,2012,UK,Exam,A*-G,5.8,13.1,20.9,22.9,16.8,10.1,5.9,2.8,,,1.7,62.7,A*-C,240704
GCSE,Design and Technology,2011,UK,Exam,A*-G,5.6,13.3,21.1,22.4,16.1,10.3,6.1,3.2,,,1.9,62.4,A*-C,253624
GCSE,Design and Technology,2010,UK,Exam,A*-G,4.8,14.7,17.5,26.6,19.1,8.7,4.1,2.1,,,2.4,63.6,A*-C,287701
GCSE,Design and Technology,2009,UK,Exam,A*-G,4.7,14.4,17.1,26.3,18.9,9.1,4.5,2.4,,,2.6,62.5,A*-C,305809
GCSE,Design and Technology,2008,UK,Exam,A*-G,4.7,13.8,16.8,25.9,18.9,9.5,4.9,2.7,,,2.8,61.2,A*-C,332787
GCSE,Design and Technology,2007,UK,Exam,A*-G,4.3,13.3,16.4,25.8,19.1,10.0,5.3,2.9,,,2.9,59.8,A*-C,354959
GCSE,Design and Technology,2006,UK,Exam,A*-G,4.0,12.9,16.1,25.6,19.3,10.4,5.7,3.0,,,3.0,58.6,A*-C,371672
GCSE,Design and Technology,2005,UK,Exam,A*-G,3.6,12.9,15.7,25.1,19.4,10.8,6.1,3.3,,,3.1,57.3,A*-C,396668
GCSE,Design and Technology,2004,UK,Exam,A*-G,3.3,12.4,15.5,24.9,19.6,11.2,6.5,3.5,,,3.1,56.1,A*-C,437403
GCSE,Design and Technology,2003,UK,Exam,A*-G,3.2,11.0,15.3,24.7,19.9,11.8,7.0,3.9,,,3.2,54.2,A*-C,439617
GCSE,Design and Technology,2002,UK,Exam,A*-G,2.7,10.8,15.4,24.2,19.8,12.7,7.5,3.8,,,3.1,53.1,A*-C,433594
GCSE,Design and Technology,2001,UK,Exam,A*-G,2.5,10.6,15.2,23.8,19.9,13.0,7.9,4.1,,,3.0,52.1,A*-C,436963
GCSE,Design and Technology,2000,UK,Exam,A*-G,2.6,10.3,15.2,23.4,20.1,13.3,8.2,4.1,,,2.8,51.5,A*-C,424468
GCSE,Design and Technology,1999,UK,Exam,A*-G,2.4,10.2,15.0,23.5,20.0,13.7,8.5,4.2,,,2.5,51.1,A*-C,407348
GCSE,Design and Technology,1998,UK,Exam,A*-G,2.3,9.7,14.3,23.4,19.4,14.4,9.1,4.6,,,2.8,49.7,A*-C,385047
GCSE,Design and Technology,1997,UK,Exam,A*-G,1.8,7.6,17.0,20.5,20.5,16.3,10.2,4.6,,,1.6,46.9,A*-C,235877
GCSE,Design and Technology,1996,UK,Exam,A*-G,1.7,7.2,16.6,20.3,20.3,16.5,10.9,4.9,,,1.6,45.8,A*-C,245132
GCSE,Design and Technology,1995,UK,Exam,A*-G,1.3,6.3,15.6,20.9,19.8,17.1,11.6,5.6,,,1.8,44.1,A*-C,349971
GCSE,Drama,2025,England,Exam,9-1,6.3,9.1,11.7,19.3,17.8,13.4,14.2,5.7,1.9,,0.6,77.6,9-4,48352
GCSE,Drama,2024,England,Exam,9-1,6.4,9.1,11.5,19.0,17.3,13.4,14.6,6.1,2.1,,0.5,76.7,9-4,48966
GCSE,Drama,2023,England,Exam,9-1,6.0,8.9,10.9,19.4,17.2,13.5,15.1,6.2,2.1,,0.7,75.9,9-4,49247
GCSE,Drama,2022,England,Exam,9-1,10.2,11.4,12.4,19.5,15.9,11.4,10.2,5.9,2.1,,1.0,80.8,9-4,53185
GCSE,Drama,2021,England,Exam,9-1,12.6,13.4,14.6,17.4,14.7,12.5,8.2,4.0,1.8,,0.8,85.2,9-4,56739
GCSE,Drama,2020,England,Exam,9-1,9.3,12.2,15.2,19.6,17.3,13.6,9.1,2.9,0.7,,0.1,87.2,9-4,57881
GCSE,Drama,2019,England,Exam,9-1,5.2,7.9,10.3,18.5,17.6,14.7,16.4,6.7,2.1,,0.6,74.2,9-4,57704
GCSE,Drama,2018,UK,Exam,A*-G,5.1,8.1,10.3,18.3,17.8,14.4,16.2,7.1,,,0.5,74.0,A*-C,57987
GCSE,Drama,2018,UK,Exam,A*-G,5.2,8.1,10.3,18.3,17.8,14.4,16.2,7.0,,,0.5,74.1,A*-C,58367
GCSE,Drama,2018,UK,Exam,A*-G,7.8,18.8,32.3,21.9,11.0,5.4,1.7,0.8,,,0.3,80.8,A*-C,3755
GCSE,Drama,2017,UK,Exam,A*-G,5.4,17.7,26.2,24.7,15.2,6.6,2.7,1.0,,,0.5,74.0,A*-C,65600
GCSE,Drama,2016,UK,Exam,A*-G,5.0,17.4,25.7,25.0,15.6,6.9,2.8,1.1,,,0.5,73.1,A*-C,72286
GCSE,Drama,2015,UK,Exam,A*-G,5.5,17.5,25.7,24.8,15.3,6.7,2.9,1.1,,,0.5,73.5,A*-C,75889
GCSE,Drama,2014,UK,Exam,A*-G,5.1,17.5,25.8,24.5,15.1,7.0,3.1,1.3,,,0.6,72.9,A*-C,75922
GCSE,Drama,2013,UK,Exam,A*-G,5.2,17.7,26.0,24.4,14.9,7.0,3.0,1.2,,,0.6,73.3,A*-C,75359
GCSE,Drama,2012,UK,Exam,A*-G,5.0,17.7,26.4,24.5,14.8,6.9,2.9,1.2,,,0.6,73.6,A*-C,76608
GCSE,Drama,2011,UK,Exam,A*-G,5.3,18.2,26.9,24.0,14.2,6.6,3.0,1.2,,,0.6,74.4,A*-C,80855
GCSE,Drama,2010,UK,Exam,A*-G,5.3,17.8,28.9,23.6,13.6,6.3,2.9,1.2,,,0.4,75.6,A*-C,87336
GCSE,Drama,2009,UK,Exam,A*-G,5.5,17.6,27.7,23.2,14.3,6.8,3.1,1.3,,,0.5,74.0,A*-C,93019
GCSE,Drama,2008,UK,Exam,A*-G,5.5,17.0,26.8,23.1,14.5,7.5,3.5,1.6,,,0.5,72.4,A*-C,100728
GCSE,Drama,2007,UK,Exam,A*-G,5.4,17.8,25.5,23.3,14.6,7.6,3.6,1.6,,,0.6,72.0,A*-C,102601
GCSE,Drama,2006,UK,Exam,A*-G,5.5,17.1,26.0,22.8,14.2,7.8,3.9,1.9,,,0.8,71.4,A*-C,100808
GCSE,Drama,2005,UK,Exam,A*-G,5.0,16.2,25.6,23.9,14.2,8.1,4.2,2.0,,,0.8,70.7,A*-C,99560
GCSE,Drama,2004,UK,Exam,A*-G,4.5,16.0,24.9,23.9,14.4,8.8,4.5,2.1,,,0.9,69.3,A*-C,100059
GCSE,Drama,2003,UK,Exam,A*-G,4.8,15.7,24.2,23.4,14.4,9.1,4.9,2.4,,,1.1,68.1,A*-C,98118
GCSE,Drama,2002,UK,Exam,A*-G,4.0,17.3,26.0,24.3,14.7,8.2,3.5,1.5,,,0.5,71.6,A*-C,99480
GCSE,Drama,2001,UK,Exam,A*-G,4.0,17.1,26.0,24.4,14.8,8.4,3.6,1.4,,,0.3,71.5,A*-C,93132
GCSE,Drama,2000,UK,Exam,A*-G,3.9,16.7,25.7,24.2,15.2,8.5,4.0,1.4,,,0.4,70.5,A*-C,89107
GCSE,Drama,1999,UK,Exam,A*-G,4.3,15.7,25.2,24.1,15.5,9.0,4.3,1.5,,,0.4,69.3,A*-C,81718
GCSE,Drama,1998,UK,Exam,A*-G,3.9,16.2,25.7,23.6,15.3,9.2,4.1,1.7,,,0.5,69.4,A*-C,83090
GCSE,Drama,1997,UK,Exam,A*-G,3.5,15.9,26.0,24.2,14.9,9.1,4.3,1.6,,,0.5,69.6,A*-C,85500
GCSE,Drama,1996,UK,Exam,A*-G,3.7,17.1,27.1,24.6,14.6,7.8,3.6,1.2,,,0.4,72.5,A*-C,82165
GCSE,DT,1995,UK,Exam,A*-G,1.2,6.2,15.6,20.9,20.1,17.1,11.7,5.5,,,1.7,43.9,A*-C,304522
GCSE,Economics,2025,England,Exam,9-1,7.8,10.9,14.6,19.9,16.7,12.3,10.5,4.5,2.0,,0.8,82.2,9-4,7224
GCSE,Economics,2024,England,Exam,9-1,7.9,11.6,12.4,19.8,16.5,12.1,10.3,5.7,2.8,,0.9,80.3,9-4,7719
GCSE,Economics,2023,England,Exam,9-1,7.7,11.0,13.2,20.2,15.5,12.4,11.2,5.5,2.6,,0.7,80.0,9-4,7159
GCSE,Economics,2022,England,Exam,9-1,13.2,14.8,15.4,18.3,14.3,10.9,7.1,3.7,1.8,,0.5,86.9,9-4,6755
GCSE,Economics,2021,England,Exam,9-1,16.7,17.7,18.7,18.1,12.4,9.0,4.7,1.9,0.6,,0.2,92.6,9-4,6429
GCSE,Economics,2020,England,Exam,9-1,12.9,15.9,18.0,20.9,14.9,10.0,5.2,1.8,0.4,,0.0,92.6,9-4,6501
GCSE,Economics,2019,England,Exam,9-1,7.1,10.7,14.0,21.0,16.8,12.0,10.9,4.9,1.9,,0.7,81.6,9-4,6106
GCSE,Economics,2018,UK,Exam,A*-G,7.0,23.5,29.3,19.7,10.0,5.3,2.8,1.2,,,1.2,79.5,A*-C,5544
GCSE,Economics,2017,UK,Exam,A*-G,6.5,22.8,29.9,20.0,10.2,5.3,2.8,1.3,,,1.2,79.2,A*-C,5637
GCSE,Economics,2016,UK,Exam,A*-G,6.0,22.2,29.9,20.2,10.3,6.0,2.6,1.7,,,1.2,78.2,A*-C,5982
GCSE,Economics,2015,UK,Exam,A*-G,7.6,22.5,28.0,20.1,11.3,5.3,2.2,1.5,,,1.5,78.2,A*-C,5779
GCSE,Economics,2014,UK,Exam,A*-G,6.0,24.7,29.9,18.9,9.8,5.2,2.9,1.4,,,1.2,79.5,A*-C,5400
GCSE,Economics,2013,UK,Exam,A*-G,6.8,23.6,28.3,20.2,10.0,5.4,3.2,1.5,,,1.0,78.9,A*-C,4779
GCSE,Economics,2012,UK,Exam,A*-G,9.1,24.6,28.4,18.4,8.6,4.9,3.0,1.5,,,1.5,80.5,A*-C,3857
GCSE,Economics,2011,UK,Exam,A*-G,5.1,23.4,32.0,19.7,9.1,4.7,3.0,1.4,,,1.6,80.2,A*-C,3673
GCSE,Economics,2010,UK,Exam,A*-G,9.7,20.6,25.9,24.7,10.3,3.9,1.5,0.6,,,2.8,80.9,A*-C,3074
GCSE,Economics,2009,UK,Exam,A*-G,8.4,18.1,26.3,23.8,12.4,5.6,1.5,1.0,,,2.9,76.6,A*-C,2901
GCSE,Economics,2008,UK,Exam,A*-G,8.5,17.6,26.0,22.1,12.6,6.2,2.6,1.1,,,3.3,74.2,A*-C,3198
GCSE,Economics,2007,UK,Exam,A*-G,7.4,16.7,24.1,23.7,14.8,6.1,2.7,1.4,,,3.1,71.9,A*-C,3086
GCSE,Economics,2006,UK,Exam,A*-G,6.8,17.3,24.0,24.7,14.2,6.3,2.4,1.2,,,3.1,72.8,A*-C,3171
GCSE,Economics,2005,UK,Exam,A*-G,6.5,17.3,24.7,24.5,13.6,6.2,3.0,1.5,,,2.7,73.0,A*-C,3191
GCSE,Economics,2004,UK,Exam,A*-G,6.0,15.5,23.0,25.5,15.5,7.1,2.9,1.4,,,3.1,70.0,A*-C,3694
GCSE,Economics,2003,UK,Exam,A*-G,5.4,15.7,23.9,24.6,14.3,7.1,3.9,1.8,,,3.3,69.6,A*-C,4139
GCSE,Economics,2002,UK,Exam,A*-G,6.3,14.8,23.2,24.9,14.5,7.1,3.7,2.3,,,3.2,69.2,A*-C,5044
GCSE,Economics,2001,UK,Exam,A*-G,5.3,13.9,23.3,25.1,16.2,7.5,3.6,2.4,,,2.7,67.6,A*-C,5332
GCSE,Economics,2000,UK,Exam,A*-G,4.1,14.0,23.0,25.4,17.5,7.1,3.9,2.2,,,2.8,66.5,A*-C,6220
GCSE,Economics,1999,UK,Exam,A*-G,3.9,13.9,23.5,24.8,17.2,7.0,4.2,2.9,,,2.6,66.1,A*-C,6584
GCSE,Economics,1998,UK,Exam,A*-G,3.8,13.2,21.9,24.6,17.5,8.3,4.6,2.9,,,3.2,63.5,A*-C,7430
GCSE,Economics,1997,UK,Exam,A*-G,3.1,13.6,22.2,25.6,17.5,6.9,4.9,2.4,,,3.8,64.5,A*-C,9600
GCSE,Economics,1996,UK,Exam,A*-G,2.9,12.5,20.6,25.7,17.9,8.1,5.1,2.8,,,4.4,55.3,A*-C,11127
GCSE,Economics,1995,UK,Exam,A*-G,2.5,11.9,22.4,23.7,15.6,11.1,7.2,3.5,,,2.1,60.5,A*-C,11098
GCSE,Economics,1994,UK,Exam,A*-G,2.2,11.0,21.1,24.0,17.2,11.2,6.9,4.1,,,2.3,58.3,A*-C,14058
GCSE,Economics,1993,UK,Exam,A*-G,,,,,,,,,,,2.5,56.1,A*-C,16767
GCSE,Engineering,2025,England,Exam,9-1,2.4,5.9,9.7,14.8,14.5,13.5,17.7,12.1,7.4,,2.1,60.7,9-4,2261
GCSE,Engineering,2024,England,Exam,9-1,2.0,5.4,7.7,13.1,13.5,12.8,19.4,14.3,8.5,,3.2,54.5,9-4,2788
GCSE,Engineering,2023,England,Exam,9-1,2.5,6.1,7.1,14.6,14.5,11.3,21.3,12.6,7.6,,2.7,55.9,9-4,2487
GCSE,Engineering,2022,England,Exam,9-1,6.1,8.0,9.8,18.2,16.3,12.0,13.6,8.8,5.4,,1.7,70.4,9-4,2289
GCSE,Engineering,2021,England,Exam,9-1,7.2,10.2,13.4,17.4,17.1,13.9,11.3,5.9,2.8,,0.8,79.2,9-4,2505
GCSE,Engineering,2020,England,Exam,9-1,5.4,8.4,12.6,16.4,17.3,16.7,14.3,6.5,2.0,,0.4,76.8,9-4,2818
GCSE,Engineering,2019,England,Exam,9-1,1.6,3.8,5.9,12.6,12.9,13.8,22.6,16.3,8.0,,2.5,50.6,9-4,2917
GCSE,Engineering,2018,UK,Exam,A*-G,1.3,7.0,15.1,22.6,22.4,14.9,8.8,4.8,,,3.1,46.0,A*-C,4972
GCSE,Engineering,2017,UK,Exam,A*-G,1.4,6.1,13.8,22.7,21.4,14.5,10.7,6.0,,,3.4,44.0,A*-C,7011
GCSE,Engineering,2016,UK,Exam,A*-G,0.9,5.2,11.9,22.7,23.3,16.1,10.0,6.5,,,3.4,40.7,A*-C,7714
GCSE,Engineering,2015,UK,Exam,A*-G,1.2,5.2,12.3,21.6,21.4,15.7,10.9,7.3,,,4.4,40.3,A*-C,6909
GCSE,Engineering,2014,UK,Exam,A*-G,1.3,5.6,12.9,21.8,21.7,16.7,9.5,5.9,,,4.6,41.6,A*-C,5027
GCSE,Engineering,2013,UK,Exam,A*-G,0.7,5.7,14.6,20.1,22.8,17.0,9.8,6.2,,,3.1,41.1,A*-C,2897
GCSE,Engineering,2012,UK,Exam,A*-G,1.9,6.9,16.4,21.6,19.5,14.6,10.4,5.0,,,3.7,46.8,A*-C,2128
GCSE,Engineering,2011,UK,Exam,A*-G,1.8,7.8,15.3,21.6,21.2,14.4,9.4,5.5,,,3.0,46.5,A*-C,1850
GCSE,English,2025,England,Exam,9-1,2.3,4.8,8.4,13.0,15.6,15.6,23.7,10.3,4.3,,2.0,59.7,9-4,801787
GCSE,English,2024,England,Exam,9-1,2.3,4.8,8.4,14.1,16.7,15.3,22.4,9.8,4.3,,1.9,61.6,9-4,782022
GCSE,English,2023,England,Exam,9-1,2.6,5.0,8.4,15.2,16.8,16.2,21.0,8.7,4.1,,1.9,64.2,9-4,728210
GCSE,English,2022,England,Exam,9-1,3.7,6.4,10.1,16.0,17.6,16.0,17.2,8.2,3.5,,1.3,69.8,9-4,697827
GCSE,English,2021,England,Exam,9-1,4.4,6.9,10.7,15.5,17.4,18.7,15.1,6.9,2.9,,1.5,73.6,9-4,718539
GCSE,English,2020,England,Exam,9-1,3.4,5.6,9.6,14.9,17.3,20.3,19.6,6.9,2.0,,0.4,71.1,9-4,738444
GCSE,English,2019,England,Exam,9-1,2.2,4.4,7.3,13.4,17.1,17.4,24.6,8.9,3.4,,1.3,61.8,9-4,707059
GCSE,English,2018,UK,Exam,A*-G,2.0,4.1,7.8,13.4,17.3,17.4,24.6,9.1,,,1.1,62.0,A*-C,682359
GCSE,English,2018,UK,Exam,A*-G,2.0,4.2,7.8,13.3,17.3,17.4,24.6,9.1,,,1.1,62.0,A*-C,683838
GCSE,English,2017,UK,Exam,A*-G,2.2,4.5,7.9,14.8,18.6,17.0,21.7,8.9,,,1.1,64.9,A*-C,632419
GCSE,English,2018,UK,Exam,A*-G,3.7,11.6,19.9,23.0,22.5,10.1,5.0,3.0,,,1.2,58.2,A*-C,49247
GCSE,English,2017,UK,Exam,A*-G,1.9,7.0,14.8,24.6,27.7,12.5,5.3,3.3,,,2.8,48.3,A*-C,127858
GCSE,English,2016,UK,Exam,A*-G,3.3,10.4,19.9,26.6,22.3,9.7,3.8,2.0,,,2.1,60.2,A*-C,513285
GCSE,English,2015,UK,Exam,A*-G,3.1,11.5,22.4,28.4,20.9,8.0,3.0,1.4,,,1.3,65.4,A*-C,520524
GCSE,English,2014,UK,Exam,A*-G,3.6,10.7,20.1,27.3,22.9,9.1,3.6,1.6,,,1.1,61.7,A*-C,515575
GCSE,English,2013,UK,Exam,A*-G,3.3,10.9,20.3,29.1,21.5,9.2,3.8,1.2,,,0.7,63.6,A*-C,731153
GCSE,English,2012,UK,Exam,A*-G,3.4,11.6,20.6,28.5,20.9,9.4,3.8,1.2,,,0.7,64.1,A*-C,669534
GCSE,English,2011,UK,Exam,A*-G,4.7,12.1,20.2,28.4,20.2,8.2,3.4,1.5,,,1.3,65.4,A*-C,649553
GCSE,English,2010,UK,Exam,A*-G,4.3,11.7,20.1,28.6,20.0,8.6,3.6,1.7,,,1.4,64.7,A*-C,705240
GCSE,English,2009,UK,Exam,A*-G,4.1,11.5,19.5,27.6,20.4,9.6,4.2,1.8,,,1.3,62.7,A*-C,701196
GCSE,English,2008,UK,Exam,A*-G,4.0,11.5,20.1,27.3,19.8,9.9,4.3,1.8,,,1.3,62.9,A*-C,721577
GCSE,English,2007,UK,Exam,A*-G,3.8,11.5,19.7,27.2,19.9,10.2,4.5,1.9,,,1.3,62.2,A*-C,732293
GCSE,English,2006,UK,Exam,A*-G,3.9,11.3,19.4,27.0,20.0,10.2,4.8,2.0,,,1.4,61.6,A*-C,721762
GCSE,English,2005,UK,Exam,A*-G,3.7,11.4,19.3,26.5,19.8,10.6,5.0,2.2,,,1.5,60.9,A*-C,708569
GCSE,English,2004,UK,Exam,A*-G,3.6,11.1,18.6,26.6,19.8,10.7,5.5,2.4,,,1.7,59.9,A*-C,688438
GCSE,English,2003,UK,Exam,A*-G,3.1,11.2,19.7,25.7,20.2,11.0,5.4,2.4,,,1.3,59.7,A*-C,688438
GCSE,English,2002,UK,Exam,A*-G,2.8,10.7,19.8,26.2,20.4,11.3,5.4,2.2,,,1.2,59.5,A*-C,667476
GCSE,English,2001,UK,Exam,A*-G,3.1,10.5,18.5,26.4,21.1,11.5,5.6,2.2,,,1.1,58.5,A*-C,666793
GCSE,English,2000,UK,Exam,A*-G,2.9,10.3,19.0,26.4,20.8,11.8,5.6,2.2,,,1.0,58.6,A*-C,647436
GCSE,English,1999,UK,Exam,A*-G,2.5,9.7,18.9,26.6,21.5,12.1,5.8,2.0,,,0.9,57.7,A*-C,638018
GCSE,English,1998,UK,Exam,A*-G,2.4,9.1,17.9,27.1,21.6,12.4,6.3,2.3,,,1.0,56.5,A*-C,637748
GCSE,English,1997,UK,Exam,A*-G,2.0,8.7,18.8,26.5,22.1,12.4,6.8,2.3,,,0.5,56.0,A*-C,649559
GCSE,English,1996,UK,Exam,A*-G,2.0,9.0,19.3,26.5,21.8,11.9,6.7,2.3,,,0.5,56.8,A*-C,663009
GCSE,English,1995,UK,Exam,A*-G,1.8,9.1,19.5,26.8,21.8,11.9,6.4,2.2,,,0.5,57.2,A*-C,648987
GCSE,English,1994,UK,Exam,A*-G,1.8,8.9,20.1,27.6,20.6,11.2,7.5,1.9,,,0.4,58.4,A*-C,605182
GCSE,English,1993,UK,Exam,A*-G,,,,,,,,,,,0.3,57.3,A*-C,632793
GCSE,English Literature,2025,England,Exam,9-1,3.6,6.0,10.6,18.3,19.4,16.1,12.3,7.4,4.0,,2.3,74.0,9-4,608110
GCSE,English Literature,2024,England,Exam,9-1,3.5,6.2,10.4,16.9,19.7,17.1,12.3,7.3,4.4,,2.2,73.7,9-4,615220
GCSE,English Literature,2023,England,Exam,9-1,3.7,6.4,10.6,17.2,19.8,16.3,12.1,7.7,4.4,,2.0,73.9,9-4,594531
GCSE,English Literature,2022,England,Exam,9-1,4.3,7.4,12.1,18.8,19.5,15.4,11.5,6.2,3.2,,1.6,77.5,9-4,572821
GCSE,English Literature,2021,England,Exam,9-1,4.9,8.0,12.8,17.7,19.5,17.4,10.7,5.4,2.5,,1.1,80.3,9-4,569875
GCSE,English Literature,2020,England,Exam,9-1,4.7,7.3,12.3,17.9,19.6,17.9,11.7,5.6,2.4,,0.6,79.7,9-4,559893
GCSE,English Literature,2019,England,Exam,9-1,3.6,6.2,10.4,16.7,19.4,17.1,14.0,7.1,3.8,,1.7,73.4,9-4,546677
GCSE,English Literature,2018,UK,Exam,A*-G,3.4,6.1,10.0,16.4,19.6,17.4,13.4,7.9,,,1.8,72.9,A*-C,530861
GCSE,English Literature,2018,UK,Exam,A*-G,3.4,6.1,10.0,16.4,19.6,17.4,13.4,7.9,,,1.8,72.9,A*-C,532264
GCSE,English Literature,2017,UK,Exam,A*-G,3.2,6.1,9.5,16.7,19.2,17.3,13.6,8.2,,,1.9,72.0,A*-C,547809
GCSE,English Literature,2018,UK,Exam,A*-G,6.8,19.5,31.1,24.6,10.5,3.7,2.1,0.9,,,0.8,82.0,A*-C,33527
GCSE,English Literature,2017,UK,Exam,A*-G,7.8,20.8,32.2,24.2,10.2,2.7,1.2,0.5,,,0.4,85.0,A*-C,26549
GCSE,English Literature,2016,UK,Exam,A*-G,5.1,16.2,27.8,25.9,14.7,6.1,2.4,0.9,,,0.7,75.1,A*-C,414286
GCSE,English Literature,2015,UK,Exam,A*-G,4.9,16.8,29.0,24.9,14.3,6.0,2.4,0.9,,,0.8,75.6,A*-C,436546
GCSE,English Literature,2014,UK,Exam,A*-G,5.2,16.8,28.6,25.7,14.3,5.6,2.1,0.8,,,0.9,76.3,A*-C,478575
GCSE,English Literature,2013,UK,Exam,A*-G,5.5,17.3,28.8,25.2,14.0,5.3,2.2,0.9,,,0.8,76.8,A*-C,475031
GCSE,English Literature,2012,UK,Exam,A*-G,5.8,17.4,28.0,25.1,14.0,5.6,2.3,1.0,,,0.8,76.3,A*-C,468196
GCSE,English Literature,2011,UK,Exam,A*-G,6.2,18.8,28.6,24.8,12.8,4.9,1.8,0.8,,,1.3,78.4,A*-C,490056
GCSE,English Literature,2010,UK,Exam,A*-G,5.9,17.7,26.0,26.7,13.9,5.5,2.0,0.9,,,1.4,76.3,A*-C,513523
GCSE,English Literature,2009,UK,Exam,A*-G,5.6,16.8,24.8,26.3,14.6,6.7,2.7,1.1,,,1.4,73.5,A*-C,528315
GCSE,English Literature,2008,UK,Exam,A*-G,5.1,15.5,23.9,25.8,15.8,7.8,3.1,1.3,,,1.7,70.3,A*-C,558387
GCSE,English Literature,2007,UK,Exam,A*-G,4.9,15.2,23.3,25.9,15.9,8.1,3.4,1.5,,,1.8,69.3,A*-C,569456
GCSE,English Literature,2006,UK,Exam,A*-G,4.8,14.8,23.1,25.1,15.7,8.9,4.1,1.7,,,1.8,67.8,A*-C,572161
GCSE,English Literature,2005,UK,Exam,A*-G,4.3,13.7,22.6,25.6,16.1,9.2,4.6,2.0,,,1.9,66.2,A*-C,568185
GCSE,English Literature,2004,UK,Exam,A*-G,4.3,13.2,21.9,25.7,16.1,9.6,4.9,2.3,,,2.0,65.1,A*-C,576562
GCSE,English Literature,2003,UK,Exam,A*-G,3.9,13.0,23.9,25.1,16.4,9.7,4.3,2.0,,,1.7,65.9,A*-C,560795
GCSE,English Literature,2002,UK,Exam,A*-G,3.8,12.6,23.3,25.7,16.8,9.7,4.5,2.0,,,1.6,65.4,A*-C,543461
GCSE,English Literature,2001,UK,Exam,A*-G,3.8,12.1,22.9,25.3,17.2,10.1,4.9,2.3,,,1.4,64.1,A*-C,538356
GCSE,English Literature,2000,UK,Exam,A*-G,3.7,12.0,22.7,25.5,17.0,10.4,5.2,2.2,,,1.3,63.9,A*-C,512572
GCSE,English Literature,1999,UK,Exam,A*-G,3.6,11.5,21.8,26.3,17.2,10.7,5.5,2.2,,,1.2,63.2,A*-C,501951
GCSE,English Literature,1998,UK,Exam,A*-G,3.6,10.6,19.7,27.8,18.2,11.3,5.4,2.2,,,1.3,61.7,A*-C,490845
GCSE,English Literature,1997,UK,Exam,A*-G,2.8,10.9,21.8,26.8,18.5,11.0,6.0,1.8,,,0.6,62.2,A*-C,492678
GCSE,English Literature,1996,UK,Exam,A*-G,2.7,11.2,22.3,27.0,17.9,11.0,5.7,1.7,,,0.5,63.2,A*-C,491850
GCSE,English Literature,1995,UK,Exam,A*-G,2.6,11.2,23.1,27.2,17.0,11.0,5.7,1.7,,,0.5,64.1,A*-C,474846
GCSE,English Literature,1994,UK,Exam,A*-G,2.5,10.9,22.4,26.9,17.3,10.8,6.9,1.9,,,0.4,62.7,A*-C,429226
GCSE,English Literature,1993,UK,Exam,A*-G,,,,,,,,,,,0.3,61.1,A*-C,449229
GCSE,Expressive Arts,2006,UK,Exam,A*-G,5.5,12.1,17.9,19.3,16.4,12.4,8.5,5.1,,,2.8,54.8,A*-C,10066
GCSE,Expressive Arts,2005,UK,Exam,A*-G,5.5,12.6,16.7,19.8,15.5,12.0,9.3,6.6,,,2.0,54.6,A*-C,9666
GCSE,Expressive Arts,2004,UK,Exam,A*-G,5.1,12.5,17.0,19.4,16.0,12.5,9.1,5.8,,,2.6,54.0,A*-C,9706
GCSE,Expressive Arts,2003,UK,Exam,A*-G,5.6,10.6,17.2,18.8,17.0,13.7,9.6,5.6,,,1.9,52.2,A*-C,8968
GCSE,Food Preparation & Nutrition,2025,England,Exam,9-1,4.2,7.1,9.8,15.2,17.1,15.0,18.5,9.2,3.1,,0.8,68.4,9-4,54447
GCSE,Food Preparation & Nutrition,2024,England,Exam,9-1,3.9,6.6,9.4,15.1,16.4,15.3,18.5,10.1,3.7,,1.0,66.8,9-4,55382
GCSE,Food Preparation & Nutrition,2023,England,Exam,9-1,3.8,6.6,9.0,14.6,16.2,15.9,18.9,10.4,3.7,,0.9,66.1,9-4,52616
GCSE,Food Preparation & Nutrition,2022,England,Exam,9-1,5.5,7.8,10.6,16.2,17.1,15.5,15.4,8.3,2.7,,1.0,72.6,9-4,51203
GCSE,Food Preparation & Nutrition,2021,England,Exam,9-1,6.0,8.6,12.0,16.0,17.3,17.6,13.1,6.2,2.2,,1.0,77.5,9-4,49363
GCSE,Food Preparation & Nutrition,2020,England,Exam,9-1,5.1,7.9,11.6,16.5,18.9,18.6,14.4,5.5,1.4,,0.1,78.6,9-4,47151
GCSE,Food Preparation & Nutrition,2019,England,Exam,9-1,3.2,5.8,8.7,14.2,16.9,15.6,20.5,11.0,3.5,,0.6,64.4,9-4,44925
GCSE,Food Preparation & Nutrition,2018,UK,Exam,A*-G,2.8,5.8,7.8,13.7,16.2,16.0,20.9,12.0,,,0.9,62.3,A*-C,47550
GCSE,Food Preparation & Nutrition,2018,UK,Exam,A*-G,2.8,5.8,7.9,13.6,16.3,16.0,20.8,12.0,,,0.9,62.4,A*-C,47740
GCSE,Food Preparation & Nutrition,2018,UK,Exam,A*-G,1.3,7.4,19.5,26.8,23.4,13.4,4.6,1.8,,,1.8,55.0,A*-C,2008
GCSE,French,2025,England,Exam,9-1,8.7,9.6,11.4,7.9,24.4,10.9,17.0,6.5,2.3,,1.3,72.9,9-4,126980
GCSE,French,2024,England,Exam,9-1,8.1,8.6,11.3,8.4,21.0,13.8,16.8,7.4,3.1,,1.5,71.2,9-4,129026
GCSE,French,2023,England,Exam,9-1,8.0,7.4,10.5,9.1,20.1,15.3,17.9,7.2,2.5,,1.9,70.5,9-4,125151
GCSE,French,2022,England,Exam,9-1,10.3,9.4,11.8,8.9,27.2,10.7,12.9,5.6,2.0,,1.5,78.1,9-4,122746
GCSE,French,2021,England,Exam,9-1,9.3,10.5,13.1,12.4,20.9,16.9,11.1,4.1,1.3,,0.4,83.1,9-4,124739
GCSE,French,2020,England,Exam,9-1,8.3,9.1,12.5,13.3,20.9,18.0,12.6,4.2,1.0,,0.1,82.1,9-4,124204
GCSE,French,2019,England,Exam,9-1,5.1,7.7,10.9,10.9,19.1,16.0,19.2,7.5,2.1,,1.5,69.7,9-4,122803
GCSE,French,2018,UK,Exam,A*-G,5.0,7.6,11.0,10.8,19.7,15.6,19.0,7.8,,,1.1,69.7,A*-C,117925
GCSE,French,2018,UK,Exam,A*-G,5.0,7.7,11.0,10.8,19.7,15.6,19.0,7.7,,,1.1,69.8,A*-C,118837
GCSE,French,2018,UK,Exam,A*-G,14.8,19.4,22.1,24.0,13.9,3.8,1.3,0.4,,,0.3,80.3,A*-C,7913
GCSE,French,2017,UK,Exam,A*-G,10.0,13.4,18.8,27.4,19.6,7.0,2.6,0.9,,,0.3,69.6,A*-C,130509
GCSE,French,2016,UK,Exam,A*-G,10.2,13.3,18.7,27.5,19.9,6.8,2.5,0.8,,,0.3,69.7,A*-C,144892
GCSE,French,2015,UK,Exam,A*-G,10.0,14.1,19.5,27.2,19.2,6.7,2.4,0.7,,,0.2,70.8,A*-C,157699
GCSE,French,2014,UK,Exam,A*-G,9.6,14.2,19.3,26.6,19.5,7.3,2.5,0.8,,,0.2,69.7,A*-C,168042
GCSE,French,2013,UK,Exam,A*-G,9.8,15.0,19.8,25.6,18.3,7.3,2.9,1.0,,,0.3,70.2,A*-C,177288
GCSE,French,2012,UK,Exam,A*-G,10.7,15.6,20.9,24.5,17.1,7.2,2.9,0.8,,,0.3,71.7,A*-C,153436
GCSE,French,2011,UK,Exam,A*-G,10.2,16.6,21.9,23.8,15.9,7.4,2.9,1.0,,,0.3,72.5,A*-C,154221
GCSE,French,2010,UK,Exam,A*-G,10.9,15.8,20.1,25.1,16.6,7.3,3.0,1.0,,,0.2,71.9,A*-C,177618
GCSE,French,2009,UK,Exam,A*-G,11.2,15.1,19.2,24.6,16.8,8.1,3.5,1.2,,,0.3,70.1,A*-C,188688
GCSE,French,2008,UK,Exam,A*-G,10.3,14.7,18.8,24.5,17.3,8.7,3.9,1.5,,,0.3,68.3,A*-C,201940
GCSE,French,2007,UK,Exam,A*-G,9.7,13.5,18.6,24.7,17.2,9.1,4.7,2.0,,,0.5,66.5,A*-C,216718
GCSE,French,2006,UK,Exam,A*-G,9.6,13.2,17.7,24.2,17.5,9.7,5.1,2.4,,,0.6,64.7,A*-C,236189
GCSE,French,2005,UK,Exam,A*-G,8.5,12.3,16.3,23.2,17.9,11.1,6.7,3.1,,,0.9,60.3,A*-C,272140
GCSE,French,2004,UK,Exam,A*-G,7.4,10.7,14.5,21.1,18.1,13.0,8.9,4.9,,,1.4,53.7,A*-C,318095
GCSE,French,2003,UK,Exam,A*-G,6.6,11.3,12.7,20.6,20.1,13.7,8.8,4.7,,,1.5,51.2,A*-C,331089
GCSE,French,2002,UK,Exam,A*-G,7.4,10.9,13.5,21.8,18.6,13.6,8.8,4.6,,,0.8,53.6,A*-C,338468
GCSE,French,2001,UK,Exam,A*-G,7.2,10.8,13.3,22.1,18.3,13.6,9.3,4.8,,,0.6,53.4,A*-C,347007
GCSE,French,2000,UK,Exam,A*-G,6.6,11.6,14.0,20.5,18.1,14.2,9.7,4.7,,,0.6,52.7,A*-C,341004
GCSE,French,1999,UK,Exam,A*-G,6.4,11.7,14.4,19.9,18.7,14.5,9.5,4.3,,,0.6,52.4,A*-C,335816
GCSE,French,1998,UK,Exam,A*-G,6.3,11.9,13.9,18.6,19.2,15.1,9.7,4.6,,,0.7,50.7,A*-C,335698
GCSE,French,1997,UK,Exam,A*-G,4.1,15.1,14.9,17.2,18.5,13.4,10.8,5.2,,,0.8,51.2,A*-C,328299
GCSE,French,1996,UK,Exam,A*-G,4.4,14.8,14.6,17.2,18.2,13.5,11.1,5.5,,,0.7,51.0,A*-C,342751
GCSE,French,1995,UK,Exam,A*-G,4.3,14.3,14.0,17.4,17.8,13.7,11.9,5.7,,,0.9,50.0,A*-C,350027
GCSE,French,1994,UK,Exam,A*-G,4.1,14.9,14.0,16.6,18.3,14.2,12.1,5.1,,,0.7,49.6,A*-C,324343
GCSE,French,1993,UK,Exam,A*-G,,,,,,,,,,,1.3,48.7,A*-C,315246
GCSE,Geography,2025,England,Exam,9-1,4.9,8.4,11.6,14.2,13.6,12.5,15.6,10.7,6.6,,2.0,65.1,9-4,288664
GCSE,Geography,2024,England,Exam,9-1,4.8,8.1,11.6,13.9,13.8,12.8,15.9,11.0,6.3,,1.8,65.0,9-4,283154
GCSE,Geography,2023,England,Exam,9-1,4.9,8.0,11.6,13.6,13.8,12.9,15.7,10.9,6.7,,1.9,64.8,9-4,279082
GCSE,Geography,2022,England,Exam,9-1,7.8,10.1,12.4,14.9,14.4,12.4,11.9,9.5,5.0,,1.6,72.1,9-4,274903
GCSE,Geography,2021,England,Exam,9-1,9.7,11.3,13.3,14.6,14.3,13.6,11.5,7.1,3.7,,0.9,76.8,9-4,266903
GCSE,Geography,2020,England,Exam,9-1,7.4,9.9,12.8,15.0,15.0,15.4,13.0,7.5,3.5,,0.5,75.5,9-4,255344
GCSE,Geography,2019,England,Exam,9-1,4.8,8.2,11.5,14.1,14.0,12.6,16.4,10.8,5.9,,1.7,65.2,9-4,251121
GCSE,Geography,2018,UK,Exam,A*-G,4.8,8.0,11.0,13.8,14.0,13.0,15.9,11.2,,,1.7,64.6,A*-C,242268
GCSE,Geography,2018,UK,Exam,A*-G,4.8,8.0,11.1,13.9,13.9,13.0,15.9,11.1,,,1.7,64.7,A*-C,243392
GCSE,Geography,2018,UK,Exam,A*-G,9.2,20.5,24.8,21.1,12.5,6.6,3.3,1.4,,,0.6,75.6,A*-C,13028
GCSE,Geography,2017,UK,Exam,A*-G,8.3,15.4,19.6,21.5,15.7,9.8,5.7,2.8,,,1.3,64.8,A*-C,245964
GCSE,Geography,2016,UK,Exam,A*-G,8.3,16.3,20.2,21.6,15.3,9.1,5.4,2.7,,,1.2,66.3,A*-C,244033
GCSE,Geography,2015,UK,Exam,A*-G,9.2,17.7,20.7,21.5,14.9,8.6,4.4,2.2,,,0.8,69.1,A*-C,228075
GCSE,Geography,2014,UK,Exam,A*-G,9.2,17.3,20.7,21.8,15.0,8.5,4.5,2.2,,,0.8,69.0,A*-C,225149
GCSE,Geography,2013,UK,Exam,A*-G,9.5,17.5,20.4,21.6,15.3,8.4,4.3,2.2,,,0.8,69.0,A*-C,222852
GCSE,Geography,2012,UK,Exam,A*-G,9.6,18.7,20.4,21.2,15.0,8.0,4.2,2.0,,,0.9,69.9,A*-C,187022
GCSE,Geography,2011,UK,Exam,A*-G,10.4,18.2,20.0,21.5,14.8,7.8,4.2,2.1,,,1.0,70.1,A*-C,180737
GCSE,Geography,2010,UK,Exam,A*-G,11.3,16.9,18.3,23.0,16.0,7.5,3.7,1.7,,,1.6,69.5,A*-C,194599
GCSE,Geography,2009,UK,Exam,A*-G,10.6,16.5,18.2,23.2,15.4,7.9,4.3,2.1,,,1.8,68.5,A*-C,196018
GCSE,Geography,2008,UK,Exam,A*-G,10.4,16.2,18.2,23.4,15.1,8.1,4.4,2.3,,,1.9,68.2,A*-C,203862
GCSE,Geography,2007,UK,Exam,A*-G,9.9,15.3,17.6,24.0,15.5,8.4,4.7,2.4,,,2.2,66.8,A*-C,213124
GCSE,Geography,2006,UK,Exam,A*-G,9.2,14.9,17.4,24.4,15.3,8.7,5.0,2.7,,,2.4,65.9,A*-C,213469
GCSE,Geography,2005,UK,Exam,A*-G,9.1,14.0,17.1,24.3,15.3,9.0,5.5,3.0,,,2.7,64.5,A*-C,216756
GCSE,Geography,2004,UK,Exam,A*-G,8.0,13.9,16.7,24.1,15.2,10.1,6.0,3.3,,,2.7,62.7,A*-C,227832
GCSE,Geography,2003,UK,Exam,A*-G,7.3,13.3,16.8,23.9,16.1,10.1,6.2,3.4,,,2.9,61.3,A*-C,232830
GCSE,Geography,2002,UK,Exam,A*-G,6.8,13.1,16.7,23.6,16.9,10.7,6.6,3.4,,,2.2,60.2,A*-C,240310
GCSE,Geography,2001,UK,Exam,A*-G,7.7,13.0,16.1,23.1,16.2,11.1,6.9,3.4,,,2.5,59.9,A*-C,253756
GCSE,Geography,2000,UK,Exam,A*-G,5.2,13.1,16.8,23.1,17.3,11.4,7.2,3.6,,,2.3,58.2,A*-C,251605
GCSE,Geography,1999,UK,Exam,A*-G,4.8,12.6,16.7,23.3,17.7,11.7,7.4,3.6,,,2.2,57.4,A*-C,257294
GCSE,Geography,1998,UK,Exam,A*-G,4.6,12.2,16.5,22.8,18.1,12.3,7.7,3.7,,,2.0,56.1,A*-C,265573
GCSE,Geography,1997,UK,Exam,A*-G,3.9,12.4,18.5,20.2,16.8,13.2,9.0,4.3,,,1.6,55.1,A*-C,290201
GCSE,Geography,1996,UK,Exam,A*-G,4.0,11.6,17.9,20.2,17.2,13.6,9.2,4.5,,,1.8,53.7,A*-C,302298
GCSE,Geography,1995,UK,Exam,A*-G,3.8,11.2,17.3,19.7,17.4,14.3,9.5,4.8,,,2.0,52.0,A*-C,290365
GCSE,Geography,1994,UK,Exam,A*-G,3.4,10.8,17.5,20.0,17.8,14.1,9.6,4.8,,,2.0,51.7,A*-C,267012
GCSE,Geography,1993,UK,Exam,A*-G,,,,,,,,,,,2.3,50.7,A*-C,262037
GCSE,German,2025,England,Exam,9-1,10.9,10.6,12.5,11.6,19.6,14.4,13.6,4.7,1.4,,0.7,79.6,9-4,32297
GCSE,German,2024,England,Exam,9-1,10.4,9.9,11.7,11.3,19.1,14.9,13.9,5.5,2.2,,0.9,77.5,9-4,34708
GCSE,German,2023,England,Exam,9-1,9.3,8.3,10.0,12.7,20.8,15.7,14.3,5.5,2.1,,1.1,76.9,9-4,33677
GCSE,German,2022,England,Exam,9-1,12.4,10.1,12.6,12.0,24.7,11.8,9.5,4.7,1.4,,0.9,83.5,9-4,34966
GCSE,German,2021,England,Exam,9-1,11.5,11.5,15.0,15.1,19.8,14.7,8.5,2.9,0.8,,0.2,87.6,9-4,36933
GCSE,German,2020,England,Exam,9-1,9.6,10.2,14.3,16.0,20.8,15.9,9.5,3.0,0.6,,0.1,86.8,9-4,40748
GCSE,German,2019,England,Exam,9-1,5.8,7.3,11.1,14.1,19.6,17.9,15.9,5.4,1.6,,1.3,75.8,9-4,41222
GCSE,German,2018,UK,Exam,A*-G,5.4,7.3,10.8,14.0,20.4,17.2,16.0,6.0,,,1.0,75.1,A*-C,42509
GCSE,German,2018,UK,Exam,A*-G,5.5,7.3,10.8,14.0,20.3,17.3,16.0,5.9,,,1.0,75.2,A*-C,42809
GCSE,German,2018,UK,Exam,A*-G,14.6,20.7,22.8,24.9,11.5,3.9,1.0,0.3,,,0.3,83.0,A*-C,1726
GCSE,German,2017,UK,Exam,A*-G,8.2,15.3,23.2,28.1,17.3,5.7,1.7,0.5,,,0.1,74.8,A*-C,43649
GCSE,German,2016,UK,Exam,A*-G,8.0,14.7,23.0,28.2,17.7,5.9,1.8,0.5,,,0.2,74.0,A*-C,50271
GCSE,German,2015,UK,Exam,A*-G,8.5,14.8,22.9,28.4,17.7,5.4,1.6,0.6,,,0.1,74.6,A*-C,54037
GCSE,German,2014,UK,Exam,A*-G,8.4,14.7,23.0,27.9,17.4,5.9,2.0,0.5,,,0.2,74.0,A*-C,59891
GCSE,German,2013,UK,Exam,A*-G,9.2,15.0,23.2,27.5,16.3,5.9,2.1,0.6,,,0.2,74.9,A*-C,62932
GCSE,German,2012,UK,Exam,A*-G,9.6,16.1,23.3,26.6,15.5,5.8,2.2,0.7,,,0.2,75.6,A*-C,57547
GCSE,German,2011,UK,Exam,A*-G,9.1,16.2,24.6,25.9,14.8,5.9,2.3,0.9,,,0.3,75.8,A*-C,60887
GCSE,German,2010,UK,Exam,A*-G,9.5,16.1,21.1,28.5,15.7,5.6,2.4,0.9,,,0.2,75.2,A*-C,70169
GCSE,German,2009,UK,Exam,A*-G,9.2,15.8,21.1,27.9,15.4,6.3,2.7,1.3,,,0.3,74.0,A*-C,73469
GCSE,German,2008,UK,Exam,A*-G,9.3,15.1,20.2,27.4,16.4,6.7,3.1,1.5,,,0.3,72.0,A*-C,76695
GCSE,German,2007,UK,Exam,A*-G,8.9,14.8,20.0,27.7,16.0,7.2,3.5,1.6,,,0.3,71.4,A*-C,81061
GCSE,German,2006,UK,Exam,A*-G,8.6,13.9,18.8,28.0,16.7,7.7,4.0,1.9,,,0.4,69.3,A*-C,90311
GCSE,German,2005,UK,Exam,A*-G,7.9,13.7,18.0,27.0,17.2,8.6,4.6,2.4,,,0.6,66.6,A*-C,105288
GCSE,German,2004,UK,Exam,A*-G,6.7,11.2,16.0,25.7,17.7,10.7,7.0,3.9,,,1.1,59.6,A*-C,122023
GCSE,German,2003,UK,Exam,A*-G,6.2,11.1,13.4,24.7,21.8,11.8,6.7,3.3,,,1.0,55.4,A*-C,125663
GCSE,German,2002,UK,Exam,A*-G,7.6,11.4,15.0,24.2,18.4,12.1,7.3,3.5,,,0.5,58.2,A*-C,126216
GCSE,German,2001,UK,Exam,A*-G,7.1,11.6,15.0,23.7,18.6,12.2,7.4,3.8,,,0.6,57.4,A*-C,135133
GCSE,German,2000,UK,Exam,A*-G,7.6,12.2,14.9,21.7,17.5,12.5,8.3,4.5,,,0.8,56.4,A*-C,133659
GCSE,German,1999,UK,Exam,A*-G,6.6,12.5,16.0,21.7,17.9,12.4,8.3,4.0,,,0.6,56.8,A*-C,135158
GCSE,German,1998,UK,Exam,A*-G,7.0,13.0,16.0,20.2,18.1,13.3,8.1,3.8,,,0.6,56.2,A*-C,133683
GCSE,German,1997,UK,Exam,A*-G,5.7,16.3,15.4,18.5,18.0,12.1,8.9,4.1,,,1.0,55.9,A*-C,132615
GCSE,German,1996,UK,Exam,A*-G,5.2,16.0,15.7,18.6,17.6,12.0,9.5,4.6,,,0.8,55.5,A*-C,132212
GCSE,German,1995,UK,Exam,A*-G,5.4,16.0,15.0,18.6,17.2,12.0,9.6,5.4,,,0.8,55.0,A*-C,129386
GCSE,German,1994,UK,Exam,A*-G,5.1,18.5,16.7,18.2,15.8,11.0,8.9,4.8,,,1.0,58.5,A*-C,118092
GCSE,German,1993,UK,Exam,A*-G,,,,,,,,,,,1.2,57.2,A*-C,107561
GCSE,Greek,2003,UK,Exam,A*-G,55.7,22.0,10.7,6.9,2.3,0.7,1.0,0.5,,,0.2,95.3,A*-C,1029
GCSE,Greek,2002,UK,Exam,A*-G,54.6,24.8,11.2,6.2,1.5,1.3,0.2,0.1,,,0.1,96.8,A*-C,961
GCSE,Greek,2001,UK,Exam,A*-G,49.3,26.6,12.8,7.2,2.3,1.1,0.4,0.2,,,0.1,95.9,A*-C,1001
GCSE,Greek,2000,UK,Exam,A*-G,48.3,26.2,13.2,6.8,3.4,0.5,0.2,0.1,,,1.3,94.5,A*-C,934
GCSE,Greek,1999,UK,Exam,A*-G,48.7,25.3,12.2,8.8,3.4,0.7,0.8,0.0,,,0.1,95.0,A*-C,928
GCSE,Greek,1998,UK,Exam,A*-G,50.3,27.0,12.7,6.0,2.7,0.8,0.0,0.1,,,0.4,96.0,A*-C,980
GCSE,Greek,1997,UK,Exam,A*-G,50.7,26.2,11.5,7.6,3.1,0.3,0.0,0.1,,,0.5,96.0,A*-C,947
GCSE,Greek,1996,UK,Exam,A*-G,48.0,24.6,14.4,7.2,3.3,0.4,0.1,0.0,,,2.0,94.2,A*-C,985
GCSE,Greek,1995,UK,Exam,A*-G,48.3,26.4,14.1,7.4,2.3,1.0,0.3,0.1,,,0.1,96.2,A*-C,1209
GCSE,Greek,1994,UK,Exam,A*-G,44.5,29.4,13.7,6.8,3.1,1.5,0.9,0.0,,,0.0,94.4,A*-C,1155
GCSE,Greek,1993,UK,Exam,A*-G,,,,,,,,,,,0.6,92.5,A*-C,1271
GCSE,Health & Social Care,2018,UK,Exam,A*-G,1.9,8.9,18.6,24.8,19.8,12.4,6.8,4.1,,,2.7,54.2,A*-C,14822
GCSE,Health & Social Care,2017,UK,Exam,A*-G,2.3,8.5,17.8,25.1,19.4,12.4,7.6,4.4,,,2.6,53.7,A*-C,20306
GCSE,Health & Social Care,2016,UK,Exam,A*-G,2.7,8.5,18.6,24.3,19.7,12.0,7.3,4.3,,,2.6,54.2,A*-C,21469
GCSE,Health & Social Care,2015,UK,Exam,A*-G,1.7,8.9,19.4,25.2,19.3,11.6,7.0,4.3,,,2.6,55.2,A*-C,19869
GCSE,Health & Social Care,2014,UK,Exam,A*-G,2.3,8.6,18.8,25.0,19.0,11.8,7.4,4.0,,,3.1,54.7,A*-C,16085
GCSE,Health & Social Care,2013,UK,Exam,A*-G,1.6,7.7,18.2,25.1,19.7,12.1,8.0,5.3,,,2.3,52.6,A*-C,11016
GCSE,Health & Social Care,2012,UK,Exam,A*-G,1.6,8.2,19.2,25.1,18.2,12.2,8.4,4.8,,,2.3,54.1,A*-C,8177
GCSE,Health & Social Care,2011,UK,Exam,A*-G,1.5,8.1,18.7,23.3,17.7,13.1,9.4,5.5,,,2.7,51.6,A*-C,9187
GCSE,History,2025,England,Exam,9-1,6.0,8.9,11.3,13.8,13.0,11.3,14.9,10.3,6.9,,3.7,64.2,9-4,289264
GCSE,History,2024,England,Exam,9-1,5.7,8.8,11.3,13.6,12.9,11.5,14.7,10.6,7.3,,3.6,63.9,9-4,306636
GCSE,History,2023,England,Exam,9-1,5.4,8.6,11.3,13.4,13.1,11.7,14.4,11.0,7.7,,3.4,63.5,9-4,293197
GCSE,History,2022,England,Exam,9-1,7.6,9.7,12.2,14.8,14.2,12.2,12.3,9.3,5.2,,2.5,70.7,9-4,274913
GCSE,History,2021,England,Exam,9-1,8.3,10.7,13.3,15.1,14.8,14.0,11.3,7.2,3.9,,1.4,76.2,9-4,277378
GCSE,History,2020,England,Exam,9-1,7.1,9.7,12.6,14.9,14.9,15.2,12.8,7.6,4.3,,0.9,74.4,9-4,274836
GCSE,History,2019,England,Exam,9-1,5.1,8.2,11.3,13.5,13.3,12.2,15.0,11.1,7.3,,3.0,63.6,9-4,261537
GCSE,History,2018,UK,Exam,A*-G,5.1,8.3,11.3,13.7,13.5,11.9,14.8,11.1,,,2.8,63.8,A*-C,244400
GCSE,History,2018,UK,Exam,A*-G,5.1,8.3,11.3,13.7,13.6,11.9,14.7,11.1,,,2.7,63.9,A*-C,245183
GCSE,History,2018,UK,Exam,A*-G,10.9,20.7,23.3,19.6,11.4,6.6,4.0,2.2,,,1.3,74.5,A*-C,15021
GCSE,History,2017,UK,Exam,A*-G,8.5,17.3,20.6,18.7,13.7,9.1,5.9,3.6,,,2.5,65.2,A*-C,255954
GCSE,History,2016,UK,Exam,A*-G,8.7,17.7,21.1,18.5,13.5,8.8,5.8,3.5,,,2.4,66.1,A*-C,260521
GCSE,History,2015,UK,Exam,A*-G,9.6,19.1,21.9,18.5,12.8,8.0,5.2,3.1,,,1.8,69.1,A*-C,247040
GCSE,History,2014,UK,Exam,A*-G,10.0,18.5,21.1,18.5,13.5,8.4,5.2,3.0,,,1.8,68.1,A*-C,256179
GCSE,History,2013,UK,Exam,A*-G,10.0,18.4,21.2,19.2,13.7,8.1,5.0,2.8,,,1.6,68.8,A*-C,260236
GCSE,History,2012,UK,Exam,A*-G,10.7,19.2,21.4,18.6,13.0,7.9,4.9,2.7,,,1.6,69.9,A*-C,222983
GCSE,History,2011,UK,Exam,A*-G,11.3,19.4,21.3,18.4,12.6,7.7,4.8,2.8,,,1.7,70.4,A*-C,218588
GCSE,History,2010,UK,Exam,A*-G,11.2,20.3,20.8,17.9,12.8,8.1,4.8,2.5,,,1.6,70.2,A*-C,221281
GCSE,History,2009,UK,Exam,A*-G,11.0,19.4,20.7,17.9,13.1,8.3,5.0,2.8,,,1.8,69.0,A*-C,219809
GCSE,History,2008,UK,Exam,A*-G,10.7,18.8,20.6,17.9,12.8,8.6,5.4,3.1,,,2.1,68.0,A*-C,226702
GCSE,History,2007,UK,Exam,A*-G,10.1,19.0,20.8,17.6,12.8,8.8,5.5,3.2,,,2.2,67.5,A*-C,227854
GCSE,History,2006,UK,Exam,A*-G,10.3,18.2,20.1,18.0,12.8,9.1,6.0,3.3,,,2.2,66.6,A*-C,231657
GCSE,History,2005,UK,Exam,A*-G,10.0,18.1,20.5,18.0,12.8,9.1,5.8,3.4,,,2.3,66.6,A*-C,227240
GCSE,History,2004,UK,Exam,A*-G,9.0,17.6,20.2,18.2,12.7,9.4,6.5,3.9,,,2.5,65.0,A*-C,230688
GCSE,History,2003,UK,Exam,A*-G,8.4,17.3,20.2,18.6,12.5,9.7,6.7,4.0,,,2.8,64.5,A*-C,218565
GCSE,History,2002,UK,Exam,A*-G,7.8,16.5,20.0,18.7,13.5,10.1,7.0,3.9,,,2.5,63.0,A*-C,217614
GCSE,History,2001,UK,Exam,A*-G,7.8,15.9,19.8,18.6,13.6,10.3,7.3,4.3,,,2.4,62.1,A*-C,218695
GCSE,History,2000,UK,Exam,A*-G,6.9,16.0,20.5,18.8,13.4,10.4,7.5,4.3,,,2.2,62.2,A*-C,213346
GCSE,History,1999,UK,Exam,A*-G,5.6,15.1,20.7,19.3,13.8,11.0,7.6,4.4,,,2.5,60.7,A*-C,210113
GCSE,History,1998,UK,Exam,A*-G,5.2,14.5,20.5,19.3,14.2,11.1,8.1,4.8,,,2.5,59.5,A*-C,209789
GCSE,History,1997,UK,Exam,A*-G,4.3,13.2,20.5,20.0,14.9,11.5,8.2,5.0,,,2.4,58.0,A*-C,227447
GCSE,History,1996,UK,Exam,A*-G,4.1,12.4,20.3,20.1,15.1,11.8,8.6,5.2,,,2.4,56.9,A*-C,226808
GCSE,History,1995,UK,Exam,A*-G,3.4,11.9,19.4,20.6,15.0,12.3,9.0,5.6,,,2.8,55.3,A*-C,247929
GCSE,History,1994,UK,Exam,A*-G,2.8,11.6,19.8,21.1,15.4,12.3,9.1,5.3,,,2.6,55.3,A*-C,229466
GCSE,History,1993,UK,Exam,A*-G,,,,,,,,,,,2.3,54.9,A*-C,219192
GCSE,Home Economics,2018,UK,Exam,A*-G,3.6,11.2,22.1,24.1,19.4,11.0,5.1,2.4,,,1.1,61.0,A*-C,14505
GCSE,Home Economics,2017,UK,Exam,A*-G,2.9,11.1,20.4,23.8,19.9,12.1,6.2,2.4,,,1.1,58.2,A*-C,26722
GCSE,Home Economics,2016,UK,Exam,A*-G,2.9,11.2,20.4,23.8,19.6,12.1,6.2,2.5,,,1.3,58.3,A*-C,31496
GCSE,Home Economics,2015,UK,Exam,A*-G,3.1,10.9,19.8,24.2,19.7,12.0,6.5,2.6,,,1.2,58.0,A*-C,34387
GCSE,Home Economics,2014,UK,Exam,A*-G,3.0,10.8,20.4,23.8,19.5,12.2,6.4,2.7,,,1.2,58.0,A*-C,36242
GCSE,Home Economics,2013,UK,Exam,A*-G,3.0,11.4,20.9,24.3,18.9,11.5,6.2,2.5,,,1.3,59.6,A*-C,34931
GCSE,Home Economics,2012,UK,Exam,A*-G,3.1,10.9,21.0,23.6,18.2,12.1,6.8,2.9,,,1.4,58.6,A*-C,36694
GCSE,Home Economics,2011,UK,Exam,A*-G,2.8,11.3,20.9,23.2,18.0,12.0,6.9,3.2,,,1.7,58.2,A*-C,38040
GCSE,Home Economics,2010,UK,Exam,A*-G,4.0,10.2,16.5,29.0,18.8,11.2,6.0,2.5,,,1.8,59.7,A*-C,38962
GCSE,Home Economics,2009,UK,Exam,A*-G,3.9,9.3,15.3,28.8,19.4,11.6,6.4,3.0,,,2.3,57.3,A*-C,40726
GCSE,Home Economics,2008,UK,Exam,A*-G,3.9,9.7,14.5,28.0,18.6,12.1,7.1,3.4,,,2.7,56.1,A*-C,45903
GCSE,Home Economics,2007,UK,Exam,A*-G,3.5,9.5,14.4,27.9,19.1,12.0,7.3,3.5,,,2.8,55.3,A*-C,47857
GCSE,Home Economics,2006,UK,Exam,A*-G,3.6,9.1,13.6,27.5,19.1,12.7,7.6,3.8,,,3.0,53.8,A*-C,46528
GCSE,Home Economics,2005,UK,Exam,A*-G,3.3,9.0,14.1,26.9,19.0,12.7,8.0,3.8,,,3.2,53.3,A*-C,44762
GCSE,Home Economics,2004,UK,Exam,A*-G,3.3,8.6,13.4,26.2,19.0,13.2,8.5,4.6,,,3.2,51.5,A*-C,45079
GCSE,Home Economics,2003,UK,Exam,A*-G,2.9,8.8,13.5,25.2,18.9,13.4,8.7,4.9,,,3.7,50.4,A*-C,42422
GCSE,Home Economics,2002,UK,Exam,A*-G,2.9,8.5,13.5,25.6,19.0,13.8,8.8,4.5,,,3.4,50.5,A*-C,40699
GCSE,Home Economics,2001,UK,Exam,A*-G,2.8,9.8,12.2,24.8,19.6,13.9,8.4,4.9,,,3.6,49.6,A*-C,42986
GCSE,Home Economics,2000,UK,Exam,A*-G,2.3,8.4,13.0,24.5,19.0,14.0,9.4,5.3,,,4.1,48.2,A*-C,45093
GCSE,Home Economics,1999,UK,Exam,A*-G,2.1,7.3,13.7,25.1,20.1,14.5,9.5,4.8,,,2.9,48.2,A*-C,48391
GCSE,Home Economics,1998,UK,Exam,A*-G,1.9,7.0,12.3,23.6,20.3,16.1,10.1,5.2,,,3.5,44.8,A*-C,52855
GCSE,Home Economics,1997,UK,Exam,A*-G,1.8,7.8,14.9,19.7,20.7,17.6,10.9,4.9,,,1.8,44.1,A*-C,104863
GCSE,Home Economics,1996,UK,Exam,A*-G,1.5,7.2,14.7,19.8,20.8,17.9,11.3,4.9,,,1.9,43.2,A*-C,97340
GCSE,Home Economics,1995,UK,Exam,A*-G,1.3,6.9,14.4,19.3,20.3,18.2,12.3,5.3,,,2.0,41.9,A*-C,54736
GCSE,Home Economics,1994,UK,Exam,A*-G,1.2,6.8,14.3,19.9,20.8,18.1,11.8,5.1,,,2.0,42.2,A*-C,104684
GCSE,Home Economics,1993,UK,Exam,A*-G,,,,,,,,,,,2.3,41.1,A*-C,108443
GCSE,Hospitality,2018,UK,Exam,A*-G,2.0,9.9,20.4,24.2,21.1,13.8,6.2,1.4,,,1.0,56.5,A*-C,3015
GCSE,Hospitality,2017,UK,Exam,A*-G,1.5,9.4,20.3,24.3,22.2,13.8,6.5,1.5,,,0.6,55.4,A*-C,2818
GCSE,Hospitality,2016,UK,Exam,A*-G,2.4,10.2,20.4,24.4,19.6,14.7,5.9,1.5,,,0.8,57.4,A*-C,3497
GCSE,Hospitality,2015,UK,Exam,A*-G,1.4,8.7,20.3,26.0,21.2,13.3,6.0,1.5,,,1.6,56.4,A*-C,3959
GCSE,Hospitality,2014,UK,Exam,A*-G,1.8,9.8,21.4,25.1,21.1,13.2,5.9,1.3,,,0.4,58.1,A*-C,3846
GCSE,Hospitality,2013,UK,Exam,A*-G,1.7,8.5,19.5,25.5,22.5,13.5,5.9,1.9,,,1.0,55.2,A*-C,2996
GCSE,Hospitality,2012,UK,Exam,A*-G,3.6,10.5,21.2,23.7,21.1,10.1,4.7,2.7,,,2.4,59.0,A*-C,1825
GCSE,Hospitality,2011,UK,Exam,A*-G,2.4,8.2,18.7,28.5,18.0,12.2,6.9,3.3,,,1.8,57.8,A*-C,1275
GCSE,Humanities,2017,UK,Exam,A*-G,2.4,10.1,17.9,19.9,18.3,12.4,8.8,5.5,,,4.7,50.3,A*-C,2290
GCSE,Humanities,2016,UK,Exam,A*-G,1.6,7.5,16.4,20.9,20.4,13.4,8.7,5.8,,,5.2,46.5,A*-C,4741
GCSE,Humanities,2015,UK,Exam,A*-G,1.6,7.7,17.1,22.0,18.9,12.8,8.9,6.6,,,4.4,48.4,A*-C,7574
GCSE,Humanities,2014,UK,Exam,A*-G,2.2,7.2,16.3,20.0,18.3,14.3,10.2,6.8,,,4.7,45.7,A*-C,9707
GCSE,Humanities,2013,UK,Exam,A*-G,1.6,6.9,15.2,21.3,19.7,14.9,10.2,6.6,,,3.6,45.0,A*-C,9783
GCSE,Humanities,2012,UK,Exam,A*-G,1.9,7.9,16.6,22.7,19.3,13.7,9.2,5.5,,,3.2,49.1,A*-C,13782
GCSE,Humanities,2011,UK,Exam,A*-G,1.7,6.9,16.0,21.3,19.0,14.6,10.2,6.6,,,3.7,45.9,A*-C,17279
GCSE,Humanities,2010,UK,Exam,A*-G,1.9,7.4,16.8,20.9,18.1,14.5,9.4,6.0,,,5.0,47.0,A*-C,15477
GCSE,Humanities,2009,UK,Exam,A*-G,2.1,7.8,16.4,21.3,17.9,14.0,9.9,6.1,,,4.5,47.6,A*-C,16816
GCSE,Humanities,2008,UK,Exam,A*-G,2.3,8.3,16.1,19.8,16.7,13.7,10.5,7.2,,,5.4,46.5,A*-C,16200
GCSE,Humanities,2007,UK,Exam,A*-G,2.1,7.7,16.1,20.3,16.4,14.2,10.2,7.0,,,6.0,46.2,A*-C,16292
GCSE,Humanities,2006,UK,Exam,A*-G,2.1,8.3,15.7,20.4,16.2,13.9,10.7,7.2,,,5.5,46.5,A*-C,16124
GCSE,Humanities,2005,UK,Exam,A*-G,2.0,7.4,15.1,20.2,16.7,14.2,11.3,7.3,,,5.8,44.7,A*-C,15911
GCSE,Humanities,2004,UK,Exam,A*-G,1.8,7.4,15.0,19.5,16.0,14.4,11.8,8.4,,,5.7,43.7,A*-C,17980
GCSE,Humanities,2003,UK,Exam,A*-G,2.5,7.9,14.7,18.9,16.5,14.2,11.4,8.1,,,5.8,44.0,A*-C,19366
GCSE,Humanities,2002,UK,Exam,A*-G,2.1,7.4,15.0,19.8,18.3,15.7,11.3,6.9,,,3.5,44.3,A*-C,20934
GCSE,Humanities,2001,UK,Exam,A*-G,1.8,7.7,14.7,19.0,18.4,15.5,11.8,7.2,,,3.9,43.2,A*-C,21199
GCSE,Humanities,2000,UK,Exam,A*-G,2.5,7.4,14.8,18.6,18.6,15.7,11.9,6.9,,,3.6,43.3,A*-C,19943
GCSE,Humanities,1999,UK,Exam,A*-G,2.0,7.0,14.0,19.3,18.7,16.0,11.8,7.3,,,3.9,42.3,A*-C,20492
GCSE,Humanities,1998,UK,Exam,A*-G,2.0,7.0,13.6,18.9,18.4,16.8,12.1,7.1,,,4.0,41.5,A*-C,23267
GCSE,Humanities,1997,UK,Exam,A*-G,2.2,7.4,13.6,18.9,19.5,17.3,12.3,6.7,,,2.1,42.1,A*-C,35562
GCSE,Humanities,1996,UK,Exam,A*-G,2.3,8.4,14.7,18.8,17.6,15.7,13.1,7.9,,,1.6,44.1,A*-C,45982
GCSE,Information Technology,2018,UK,Exam,A*-G,3.9,15.1,23.6,24.5,15.5,8.1,4.5,2.8,,,2.0,67.1,A*-C,55589
GCSE,Information Technology,2017,UK,Exam,A*-G,4.1,16.0,24.0,22.9,14.7,8.0,4.8,3.2,,,2.4,66.9,A*-C,73099
GCSE,Information Technology,2016,UK,Exam,A*-G,4.4,16.3,24.3,22.9,14.2,7.7,4.8,3.2,,,2.2,67.9,A*-C,84120
GCSE,Information Technology,2015,UK,Exam,A*-G,4.4,16.4,24.5,23.5,14.2,7.4,4.7,3.0,,,1.9,68.8,A*-C,111934
GCSE,Information Technology,2014,UK,Exam,A*-G,6.0,17.2,23.5,22.8,13.6,7.1,4.5,3.1,,,2.2,69.5,A*-C,96811
GCSE,Information Technology,2013,UK,Exam,A*-G,7.2,19.1,24.0,21.9,12.2,6.5,4.3,3.0,,,1.6,72.4,A*-C,69234
GCSE,Information Technology,2012,UK,Exam,A*-G,7.1,21.6,25.8,20.2,11.1,5.9,4.2,2.6,,,1.5,74.7,A*-C,53197
GCSE,Information Technology,2011,UK,Exam,A*-G,9.3,22.8,21.5,23.6,12.2,4.8,2.2,1.4,,,2.2,77.2,A*-C,47128
GCSE,Information Technology,2010,UK,Exam,A*-G,8.8,21.2,20.4,24.4,12.6,5.5,2.9,1.7,,,2.5,74.8,A*-C,61022
GCSE,Information Technology,2009,UK,Exam,A*-G,7.5,18.8,20.3,24.8,13.6,6.4,3.8,2.2,,,2.6,71.4,A*-C,73519
GCSE,Information Technology,2008,UK,Exam,A*-G,7.1,16.5,19.6,25.1,14.0,7.5,4.6,2.8,,,2.8,68.3,A*-C,85599
GCSE,Information Technology,2007,UK,Exam,A*-G,6.2,15.0,19.2,24.6,14.1,8.4,5.4,3.6,,,3.5,65.0,A*-C,99656
GCSE,Information Technology,2006,UK,Exam,A*-G,5.9,14.0,18.5,23.8,14.7,9.0,6.2,3.9,,,4.0,62.2,A*-C,109601
GCSE,Information Technology,2005,UK,Exam,A*-G,5.6,14.0,18.4,23.4,14.6,9.4,6.3,4.3,,,4.0,61.4,A*-C,103400
GCSE,Information Technology,2004,UK,Exam,A*-G,5.5,12.9,17.3,23.7,14.8,9.8,7.2,4.6,,,4.2,59.4,A*-C,98833
GCSE,Information Technology,2003,UK,Exam,A*-G,5.6,12.5,16.3,24.1,15.4,10.1,7.2,4.5,,,4.3,58.5,A*-C,92054
GCSE,Information Technology,2002,UK,Exam,A*-G,5.2,12.0,16.3,25.7,16.1,10.3,6.4,3.7,,,4.3,59.2,A*-C,116033
GCSE,Information Technology,2001,UK,Exam,A*-G,5.0,11.5,16.3,25.3,17.1,10.9,6.6,3.5,,,3.8,58.1,A*-C,111890
GCSE,Information Technology,2000,UK,Exam,A*-G,5.0,10.5,15.4,25.9,18.4,11.4,6.7,3.4,,,3.3,56.8,A*-C,97963
GCSE,Information Technology,1999,UK,Exam,A*-G,4.5,10.9,15.9,25.2,18.2,11.4,6.9,3.7,,,3.3,56.5,A*-C,83291
GCSE,Information Technology,1998,UK,Exam,A*-G,3.7,10.5,16.3,26.1,18.1,11.9,7.0,3.3,,,3.0,56.6,A*-C,77440
GCSE,Information Technology,1997,UK,Exam,A*-G,2.8,9.5,20.4,24.4,18.1,12.3,6.9,3.0,,,2.6,57.1,A*-C,76043
GCSE,Information Technology,1994,UK,Exam,A*-G,3.6,8.6,16.5,23.2,16.5,14.1,9.6,5.4,,,2.5,51.9,A*-C,34250
GCSE,Information Technology,1993,UK,Exam,A*-G,,,,,,,,,,,3.2,49.3,A*-C,37412
GCSE,Irish,2018,UK,Exam,A*-G,16.8,28.2,34.1,16.7,3.2,0.4,0.3,0.1,,,0.2,95.8,A*-C,1991
GCSE,Irish,2017,UK,Exam,A*-G,15.4,29.2,35.1,16.3,2.9,0.6,0.2,0.2,,,0.2,96.1,A*-C,1995
GCSE,Irish,2016,UK,Exam,A*-G,16.3,28.0,34.0,18.2,3.1,0.2,0.1,0.1,,,0.1,96.5,A*-C,1905
GCSE,Irish,2015,UK,Exam,A*-G,15.1,29.0,34.2,17.7,2.9,0.7,0.1,0.1,,,0.2,96.0,A*-C,1980
GCSE,Irish,2014,UK,Exam,A*-G,16.1,28.2,34.7,16.5,3.4,0.6,0.3,0.1,,,0.1,95.5,A*-C,2024
GCSE,Irish,2013,UK,Exam,A*-G,16.1,27.2,31.4,19.0,4.1,1.1,0.4,0.1,,,0.6,93.7,A*-C,2080
GCSE,Irish,2012,UK,Exam,A*-G,16.7,27.8,30.1,19.4,4.4,0.9,0.3,0.1,,,0.3,94.0,A*-C,1879
GCSE,Irish,2011,UK,Exam,A*-G,16.9,28.8,29.0,16.4,6.2,1.1,0.3,0.2,,,1.1,91.1,A*-C,1966
GCSE,Irish,2010,UK,Exam,A*-G,22.3,22.2,25.0,20.7,6.8,2.2,0.6,0.2,,,0.0,90.2,A*-C,2165
GCSE,Irish,2009,UK,Exam,A*-G,22.4,22.8,25.2,18.9,7.4,1.9,0.8,0.5,,,0.1,89.3,A*-C,2165
GCSE,Irish,2008,UK,Exam,A*-G,22.7,20.4,25.5,18.6,8.3,2.6,1.4,0.5,,,0.0,87.2,A*-C,2421
GCSE,Irish,2007,UK,Exam,A*-G,20.9,20.8,21.6,20.0,10.4,3.8,1.7,0.6,,,0.2,83.3,A*-C,2749
GCSE,Irish,2006,UK,Exam,A*-G,15.5,25.1,23.5,18.9,10.2,3.8,2.1,0.7,,,0.2,83.0,A*-C,2560
GCSE,Irish,2005,UK,Exam,A*-G,14.2,21.7,22.9,20.8,11.4,5.4,2.2,0.9,,,0.5,79.6,A*-C,2507
GCSE,Irish,2004,UK,Exam,A*-G,13.8,22.0,20.8,22.0,10.8,6.2,2.6,1.5,,,0.3,78.6,A*-C,2708
GCSE,Irish,2003,UK,Exam,A*-G,11.7,23.2,20.9,19.8,13.4,5.5,2.9,1.6,,,1.0,75.6,A*-C,2886
GCSE,Italian,1996,UK,Exam,A*-G,19.0,36.1,14.1,10.4,9.7,5.6,3.4,1.4,,,0.3,79.6,A*-C,5358
GCSE,Italian,1995,UK,Exam,A*-G,18.9,34.6,14.3,10.1,9.2,6.3,4.4,2.1,,,0.1,77.9,A*-C,5502
GCSE,Latin,2003,UK,Exam,A*-G,33.7,29.3,16.3,10.6,6.1,2.0,0.4,0.3,,,1.3,89.9,A*-C,9992
GCSE,Latin,2002,UK,Exam,A*-G,30.6,31.5,18.0,11.9,4.5,1.6,0.4,0.2,,,1.3,92.0,A*-C,10109
GCSE,Latin,2001,UK,Exam,A*-G,29.9,31.9,18.1,11.7,4.8,1.6,0.6,0.2,,,1.2,91.6,A*-C,10362
GCSE,Latin,2000,UK,Exam,A*-G,29.6,30.5,19.2,12.0,4.8,1.6,0.5,0.3,,,1.5,91.3,A*-C,10560
GCSE,Latin,1999,UK,Exam,A*-G,29.5,31.0,18.7,11.7,5.1,1.7,0.5,0.2,,,1.6,90.9,A*-C,10427
GCSE,Latin,1998,UK,Exam,A*-G,25.6,32.2,20.1,12.8,5.5,1.7,0.5,0.2,,,1.4,90.7,A*-C,10945
GCSE,Latin,1997,UK,Exam,A*-G,26.8,32.5,20.5,11.7,5.1,0.9,0.4,0.3,,,2.0,91.4,A*-C,11673
GCSE,Latin,1996,UK,Exam,A*-G,21.1,33.5,22.4,12.8,6.2,0.9,0.5,0.4,,,2.2,89.8,A*-C,12174
GCSE,Latin,1995,UK,Exam,A*-G,19.6,36.6,23.2,12.8,3.7,2.3,1.3,0.3,,,0.2,92.2,A*-C,12952
GCSE,Latin,1994,UK,Exam,A*-G,19.4,36.9,22.8,12.4,4.6,2.1,1.1,0.5,,,0.2,91.5,A*-C,12844
GCSE,Latin,1993,UK,Exam,A*-G,,,,,,,,,,,0.2,91.1,A*-C,12630
GCSE,Leisure & Tourism,2018,UK,Exam,A*-G,2.1,8.2,15.6,18.9,18.0,16.2,11.8,6.3,,,2.9,44.8,A*-C,2306
GCSE,Leisure & Tourism,2017,UK,Exam,A*-G,2.1,8.5,15.1,18.5,16.5,14.9,11.5,6.9,,,6.1,44.2,A*-C,3809
GCSE,Leisure & Tourism,2016,UK,Exam,A*-G,1.7,7.1,13.1,18.5,16.8,14.9,12.5,8.8,,,6.6,40.5,A*-C,5323
GCSE,Leisure & Tourism,2015,UK,Exam,A*-G,1.9,6.9,13.5,19.1,19.1,18.3,15.4,10.9,,,8.4,41.4,A*-C,6650
GCSE,Leisure & Tourism,2014,UK,Exam,A*-G,1.2,5.8,10.9,15.9,18.3,15.5,12.3,10.2,,,9.9,33.8,A*-C,7265
GCSE,Leisure & Tourism,2013,UK,Exam,A*-G,1.6,6.8,14.8,20.2,18.8,13.1,11.1,7.9,,,5.7,43.4,A*-C,3481
GCSE,Leisure & Tourism,2012,UK,Exam,A*-G,1.2,5.8,12.6,21.0,19.5,15.5,11.8,8.0,,,4.6,40.6,A*-C,3533
GCSE,Leisure & Tourism,2011,UK,Exam,A*-G,1.3,5.4,12.2,18.8,18.2,16.4,12.5,8.4,,,6.8,37.7,A*-C,3987
GCSE,Manufacturing,2018,UK,Exam,A*-G,0.0,9.1,23.8,28.6,14.7,10.5,4.2,4.9,,,4.2,61.5,A*-C,143
GCSE,Manufacturing,2017,UK,Exam,A*-G,1.8,11.4,24.9,25.3,15.3,7.5,8.5,3.6,,,1.8,63.3,A*-C,281
GCSE,Manufacturing,2016,UK,Exam,A*-G,1.8,10.5,17.0,22.0,14.4,15.9,11.5,6.2,,,0.7,51.3,A*-C,277
GCSE,Manufacturing,2015,UK,Exam,A*-G,0.8,9.6,21.3,24.3,18.1,14.3,8.5,2.7,,,0.4,56.0,A*-C,259
GCSE,Manufacturing,2014,UK,Exam,A*-G,0.0,5.5,19.2,25.6,17.6,13.6,9.4,5.2,,,3.9,50.3,A*-C,308
GCSE,Manufacturing,2013,UK,Exam,A*-G,0.0,8.5,16.5,24.6,16.5,15.7,12.3,4.6,,,1.3,49.6,A*-C,236
GCSE,Manufacturing,2012,UK,Exam,A*-G,2.7,5.0,13.6,27.3,19.7,14.2,6.6,7.6,,,3.3,48.6,A*-C,183
GCSE,Manufacturing,2011,UK,Exam,A*-G,0.0,7.4,16.5,22.9,12.9,14.8,12.3,6.7,,,6.5,46.8,A*-C,310
GCSE,Maths,2025,England,Exam,9-1,3.2,6.4,6.9,9.0,15.4,17.4,18.2,12.5,8.3,,2.8,58.2,9-4,831556
GCSE,Maths,2024,England,Exam,9-1,3.3,5.8,7.7,9.8,15.9,17.1,17.6,12.4,7.9,,2.6,59.6,9-4,816165
GCSE,Maths,2023,England,Exam,9-1,3.3,6.2,7.6,10.1,15.8,17.9,16.3,12.6,7.6,,2.5,61.0,9-4,761961
GCSE,Maths,2022,England,Exam,9-1,4.4,7.1,8.4,10.7,16.9,17.4,13.1,12.0,7.5,,2.5,64.9,9-4,723450
GCSE,Maths,2021,England,Exam,9-1,4.8,6.8,9.0,10.1,18.0,20.5,13.9,9.7,5.6,,1.6,69.2,9-4,746880
GCSE,Maths,2020,England,Exam,9-1,4.2,6.2,8.5,10.1,16.5,20.9,17.9,10.4,4.6,,0.7,66.4,9-4,749567
GCSE,Maths,2019,England,Exam,9-1,2.9,5.6,7.4,9.0,14.8,19.9,18.6,12.6,6.9,,2.3,59.6,9-4,720098
GCSE,Maths,2018,UK,Exam,A*-G,2.9,5.4,7.4,9.4,15.2,19.4,18.6,12.8,,,2.3,59.7,A*-C,692346
GCSE,Maths,2018,UK,Exam,A*-G,2.9,5.4,7.4,9.4,15.2,19.5,18.5,12.8,,,2.3,59.8,A*-C,695034
GCSE,Maths,2017,UK,Exam,A*-G,3.5,6.5,9.3,10.6,18.2,20.8,13.1,9.5,,,2.1,68.9,A*-C,568133
GCSE,Maths,2018,UK,Exam,A*-G,8.2,8.7,14.7,23.8,17.6,11.3,4.5,4.0,,,7.2,55.4,A*-C,52135
GCSE,Maths,2017,UK,Exam,A*-G,2.3,2.9,5.7,21.8,28.5,19.4,8.6,5.3,,,5.6,32.6,A*-C,201901
GCSE,Maths,2016,UK,Exam,A*-G,5.7,10.2,16.6,28.5,19.2,8.5,4.6,3.2,,,3.5,61.0,A*-C,757296
GCSE,Maths,2015,UK,Exam,A*-G,6.1,10.4,16.9,29.9,17.9,7.7,4.3,3.3,,,3.5,63.3,A*-C,761230
GCSE,Maths,2014,UK,Exam,A*-G,5.4,9.8,16.8,30.4,16.5,8.1,5.2,3.8,,,4.0,62.4,A*-C,736403
GCSE,Maths,2013,UK,Exam,A*-G,4.9,9.4,16.2,27.1,18.1,10.0,6.9,4.7,,,2.7,57.6,A*-C,760170
GCSE,Maths,2012,UK,Exam,A*-G,5.5,9.9,14.7,28.3,18.1,10.1,7.2,4.4,,,1.8,58.4,A*-C,675789
GCSE,Maths,2011,UK,Exam,A*-G,5.2,11.3,15.5,26.8,17.3,10.9,7.5,3.9,,,1.6,58.8,A*-C,772944
GCSE,Maths,2010,UK,Exam,A*-G,5.0,11.2,16.0,26.2,18.1,10.7,7.3,3.8,,,1.7,58.4,A*-C,762792
GCSE,Maths,2009,UK,Exam,A*-G,4.6,10.8,15.5,26.3,18.7,11.1,7.1,4.0,,,1.9,57.2,A*-C,754738
GCSE,Maths,2008,UK,Exam,A*-G,4.6,9.9,16.2,25.6,18.1,11.6,7.6,3.8,,,2.6,56.3,A*-C,738451
GCSE,Maths,2007,UK,Exam,A*-G,4.1,9.6,17.8,23.7,17.7,13.0,7.1,3.2,,,3.8,55.2,A*-C,760299
GCSE,Maths,2006,UK,Exam,A*-G,4.2,9.0,17.6,23.5,18.1,13.3,7.3,3.2,,,3.8,54.3,A*-C,750570
GCSE,Maths,2005,UK,Exam,A*-G,4.1,8.9,17.5,22.9,18.0,13.5,7.9,3.4,,,3.8,53.4,A*-C,741422
GCSE,Maths,2004,UK,Exam,A*-G,4.2,7.6,17.5,22.4,17.9,14.5,8.3,3.6,,,4.0,51.7,A*-C,741682
GCSE,Maths,2003,UK,Exam,A*-G,3.2,8.5,17.1,21.4,17.5,15.7,8.6,3.8,,,4.2,50.2,A*-C,712830
GCSE,Maths,2002,UK,Exam,A*-G,3.6,8.3,17.6,21.8,17.9,15.1,8.3,3.8,,,3.6,51.3,A*-C,709027
GCSE,Maths,2001,UK,Exam,A*-G,2.8,8.3,17.0,22.0,18.0,14.8,9.0,4.4,,,3.7,50.1,A*-C,690704
GCSE,Maths,2000,UK,Exam,A*-G,2.8,7.9,16.6,21.9,17.9,15.6,9.1,4.3,,,3.9,49.2,A*-C,673056
GCSE,Maths,1999,UK,Exam,A*-G,2.4,8.1,16.2,21.3,18.2,15.3,9.4,5.0,,,4.1,48.0,A*-C,672950
GCSE,Maths,1998,UK,Exam,A*-G,2.1,7.8,15.7,21.4,17.4,16.3,9.2,5.1,,,5.2,47.0,A*-C,670141
GCSE,Maths,1997,UK,Exam,A*-G,2.1,7.5,14.6,23.1,16.5,15.6,12.2,6.3,,,2.1,47.3,A*-C,681265
GCSE,Maths,1996,UK,Exam,A*-G,2.0,7.0,14.3,23.2,16.4,15.8,12.6,6.5,,,2.2,46.5,A*-C,691111
GCSE,Maths,1995,UK,Exam,A*-G,1.9,6.5,13.4,23.1,17.1,16.1,12.8,6.7,,,2.4,44.9,A*-C,678445
GCSE,Maths,1994,UK,Exam,A*-G,1.8,6.7,15.8,22.0,17.2,15.5,12.5,6.3,,,2.2,46.3,A*-C,640608
GCSE,Maths,1993,UK,Exam,A*-G,,,,,,,,,,,3.0,46.3,A*-C,569259
GCSE,Maths (Additional),2018,UK,Exam,A*-G,28.4,29.5,25.7,11.5,1.1,1.0,1.2,0.5,,,1.1,95.1,A*-C,3597
GCSE,Maths (Additional),2017,UK,Exam,A*-G,28.2,28.7,26.1,11.6,1.7,1.3,1.1,0.3,,,0.9,94.7,A*-C,3455
GCSE,Maths (Additional),2016,UK,Exam,A*-G,27.1,29.6,25.7,11.6,2.0,1.2,1.0,0.4,,,1.4,93.9,A*-C,3469
GCSE,Maths (Additional),2015,UK,Exam,A*-G,24.8,30.9,26.1,11.6,2.3,1.7,1.1,0.6,,,0.9,93.4,A*-C,3518
GCSE,Maths (Additional),2014,UK,Exam,A*-G,22.0,31.2,24.9,15.4,2.8,1.3,0.4,0.3,,,1.7,93.5,A*-C,3495
GCSE,Maths (Additional),2013,UK,Exam,A*-G,21.2,30.1,27.4,14.1,3.7,1.1,0.0,0.0,,,2.4,92.8,A*-C,3478
GCSE,Maths (Additional),2012,UK,Exam,A*-G,18.5,30.6,24.7,16.7,4.8,1.6,0.0,0.0,,,3.1,90.5,A*-C,3436
GCSE,Maths (Additional),2011,UK,Exam,A*-G,11.0,18.9,20.0,23.5,10.8,7.0,4.3,2.1,,,2.4,73.4,A*-C,13282
GCSE,Maths (Additional),2010,UK,Exam,A*-G,10.9,16.8,18.9,24.9,12.0,8.6,4.1,2.0,,,1.8,71.5,A*-C,17183
GCSE,Maths (Additional),2009,UK,Exam,A*-G,9.2,14.7,17.9,26.2,13.1,9.0,5.3,2.7,,,1.9,68.0,A*-C,18765
GCSE,Maths (Additional),2008,UK,Exam,A*-G,8.2,15.6,20.6,24.5,12.7,7.9,5.0,3.2,,,2.3,68.9,A*-C,16973
GCSE,Maths (Additional),2007,UK,Exam,A*-G,11.4,19.9,26.0,21.5,8.4,5.0,3.4,2.0,,,2.4,78.8,A*-C,9793
GCSE,Maths (Additional),2006,UK,Exam,A*-G,16.2,26.4,29.8,18.1,5.0,1.6,0.0,0.0,,,2.9,90.5,A*-C,3282
GCSE,Maths (Additional),2005,UK,Exam,A*-G,15.6,26.7,29.7,18.6,5.1,1.8,0.0,0.0,,,2.5,90.6,A*-C,3256
GCSE,Maths (Additional),2004,UK,Exam,A*-G,15.0,26.9,31.3,17.0,5.0,1.9,0.0,0.0,,,2.9,90.2,A*-C,3205
GCSE,Maths (Additional),2003,UK,Exam,A*-G,14.5,25.4,28.3,19.1,6.6,1.8,0.0,0.0,,,4.3,87.3,A*-C,3157
GCSE,Maths (Numeracy),2018,UK,Exam,A*-G,3.9,6.7,13.6,22.3,20.0,15.5,5.1,4.5,,,8.4,46.5,A*-C,22448
GCSE,Maths (Numeracy),2017,UK,Exam,A*-G,5.2,5.0,11.4,24.6,15.3,17.1,6.2,6.3,,,8.9,46.2,A*-C,32260
GCSE,Media / Film / TV Studies,2025,England,Exam,9-1,3.9,6.7,9.2,17.0,17.7,15.1,16.7,8.3,3.8,,1.6,69.6,9-4,32238
GCSE,Media / Film / TV Studies,2024,England,Exam,9-1,3.8,6.2,9.3,16.9,17.5,15.1,16.4,8.9,4.1,,1.7,68.9,9-4,33397
GCSE,Media / Film / TV Studies,2023,England,Exam,9-1,3.6,6.3,9.4,16.7,17.2,15.2,17.0,8.8,4.1,,1.7,68.4,9-4,32429
GCSE,Media / Film / TV Studies,2022,England,Exam,9-1,5.0,8.1,10.6,17.1,18.0,14.7,12.4,8.4,3.8,,1.8,73.6,9-4,31247
GCSE,Media / Film / TV Studies,2021,England,Exam,9-1,5.9,8.5,12.0,17.6,17.7,17.0,11.3,5.8,2.9,,1.3,78.7,9-4,32528
GCSE,Media / Film / TV Studies,2020,England,Exam,9-1,4.8,7.6,12.0,18.0,19.7,18.4,12.6,5.1,1.6,,0.2,80.5,9-4,34711
GCSE,Media / Film / TV Studies,2019,England,Exam,9-1,2.8,5.4,8.8,15.8,18.1,15.8,17.3,9.9,4.6,,1.5,66.7,9-4,36437
GCSE,Media / Film / TV Studies,2018,UK,Exam,A*-G,3.0,12.7,23.0,26.0,18.0,9.3,4.4,2.1,,,1.5,64.7,A*-C,45431
GCSE,Media / Film / TV Studies,2017,UK,Exam,A*-G,3.5,12.4,23.1,26.4,17.7,8.8,4.6,2.1,,,1.5,65.3,A*-C,48565
GCSE,Media / Film / TV Studies,2016,UK,Exam,A*-G,3.2,13.1,24.4,25.7,17.1,8.9,4.3,2.0,,,1.3,66.4,A*-C,55228
GCSE,Media / Film / TV Studies,2015,UK,Exam,A*-G,3.3,12.3,22.7,26.0,17.6,9.4,4.8,2.3,,,1.6,64.3,A*-C,62452
GCSE,Media / Film / TV Studies,2014,UK,Exam,A*-G,3.1,12.3,23.0,25.5,18.1,9.2,4.9,2.2,,,1.7,63.9,A*-C,63436
GCSE,Media / Film / TV Studies,2013,UK,Exam,A*-G,3.3,13.0,24.0,26.1,17.3,8.6,4.3,2.1,,,1.3,66.4,A*-C,59114
GCSE,Media / Film / TV Studies,2012,UK,Exam,A*-G,3.5,13.3,23.9,25.9,16.4,8.5,4.5,2.3,,,1.7,66.6,A*-C,61680
GCSE,Media / Film / TV Studies,2011,UK,Exam,A*-G,3.1,13.1,23.7,24.8,16.7,9.2,4.9,2.6,,,1.9,64.7,A*-C,67433
GCSE,Media / Film / TV Studies,2010,UK,Exam,A*-G,3.2,12.9,22.1,27.6,17.7,8.3,3.7,1.9,,,2.6,65.8,A*-C,67764
GCSE,Media / Film / TV Studies,2009,UK,Exam,A*-G,3.7,13.0,21.6,27.3,18.1,8.2,3.9,1.9,,,2.3,65.6,A*-C,67972
GCSE,Media / Film / TV Studies,2008,UK,Exam,A*-G,3.7,12.6,20.6,27.0,18.4,9.0,4.4,2.0,,,2.3,63.9,A*-C,69823
GCSE,Media / Film / TV Studies,2007,UK,Exam,A*-G,3.6,12.4,19.6,26.7,19.0,9.3,4.3,2.3,,,2.8,62.3,A*-C,66425
GCSE,Media / Film / TV Studies,2006,UK,Exam,A*-G,3.3,11.6,19.3,26.3,18.7,10.3,5.2,2.5,,,2.8,60.5,A*-C,57521
GCSE,Media / Film / TV Studies,2005,UK,Exam,A*-G,3.2,12.1,19.8,25.8,18.8,10.0,4.9,2.5,,,2.9,60.9,A*-C,45683
GCSE,Media / Film / TV Studies,2004,UK,Exam,A*-G,3.1,12.2,20.1,24.9,18.9,10.0,5.5,2.6,,,2.7,60.3,A*-C,39820
GCSE,Media / Film / TV Studies,2003,UK,Exam,A*-G,2.9,11.6,19.4,24.2,19.0,11.0,5.9,2.9,,,3.1,58.1,A*-C,34812
GCSE,Music,2025,England,Exam,9-1,10.1,10.5,12.7,16.7,14.4,11.5,13.2,6.5,2.8,,1.6,75.9,9-4,34247
GCSE,Music,2024,England,Exam,9-1,9.7,10.5,12.7,16.5,14.7,11.8,13.5,6.3,2.7,,1.6,75.9,9-4,32284
GCSE,Music,2023,England,Exam,9-1,9.2,10.9,13.2,17.4,14.3,11.4,13.4,6.5,2.3,,1.4,76.4,9-4,29732
GCSE,Music,2022,England,Exam,9-1,15.3,14.2,14.5,16.4,12.9,9.5,9.2,4.6,2.1,,1.3,82.8,9-4,33793
GCSE,Music,2021,England,Exam,9-1,17.9,16.1,16.2,15.4,12.2,10.3,6.6,3.3,1.3,,0.7,88.1,9-4,35202
GCSE,Music,2020,England,Exam,9-1,13.9,15.2,16.9,17.5,14.3,11.4,7.4,2.6,0.7,,0.1,89.2,9-4,34686
GCSE,Music,2019,England,Exam,9-1,8.2,10.6,13.0,16.3,15.3,12.2,15.3,6.2,2.0,,0.9,75.6,9-4,34740
GCSE,Music,2018,UK,Exam,A*-G,7.9,10.6,12.6,16.6,14.6,12.4,15.7,6.6,,,0.9,74.7,A*-C,35531
GCSE,Music,2018,UK,Exam,A*-G,7.9,10.6,12.7,16.7,14.5,12.4,15.6,6.6,,,0.9,74.8,A*-C,35828
GCSE,Music,2018,UK,Exam,A*-G,11.0,28.6,29.4,17.5,7.9,3.4,1.3,0.4,,,0.5,86.5,A*-C,3530
GCSE,Music,2017,UK,Exam,A*-G,9.1,22.4,24.5,19.3,12.4,6.8,3.1,1.4,,,0.9,75.3,A*-C,42507
GCSE,Music,2016,UK,Exam,A*-G,8.9,21.8,24.9,19.7,12.4,6.9,3.1,1.5,,,0.8,75.3,A*-C,45990
GCSE,Music,2015,UK,Exam,A*-G,9.1,21.8,25.5,19.5,12.0,6.7,3.0,1.5,,,0.9,75.9,A*-C,48184
GCSE,Music,2014,UK,Exam,A*-G,8.9,22.4,25.7,19.3,11.8,6.5,2.9,1.5,,,1.0,76.3,A*-C,47125
GCSE,Music,2013,UK,Exam,A*-G,9.1,23.2,26.1,19.0,11.7,6.1,2.8,1.3,,,0.7,77.4,A*-C,46231
GCSE,Music,2012,UK,Exam,A*-G,9.6,23.8,26.3,18.6,11.3,5.8,2.6,1.2,,,0.8,78.3,A*-C,46368
GCSE,Music,2011,UK,Exam,A*-G,9.5,23.5,26.2,18.1,10.7,6.5,3.1,1.4,,,1.0,77.3,A*-C,48099
GCSE,Music,2010,UK,Exam,A*-G,8.4,23.7,26.5,19.4,10.9,5.6,2.9,1.4,,,1.2,78.0,A*-C,51272
GCSE,Music,2009,UK,Exam,A*-G,9.1,21.9,25.5,20.0,11.0,6.1,3.3,1.6,,,1.5,76.5,A*-C,53568
GCSE,Music,2008,UK,Exam,A*-G,9.4,20.3,24.7,20.2,11.4,6.9,3.5,1.8,,,1.8,74.6,A*-C,59824
GCSE,Music,2007,UK,Exam,A*-G,9.3,20.4,24.1,20.1,11.2,6.8,3.9,2.0,,,2.2,73.9,A*-C,61249
GCSE,Music,2006,UK,Exam,A*-G,9.6,20.3,24.0,19.5,10.8,7.0,4.1,2.4,,,2.3,73.4,A*-C,60668
GCSE,Music,2005,UK,Exam,A*-G,9.8,19.2,23.1,19.9,11.5,7.2,4.4,2.4,,,2.5,72.0,A*-C,58481
GCSE,Music,2004,UK,Exam,A*-G,9.5,18.8,22.6,19.6,11.2,7.7,4.7,2.6,,,3.3,70.5,A*-C,56742
GCSE,Music,2003,UK,Exam,A*-G,9.3,18.0,23.4,19.2,11.1,7.8,5.1,2.8,,,3.3,69.9,A*-C,51639
GCSE,Music,2002,UK,Exam,A*-G,10.0,20.0,23.3,18.2,10.9,7.4,4.9,2.9,,,2.4,71.5,A*-C,48192
GCSE,Music,2001,UK,Exam,A*-G,10.3,19.5,23.0,18.4,11.3,7.5,4.9,2.7,,,2.4,71.2,A*-C,45891
GCSE,Music,2000,UK,Exam,A*-G,10.2,19.0,22.6,18.7,11.6,7.8,5.2,2.9,,,2.0,70.5,A*-C,45797
GCSE,Music,1999,UK,Exam,A*-G,9.9,18.6,22.3,19.2,11.5,8.0,5.4,3.1,,,2.0,70.0,A*-C,43002
GCSE,Music,1998,UK,Exam,A*-G,8.4,19.5,22.6,19.3,12.1,8.3,5.5,3.0,,,1.3,69.8,A*-C,42069
GCSE,Music,1997,UK,Exam,A*-G,6.7,18.9,24.4,20.1,12.4,8.7,5.2,2.6,,,0.9,70.1,A*-C,43430
GCSE,Music,1996,UK,Exam,A*-G,6.9,18.0,23.7,20.6,12.8,8.9,5.6,2.7,,,0.8,69.2,A*-C,41801
GCSE,Music,1995,UK,Exam,A*-G,5.9,18.0,23.6,20.8,12.6,9.0,6.0,3.2,,,0.9,68.3,A*-C,38310
GCSE,Music,1994,UK,Exam,A*-G,5.8,17.4,23.1,20.1,13.9,9.6,6.3,3.0,,,0.8,66.4,A*-C,37003
GCSE,Music,1993,UK,Exam,A*-G,,,,,,,,,,,1.4,63.0,A*-C,34756
GCSE,Performing / Expressive Arts,2025,England,Exam,9-1,6.0,9.5,11.9,17.3,16.4,13.6,12.9,8.2,3.2,,1.1,74.7,9-4,7107
GCSE,Performing / Expressive Arts,2024,England,Exam,9-1,5.2,9.3,11.5,17.7,16.4,14.2,14.2,7.8,2.8,,1.0,74.3,9-4,6570
GCSE,Performing / Expressive Arts,2023,England,Exam,9-1,5.0,8.8,11.9,17.1,17.0,14.3,15.2,7.3,2.4,,1.0,74.1,9-4,6780
GCSE,Performing / Expressive Arts,2022,England,Exam,9-1,10.1,11.8,14.0,17.0,15.6,12.2,10.3,5.6,2.1,,1.3,80.7,9-4,8133
GCSE,Performing / Expressive Arts,2021,England,Exam,9-1,13.3,14.0,15.7,16.6,14.8,12.6,7.6,3.3,1.6,,0.5,87.0,9-4,8688
GCSE,Performing / Expressive Arts,2020,England,Exam,9-1,9.9,12.3,16.3,18.5,16.8,13.8,8.8,2.9,0.6,,0.1,87.6,9-4,8996
GCSE,Performing / Expressive Arts,2019,England,Exam,9-1,4.2,7.9,11.3,16.3,16.5,15.5,17.5,7.8,2.3,,0.7,71.7,9-4,9273
GCSE,Performing / Expressive Arts,2018,UK,Exam,A*-G,4.2,7.8,10.7,16.2,16.2,15.3,16.3,9.3,,,0.9,70.4,A*-C,8611
GCSE,Performing / Expressive Arts,2018,UK,Exam,A*-G,4.2,7.8,10.7,16.1,16.3,15.3,16.4,9.3,,,0.9,70.4,A*-C,8646
GCSE,Performing / Expressive Arts,2017,UK,Exam,A*-G,7.3,15.6,22.4,24.7,16.7,8.1,3.3,1.3,,,0.6,70.0,A*-C,15641
GCSE,Performing / Expressive Arts,2016,UK,Exam,A*-G,6.9,14.6,21.9,24.9,17.0,8.5,3.9,1.5,,,0.8,68.3,A*-C,18676
GCSE,Performing / Expressive Arts,2015,UK,Exam,A*-G,6.6,15.1,21.1,24.5,17.0,9.2,4.1,1.6,,,0.8,67.3,A*-C,20625
GCSE,Performing / Expressive Arts,2014,UK,Exam,A*-G,6.1,14.9,20.8,24.2,18.0,9.3,4.3,1.8,,,0.6,66.0,A*-C,20742
GCSE,Performing / Expressive Arts,2013,UK,Exam,A*-G,5.9,14.2,19.9,23.6,18.4,10.1,4.9,1.9,,,1.1,63.6,A*-C,20075
GCSE,Performing / Expressive Arts,2012,UK,Exam,A*-G,6.0,13.7,19.5,23.1,18.1,10.6,5.5,2.4,,,1.1,62.3,A*-C,20846
GCSE,Performing / Expressive Arts,2011,UK,Exam,A*-G,6.7,13.0,19.0,21.6,18.4,11.4,5.9,2.7,,,1.3,60.3,A*-C,22239
GCSE,Performing / Expressive Arts,2010,UK,Exam,A*-G,4.9,14.1,20.9,21.7,19.1,10.9,5.6,2.1,,,0.7,61.6,A*-C,22288
GCSE,Performing / Expressive Arts,2009,UK,Exam,A*-G,4.7,13.3,19.4,20.7,19.1,11.9,6.7,3.0,,,1.2,58.1,A*-C,24650
GCSE,Performing / Expressive Arts,2008,UK,Exam,A*-G,4.8,14.1,18.5,19.3,19.8,12.5,6.6,2.9,,,1.5,56.7,A*-C,26649
GCSE,Performing / Expressive Arts,2007,UK,Exam,A*-G,4.8,13.8,17.5,18.7,20.4,12.3,7.0,3.8,,,1.7,54.8,A*-C,28325
GCSE,Performing / Expressive Arts,2006,UK,Exam,A*-G,4.8,13.6,17.4,18.6,20.4,13.1,7.2,3.4,,,1.5,54.4,A*-C,27200
GCSE,Physical Education,2025,England,Exam,9-1,4.5,7.7,11.2,18.0,17.0,14.2,17.6,6.9,2.4,,0.5,72.7,9-4,78077
GCSE,Physical Education,2024,England,Exam,9-1,4.3,7.7,11.0,18.3,17.1,13.6,16.8,7.8,2.7,,0.6,72.1,9-4,76434
GCSE,Physical Education,2023,England,Exam,9-1,4.4,7.4,10.9,17.9,17.3,14.5,17.7,7.2,2.2,,0.5,72.4,9-4,73434
GCSE,Physical Education,2022,England,Exam,9-1,9.9,10.9,13.2,19.9,16.2,11.7,11.1,5.2,1.4,,0.3,81.9,9-4,69638
GCSE,Physical Education,2021,England,Exam,9-1,12.2,12.7,15.6,17.7,16.2,12.6,8.8,3.2,0.8,,0.2,87.0,9-4,70442
GCSE,Physical Education,2020,England,Exam,9-1,8.4,10.9,14.1,19.1,17.9,15.2,10.7,3.2,0.5,,0.0,85.6,9-4,73707
GCSE,Physical Education,2019,England,Exam,9-1,3.8,6.9,10.4,17.7,17.9,15.1,19.7,6.7,1.6,,0.2,71.8,9-4,79373
GCSE,Physical Education,2018,UK,Exam,A*-G,3.6,6.4,10.0,17.2,18.0,14.9,20.0,7.6,,,0.3,70.1,A*-C,85658
GCSE,Physical Education,2018,UK,Exam,A*-G,3.6,6.5,9.9,17.3,17.9,14.9,20.0,7.6,,,0.3,70.1,A*-C,86259
GCSE,Physical Education,2018,UK,Exam,A*-G,8.2,18.4,27.7,22.9,15.9,4.9,1.5,0.4,,,0.1,77.2,A*-C,9614
GCSE,Physical Education,2017,UK,Exam,A*-G,5.6,13.0,22.9,27.1,18.6,9.0,2.8,0.7,,,0.3,68.6,A*-C,120613
GCSE,Physical Education,2016,UK,Exam,A*-G,4.6,13.6,22.8,27.4,19.2,8.8,2.6,0.7,,,0.3,68.4,A*-C,125120
GCSE,Physical Education,2015,UK,Exam,A*-G,4.3,15.7,23.5,26.6,17.8,8.3,2.7,0.8,,,0.3,70.1,A*-C,120544
GCSE,Physical Education,2014,UK,Exam,A*-G,4.2,15.7,24.8,25.0,17.7,8.6,2.9,0.8,,,0.3,69.7,A*-C,112971
GCSE,Physical Education,2013,UK,Exam,A*-G,3.7,16.7,25.6,24.9,17.3,8.5,2.4,0.6,,,0.3,70.9,A*-C,104895
GCSE,Physical Education,2012,UK,Exam,A*-G,3.9,17.2,25.3,24.5,17.0,8.4,2.8,0.6,,,0.3,70.9,A*-C,101580
GCSE,Physical Education,2011,UK,Exam,A*-G,7.3,13.5,25.1,25.1,17.0,8.4,2.6,0.7,,,0.3,71.0,A*-C,108369
GCSE,Physical Education,2010,UK,Exam,A*-G,6.9,17.6,23.3,20.8,21.5,7.0,2.1,0.6,,,0.2,68.6,A*-C,123907
GCSE,Physical Education,2009,UK,Exam,A*-G,7.0,16.3,21.5,20.5,23.3,8.3,2.3,0.6,,,0.2,65.3,A*-C,136631
GCSE,Physical Education,2008,UK,Exam,A*-G,6.5,15.3,20.9,20.6,23.6,9.3,2.7,0.8,,,0.3,63.3,A*-C,149068
GCSE,Physical Education,2007,UK,Exam,A*-G,6.4,14.6,21.0,20.3,23.2,10.2,3.2,0.9,,,0.2,62.3,A*-C,155625
GCSE,Physical Education,2006,UK,Exam,A*-G,6.1,14.0,20.3,20.9,23.8,10.3,3.3,1.0,,,0.3,61.3,A*-C,152826
GCSE,Physical Education,2005,UK,Exam,A*-G,5.5,13.3,20.1,21.2,23.4,11.1,4.0,1.0,,,0.4,60.1,A*-C,144194
GCSE,Physical Education,2004,UK,Exam,A*-G,4.7,12.9,20.2,21.1,23.6,11.7,4.3,1.2,,,0.3,58.9,A*-C,134134
GCSE,Physical Education,2003,UK,Exam,A*-G,4.4,12.1,19.9,20.9,22.5,12.8,5.2,1.7,,,0.5,57.3,A*-C,121932
GCSE,Physical Education,2002,UK,Exam,A*-G,4.5,11.5,19.3,20.9,23.6,13.1,5.1,1.5,,,0.5,56.2,A*-C,116135
GCSE,Physical Education,2001,UK,Exam,A*-G,3.9,10.9,19.0,20.6,24.7,13.6,5.4,1.4,,,0.5,54.4,A*-C,110345
GCSE,Physical Education,2000,UK,Exam,A*-G,4.0,10.8,18.5,20.3,24.4,14.3,5.7,1.5,,,0.5,53.6,A*-C,102511
GCSE,Physical Education,1999,UK,Exam,A*-G,4.1,10.7,17.7,19.5,25.1,14.6,6.2,1.6,,,0.5,52.0,A*-C,96310
GCSE,Physical Education,1998,UK,Exam,A*-G,3.7,10.1,17.5,20.0,24.4,15.2,6.6,1.9,,,0.6,51.3,A*-C,90734
GCSE,Physical Education,1997,UK,Exam,A*-G,4.4,9.1,15.1,18.9,25.1,16.0,8.0,2.6,,,0.7,47.5,A*-C,87106
GCSE,Physical Education,1996,UK,Exam,A*-G,3.9,8.9,14.9,18.7,24.1,17.2,8.5,3.0,,,0.8,46.4,A*-C,79537
GCSE,Physical Education,1995,UK,Exam,A*-G,4.0,8.7,14.4,18.2,24.4,17.3,8.8,3.2,,,1.0,45.3,A*-C,69521
GCSE,Physical Education,1994,UK,Exam,A*-G,3.5,8.2,13.8,18.2,24.1,17.2,9.5,4.0,,,1.4,43.7,A*-C,57430
GCSE,Physical Education,1993,UK,Exam,A*-G,,,,,,,,,,,1.5,44.8,A*-C,49698
GCSE,Preparation for life & work,2018,UK,Exam,A*-G,4.8,15.9,29.8,27.6,12.0,5.1,2.4,1.4,,,1.0,78.1,A*-C,5554
GCSE,Preparation for life & work,2017,UK,Exam,A*-G,4.4,16.2,29.9,27.1,11.1,5.7,2.9,1.3,,,1.3,77.6,A*-C,6052
GCSE,Preparation for life & work,2016,UK,Exam,A*-G,4.3,16.2,30.9,26.7,11.6,5.1,2.8,1.3,,,1.0,78.2,A*-C,6555
GCSE,Preparation for life & work,2015,UK,Exam,A*-G,4.7,16.4,34.0,24.5,10.1,5.0,2.9,1.6,,,0.8,79.6,A*-C,7486
GCSE,Preparation for life & work,2014,UK,Exam,A*-G,2.9,15.9,33.9,26.2,10.3,5.2,3.2,1.5,,,0.9,78.9,A*-C,8175
GCSE,Preparation for life & work,2013,UK,Exam,A*-G,4.4,17.0,32.3,24.0,10.9,5.9,3.3,1.4,,,0.8,77.7,A*-C,8162
GCSE,Preparation for life & work,2012,UK,Exam,A*-G,3.9,15.8,30.4,24.7,11.1,6.1,3.8,2.6,,,1.6,74.8,A*-C,8321
GCSE,Preparation for life & work,2011,UK,Exam,A*-G,3.0,16.8,31.3,21.8,11.6,6.2,4.6,2.7,,,2.0,72.9,A*-C,8541
GCSE,Preparation for life & work,2010,UK,Exam,A*-G,3.9,20.7,29.3,21.5,10.8,6.4,3.8,2.2,,,1.4,75.4,A*-C,9543
GCSE,Religious Studies,2025,England,Exam,9-1,8.4,10.6,12.7,16.6,14.0,10.8,12.1,7.8,4.9,,2.1,73.2,9-4,217483
GCSE,Religious Studies,2024,England,Exam,9-1,7.9,10.9,12.3,16.8,14.1,10.5,12.7,8.0,4.8,,1.9,72.5,9-4,223034
GCSE,Religious Studies,2023,England,Exam,9-1,7.7,10.7,12.1,16.7,14.0,10.9,13.8,8.0,4.4,,1.6,72.2,9-4,222421
GCSE,Religious Studies,2022,England,Exam,9-1,9.7,11.9,13.1,17.2,14.2,10.7,10.3,7.5,3.9,,1.5,76.7,9-4,221983
GCSE,Religious Studies,2021,England,Exam,9-1,11.5,12.4,14.0,15.5,14.2,12.6,9.8,5.8,3.1,,1.1,80.2,9-4,221419
GCSE,Religious Studies,2020,England,Exam,9-1,9.6,11.3,14.0,16.3,15.4,13.9,10.9,5.5,2.6,,0.5,80.5,9-4,226767
GCSE,Religious Studies,2019,England,Exam,9-1,7.4,10.5,12.6,16.1,14.3,11.4,14.0,8.0,4.2,,1.5,72.3,9-4,227913
GCSE,Religious Studies,2018,UK,Exam,A*-G,7.1,10.1,12.7,16.0,14.5,11.4,13.7,8.4,,,1.7,71.8,A*-C,229183
GCSE,Religious Studies,2018,UK,Exam,A*-G,7.1,10.1,12.7,16.0,14.5,11.5,13.6,8.4,,,1.7,71.9,A*-C,229765
GCSE,Religious Studies,2018,UK,Exam,A*-G,11.3,20.6,22.7,19.0,10.6,6.4,4.2,2.9,,,2.3,73.6,A*-C,23853
GCSE,Religious Studies,2017,UK,Exam,A*-G,10.1,19.5,23.3,18.4,12.2,7.3,4.6,2.7,,,1.8,71.3,A*-C,282193
GCSE,Religious Studies,2016,UK,Exam,A*-G,10.4,19.1,23.5,18.6,12.0,7.2,4.5,2.8,,,2.0,71.6,A*-C,296010
GCSE,Religious Studies,2015,UK,Exam,A*-G,10.8,19.0,23.6,18.8,11.9,7.2,4.4,2.6,,,1.7,72.2,A*-C,295730
GCSE,Religious Studies,2014,UK,Exam,A*-G,10.9,19.3,23.0,18.3,11.8,7.4,4.5,2.8,,,2.0,71.5,A*-C,282099
GCSE,Religious Studies,2013,UK,Exam,A*-G,11.2,19.7,22.8,18.7,11.8,7.0,4.4,2.7,,,1.7,72.4,A*-C,263988
GCSE,Religious Studies,2012,UK,Exam,A*-G,11.8,20.3,22.9,18.7,11.4,6.8,4.2,2.4,,,1.5,73.7,A*-C,239123
GCSE,Religious Studies,2011,UK,Exam,A*-G,11.7,20.2,22.7,18.7,11.4,6.9,4.3,2.5,,,1.6,73.3,A*-C,221974
GCSE,Religious Studies,2010,UK,Exam,A*-G,12.0,20.1,22.6,18.4,11.5,7.1,4.5,2.4,,,1.4,73.1,A*-C,188704
GCSE,Religious Studies,2009,UK,Exam,A*-G,12.6,20.1,22.3,18.4,11.6,7.0,4.3,2.3,,,1.4,73.4,A*-C,182288
GCSE,Religious Studies,2008,UK,Exam,A*-G,13.2,19.4,21.8,18.1,11.7,7.3,4.5,2.5,,,1.5,72.5,A*-C,179139
GCSE,Religious Studies,2007,UK,Exam,A*-G,12.3,19.2,21.4,18.6,11.8,7.5,4.8,2.6,,,1.8,71.5,A*-C,171123
GCSE,Religious Studies,2006,UK,Exam,A*-G,11.2,19.3,21.3,18.8,12.2,7.8,4.7,2.8,,,1.9,70.6,A*-C,159681
GCSE,Religious Studies,2005,UK,Exam,A*-G,10.5,18.8,20.8,18.5,12.5,8.3,5.4,3.1,,,2.1,68.6,A*-C,147516
GCSE,Religious Studies,2004,UK,Exam,A*-G,9.4,17.9,20.3,18.2,13.1,9.0,6.1,3.5,,,2.5,65.8,A*-C,141037
GCSE,Religious Studies,2003,UK,Exam,A*-G,9.1,16.4,19.5,18.8,13.2,9.3,6.3,3.9,,,3.5,63.8,A*-C,132304
GCSE,Religious Studies,2002,UK,Exam,A*-G,8.5,14.6,19.5,19.1,13.0,10.0,7.2,4.4,,,3.7,61.7,A*-C,122637
GCSE,Religious Studies,2001,UK,Exam,A*-G,8.0,13.7,18.5,19.4,13.5,10.7,7.6,4.8,,,3.8,59.6,A*-C,119550
GCSE,Religious Studies,2000,UK,Exam,A*-G,7.5,13.5,18.4,19.5,13.9,10.7,7.7,4.8,,,4.0,58.9,A*-C,116234
GCSE,Religious Studies,1999,UK,Exam,A*-G,6.6,13.1,18.2,20.3,14.3,11.0,8.0,4.9,,,3.6,58.2,A*-C,115679
GCSE,Religious Studies,1998,UK,Exam,A*-G,5.5,12.6,18.5,19.9,14.2,11.3,8.5,5.4,,,4.1,56.5,A*-C,113381
GCSE,Religious Studies,1997,UK,Exam,A*-G,4.9,12.0,18.7,21.0,15.0,11.7,8.5,5.2,,,2.8,56.7,A*-C,118545
GCSE,Religious Studies,1996,UK,Exam,A*-G,4.4,12.0,18.8,20.7,14.7,12.1,8.9,5.3,,,3.1,55.9,A*-C,116549
GCSE,Religious Studies,1995,UK,Exam,A*-G,3.5,12.2,19.6,21.4,14.6,12.3,8.7,5.1,,,2.6,56.7,A*-C,110373
GCSE,Religious Studies,1994,UK,Exam,A*-G,2.9,12.0,19.8,22.1,14.2,12.1,8.9,5.5,,,2.5,56.8,A*-C,102544
GCSE,Religious Studies,1993,UK,Exam,A*-G,,,,,,,,,,,3.2,55.0,A*-C,98549
GCSE,Science: Biology,2025,England,Exam,9-1,13.1,14.3,16.1,20.4,16.1,9.4,5.7,2.6,1.6,,0.7,89.4,9-4,170055
GCSE,Science: Biology,2024,England,Exam,9-1,12.8,14.4,14.8,20.9,16.4,9.9,6.0,2.6,1.6,,0.7,89.2,9-4,180695
GCSE,Science: Biology,2023,England,Exam,9-1,12.5,13.5,16.0,20.7,16.5,10.1,6.1,2.5,1.2,,0.8,89.4,9-4,177904
GCSE,Science: Biology,2022,England,Exam,9-1,16.1,16.2,17.6,19.4,15.0,7.6,4.1,2.6,0.9,,0.6,91.9,9-4,172951
GCSE,Science: Biology,2021,England,Exam,9-1,18.1,18.2,19.5,18.3,12.9,7.1,3.4,1.5,0.7,,0.3,94.1,9-4,170949
GCSE,Science: Biology,2020,England,Exam,9-1,16.6,16.7,19.5,20.3,14.1,7.4,3.3,1.5,0.5,,0.1,94.6,9-4,165371
GCSE,Science: Biology,2019,England,Exam,9-1,12.3,14.4,15.6,20.7,16.8,9.8,5.9,2.5,1.3,,0.7,89.6,9-4,165318
GCSE,Science: Biology,2018,UK,Exam,A*-G,11.9,13.4,16.1,19.6,17.3,10.9,6.7,2.1,,,0.9,89.2,A*-C,164408
GCSE,Science: Biology,2018,UK,Exam,A*-G,12.0,13.3,16.2,19.5,17.3,10.9,6.7,2.1,,,0.9,89.2,A*-C,165245
GCSE,Science: Biology,2018,UK,Exam,A*-G,16.5,27.0,27.9,19.1,4.7,1.9,1.2,0.7,,,1.0,90.5,A*-C,11080
GCSE,Science: Biology,2017,UK,Exam,A*-G,13.3,28.9,29.1,19.1,7.0,1.8,0.5,0.2,,,0.1,90.4,A*-C,143340
GCSE,Science: Biology,2016,UK,Exam,A*-G,13.3,28.1,29.7,19.4,7.1,1.6,0.5,0.1,,,0.2,90.5,A*-C,144148
GCSE,Science: Biology,2015,UK,Exam,A*-G,13.2,28.6,29.7,19.4,6.9,1.6,0.3,0.2,,,0.1,90.9,A*-C,139199
GCSE,Science: Biology,2014,UK,Exam,A*-G,13.6,27.7,29.1,19.9,7.2,1.7,0.5,0.2,,,0.1,90.3,A*-C,141900
GCSE,Science: Biology,2013,UK,Exam,A*-G,14.4,26.0,28.3,21.1,7.7,1.7,0.5,0.2,,,0.1,89.8,A*-C,174428
GCSE,Science: Biology,2012,UK,Exam,A*-G,17.7,28.5,28.7,17.7,5.6,1.2,0.3,0.2,,,0.1,92.6,A*-C,166168
GCSE,Science: Biology,2011,UK,Exam,A*-G,19.5,28.6,27.9,17.1,5.0,1.2,0.4,0.2,,,0.1,93.1,A*-C,147904
GCSE,Science: Biology,2010,UK,Exam,A*-G,18.9,28.0,28.4,17.5,5.0,1.2,0.6,0.2,,,0.2,92.8,A*-C,129464
GCSE,Science: Biology,2009,UK,Exam,A*-G,19.3,28.6,26.8,17.2,5.2,1.7,0.7,0.3,,,0.2,91.9,A*-C,100905
GCSE,Science: Biology,2008,UK,Exam,A*-G,19.1,29.4,26.8,15.8,5.4,2.0,0.8,0.4,,,0.3,91.1,A*-C,85521
GCSE,Science: Biology,2007,UK,Exam,A*-G,18.2,26.5,25.0,19.2,7.3,2.0,0.8,0.4,,,0.6,88.9,A*-C,63208
GCSE,Science: Biology,2006,UK,Exam,A*-G,18.1,26.1,25.2,19.0,7.6,2.2,0.8,0.3,,,0.7,88.4,A*-C,60082
GCSE,Science: Biology,2005,UK,Exam,A*-G,16.9,27.0,24.8,19.5,7.8,2.2,0.8,0.4,,,0.6,88.2,A*-C,56522
GCSE,Science: Biology,2004,UK,Exam,A*-G,16.6,27.0,25.2,19.7,7.7,2.2,0.8,0.3,,,0.5,88.5,A*-C,53389
GCSE,Science: Biology,2003,UK,Exam,A*-G,15.6,25.8,25.5,20.3,8.4,2.5,1.0,0.3,,,0.6,87.2,A*-C,51156
GCSE,Science: Biology,2002,UK,Exam,A*-G,15.5,26.2,26.8,19.8,7.9,2.3,0.8,0.3,,,0.4,88.3,A*-C,49171
GCSE,Science: Biology,2001,UK,Exam,A*-G,15.6,25.4,26.5,20.4,8.1,2.5,0.8,0.2,,,0.5,87.9,A*-C,48958
GCSE,Science: Biology,2000,UK,Exam,A*-G,13.4,26.1,26.5,21.2,8.6,2.6,0.8,0.2,,,0.6,87.2,A*-C,48715
GCSE,Science: Biology,1999,UK,Exam,A*-G,13.5,25.0,27.3,20.7,8.8,2.9,0.8,0.3,,,0.7,86.5,A*-C,47957
GCSE,Science: Biology,1998,UK,Exam,A*-G,11.1,26.1,26.8,21.4,9.1,3.5,1.0,0.2,,,0.8,85.4,A*-C,47532
GCSE,Science: Biology,1997,UK,Exam,A*-G,10.6,24.4,30.1,19.4,8.4,4.4,1.8,0.2,,,0.8,84.5,A*-C,47743
GCSE,Science: Biology,1996,UK,Exam,A*-G,10.5,23.0,30.3,19.6,9.1,4.7,1.8,0.2,,,0.8,83.4,A*-C,48276
GCSE,Science: Biology,1995,UK,Exam,A*-G,6.9,19.6,26.9,21.2,12.2,7.5,2.8,0.5,,,2.4,74.6,A*-C,58917
GCSE,Science: Biology,1994,UK,Exam,A*-G,4.6,16.0,20.9,23.6,15.5,9.8,5.3,2.6,,,1.7,65.1,A*-C,75183
GCSE,Science: Biology,1993,UK,Exam,A*-G,,,,,,,,,,,2.3,60.5,A*-C,91060
GCSE,Science: Chemistry,2025,England,Exam,9-1,14.8,16.0,15.3,19.7,15.6,10.1,5.0,2.0,0.9,,0.5,91.5,9-4,161948
GCSE,Science: Chemistry,2024,England,Exam,9-1,13.9,15.0,15.8,18.3,16.6,10.9,5.7,2.2,1.0,,0.6,90.5,9-4,172533
GCSE,Science: Chemistry,2023,England,Exam,9-1,13.2,14.5,15.9,18.9,16.6,10.6,5.9,2.5,1.0,,0.8,89.7,9-4,171649
GCSE,Science: Chemistry,2022,England,Exam,9-1,16.0,16.6,17.0,17.9,15.8,9.5,4.2,1.9,0.7,,0.4,92.8,9-4,165886
GCSE,Science: Chemistry,2021,England,Exam,9-1,17.7,17.6,19.3,18.0,13.6,8.1,3.5,1.4,0.6,,0.2,94.3,9-4,165188
GCSE,Science: Chemistry,2020,England,Exam,9-1,16.7,16.8,19.7,19.5,15.0,8.0,3.0,1.0,0.3,,0.0,95.7,9-4,158753
GCSE,Science: Chemistry,2019,England,Exam,9-1,13.0,14.6,16.3,18.0,16.9,11.2,6.5,2.1,0.8,,0.6,90.0,9-4,159082
GCSE,Science: Chemistry,2018,UK,Exam,A*-G,12.6,14.3,16.2,17.7,17.0,11.9,7.1,1.8,,,0.7,89.7,A*-C,157664
GCSE,Science: Chemistry,2018,UK,Exam,A*-G,12.6,14.3,16.2,17.7,17.0,11.9,7.0,1.9,,,0.7,89.7,A*-C,158410
GCSE,Science: Chemistry,2018,UK,Exam,A*-G,19.3,27.4,26.9,17.5,4.8,1.8,1.0,0.6,,,0.7,91.1,A*-C,9863
GCSE,Science: Chemistry,2017,UK,Exam,A*-G,15.6,26.8,27.2,20.2,7.6,1.9,0.5,0.1,,,0.1,89.9,A*-C,141867
GCSE,Science: Chemistry,2016,UK,Exam,A*-G,14.6,27.7,28.1,19.9,7.5,1.6,0.4,0.1,,,0.1,90.3,A*-C,141245
GCSE,Science: Chemistry,2015,UK,Exam,A*-G,15.9,27.3,28.5,19.5,6.9,1.4,0.3,0.1,,,0.1,91.2,A*-C,133618
GCSE,Science: Chemistry,2014,UK,Exam,A*-G,14.6,28.0,28.7,19.4,7.2,1.5,0.4,0.1,,,0.1,90.7,A*-C,138238
GCSE,Science: Chemistry,2013,UK,Exam,A*-G,16.6,25.6,26.9,20.9,7.7,1.7,0.4,0.1,,,0.1,90.0,A*-C,166091
GCSE,Science: Chemistry,2012,UK,Exam,A*-G,20.7,27.5,27.1,17.7,5.6,1.0,0.3,0.0,,,0.1,93.0,A*-C,159126
GCSE,Science: Chemistry,2011,UK,Exam,A*-G,22.0,27.7,25.8,17.6,5.4,1.1,0.2,0.1,,,0.1,93.1,A*-C,141724
GCSE,Science: Chemistry,2010,UK,Exam,A*-G,21.3,27.6,26.8,17.9,4.9,1.0,0.3,0.1,,,0.1,93.6,A*-C,121988
GCSE,Science: Chemistry,2009,UK,Exam,A*-G,22.8,28.1,26.3,16.7,4.6,1.0,0.3,0.1,,,0.1,93.9,A*-C,92246
GCSE,Science: Chemistry,2008,UK,Exam,A*-G,23.1,29.6,26.1,15.2,4.3,1.1,0.3,0.2,,,0.1,94.0,A*-C,76656
GCSE,Science: Chemistry,2007,UK,Exam,A*-G,20.3,26.6,24.2,19.8,6.6,1.6,0.4,0.1,,,0.4,90.9,A*-C,59219
GCSE,Science: Chemistry,2006,UK,Exam,A*-G,20.1,25.6,24.9,19.6,6.8,1.9,0.4,0.2,,,0.5,90.2,A*-C,56764
GCSE,Science: Chemistry,2005,UK,Exam,A*-G,20.3,25.7,23.6,20.3,7.3,1.6,0.5,0.2,,,0.5,89.9,A*-C,53428
GCSE,Science: Chemistry,2004,UK,Exam,A*-G,19.3,26.6,23.7,19.9,7.5,1.7,0.7,0.2,,,0.4,89.5,A*-C,51225
GCSE,Science: Chemistry,2003,UK,Exam,A*-G,18.1,25.4,24.0,21.3,7.9,2.0,0.7,0.2,,,0.4,88.8,A*-C,48802
GCSE,Science: Chemistry,2002,UK,Exam,A*-G,16.7,27.0,24.7,20.6,7.8,2.0,0.6,0.2,,,0.4,89.0,A*-C,47068
GCSE,Science: Chemistry,2001,UK,Exam,A*-G,16.1,27.3,25.0,20.6,7.8,2.1,0.5,0.2,,,0.4,89.0,A*-C,46862
GCSE,Science: Chemistry,2000,UK,Exam,A*-G,15.7,26.3,25.7,20.8,8.0,2.2,0.6,0.2,,,0.5,88.5,A*-C,46917
GCSE,Science: Chemistry,1999,UK,Exam,A*-G,15.2,25.9,25.8,20.8,8.2,2.6,0.8,0.1,,,0.6,87.7,A*-C,46968
GCSE,Science: Chemistry,1998,UK,Exam,A*-G,13.5,26.5,27.1,20.6,7.7,2.8,0.8,0.3,,,0.7,87.7,A*-C,46025
GCSE,Science: Chemistry,1997,UK,Exam,A*-G,13.7,21.8,29.4,21.9,7.4,3.5,1.4,0.2,,,0.8,86.8,A*-C,45797
GCSE,Science: Chemistry,1996,UK,Exam,A*-G,11.5,22.7,29.4,22.4,8.0,3.5,1.5,0.2,,,0.8,86.0,A*-C,46885
GCSE,Science: Chemistry,1995,UK,Exam,A*-G,11.0,21.5,28.4,23.2,8.8,4.1,1.6,0.2,,,1.2,84.1,A*-C,43921
GCSE,Science: Chemistry,1994,UK,Exam,A*-G,7.5,20.5,24.6,22.3,12.6,7.2,3.3,1.3,,,0.7,74.9,A*-C,51976
GCSE,Science: Chemistry,1993,UK,Exam,A*-G,,,,,,,,,,,1.1,69.1,A*-C,62247
GCSE,Science: Physics,2025,England,Exam,9-1,13.8,15.0,16.3,20.9,16.0,8.8,6.4,1.4,0.5,,0.9,90.8,9-4,161612
GCSE,Science: Physics,2024,England,Exam,9-1,13.4,14.8,15.8,20.1,16.3,9.9,6.8,1.6,0.7,,0.8,90.2,9-4,172542
GCSE,Science: Physics,2023,England,Exam,9-1,13.1,14.4,15.5,19.9,17.0,10.1,6.7,1.6,0.5,,1.2,90.0,9-4,170964
GCSE,Science: Physics,2022,England,Exam,9-1,15.7,17.4,17.3,19.8,15.3,8.3,3.3,2.0,0.6,,0.4,93.7,9-4,165291
GCSE,Science: Physics,2021,England,Exam,9-1,17.2,18.2,19.9,18.6,13.8,7.6,3.0,1.1,0.4,,0.2,95.3,9-4,163876
GCSE,Science: Physics,2020,England,Exam,9-1,16.4,16.8,19.8,20.0,15.2,7.9,2.9,0.8,0.2,,0.0,96.1,9-4,157486
GCSE,Science: Physics,2019,England,Exam,9-1,12.5,15.1,16.2,18.6,16.8,11.6,6.3,1.7,0.6,,0.6,90.8,9-4,157819
GCSE,Science: Physics,2018,UK,Exam,A*-G,12.2,13.9,16.4,18.8,17.2,12.1,6.8,1.4,,,0.7,90.6,A*-C,155994
GCSE,Science: Physics,2018,UK,Exam,A*-G,12.2,14.0,16.3,18.8,17.2,12.1,6.8,1.4,,,0.7,90.6,A*-C,156720
GCSE,Science: Physics,2018,UK,Exam,A*-G,19.4,26.8,27.4,18.0,4.6,1.7,1.0,0.5,,,0.6,91.6,A*-C,9742
GCSE,Science: Physics,2017,UK,Exam,A*-G,15.5,26.4,27.7,21.3,7.2,1.4,0.3,0.1,,,0.1,90.8,A*-C,141977
GCSE,Science: Physics,2016,UK,Exam,A*-G,15.1,26.8,28.4,20.6,7.2,1.4,0.3,0.1,,,0.1,90.9,A*-C,139805
GCSE,Science: Physics,2015,UK,Exam,A*-G,15.1,28.0,28.9,20.0,6.6,1.0,0.3,0.0,,,0.1,92.0,A*-C,133610
GCSE,Science: Physics,2014,UK,Exam,A*-G,14.9,27.1,28.9,20.4,6.9,1.3,0.3,0.1,,,0.1,91.3,A*-C,137227
GCSE,Science: Physics,2013,UK,Exam,A*-G,16.0,25.5,27.8,21.5,7.4,1.3,0.3,0.1,,,0.1,90.8,A*-C,160735
GCSE,Science: Physics,2012,UK,Exam,A*-G,19.2,27.1,28.1,18.8,5.4,1.1,0.2,0.1,,,0.0,93.2,A*-C,157377
GCSE,Science: Physics,2011,UK,Exam,A*-G,21.2,27.3,27.2,18.0,5.0,0.9,0.3,0.0,,,0.1,93.7,A*-C,140183
GCSE,Science: Physics,2010,UK,Exam,A*-G,21.1,27.3,26.8,18.4,5.1,0.9,0.2,0.1,,,0.1,93.6,A*-C,120455
GCSE,Science: Physics,2009,UK,Exam,A*-G,21.6,27.7,26.1,17.7,5.4,1.0,0.3,0.1,,,0.1,93.1,A*-C,91179
GCSE,Science: Physics,2008,UK,Exam,A*-G,22.7,28.9,25.8,16.1,4.8,1.1,0.4,0.1,,,0.1,93.5,A*-C,75383
GCSE,Science: Physics,2007,UK,Exam,A*-G,20.7,26.7,24.2,19.0,6.9,1.6,0.4,0.1,,,0.4,90.6,A*-C,58391
GCSE,Science: Physics,2006,UK,Exam,A*-G,20.7,26.1,24.1,19.7,6.9,1.6,0.4,0.1,,,0.4,90.6,A*-C,56035
GCSE,Science: Physics,2005,UK,Exam,A*-G,20.3,26.6,24.2,19.4,7.0,1.6,0.4,0.1,,,0.4,90.5,A*-C,52568
GCSE,Science: Physics,2004,UK,Exam,A*-G,19.4,27.1,23.5,19.9,7.4,1.6,0.5,0.1,,,0.5,89.9,A*-C,50404
GCSE,Science: Physics,2003,UK,Exam,A*-G,18.4,26.6,23.4,20.4,7.9,2.1,0.5,0.2,,,0.5,88.8,A*-C,47953
GCSE,Science: Physics,2002,UK,Exam,A*-G,18.5,26.3,23.2,20.5,8.1,2.0,0.6,0.2,,,0.6,88.5,A*-C,46511
GCSE,Science: Physics,2001,UK,Exam,A*-G,17.4,26.4,24.4,20.4,7.9,2.1,0.6,0.2,,,0.6,88.6,A*-C,46477
GCSE,Science: Physics,2000,UK,Exam,A*-G,17.1,26.0,24.7,20.2,8.3,2.2,0.7,0.2,,,0.6,88.0,A*-C,46627
GCSE,Science: Physics,1999,UK,Exam,A*-G,18.1,24.4,24.3,20.7,8.4,2.4,0.8,0.2,,,0.7,87.5,A*-C,46685
GCSE,Science: Physics,1998,UK,Exam,A*-G,15.8,24.6,25.1,21.1,8.6,2.8,0.8,0.2,,,0.8,86.6,A*-C,45319
GCSE,Science: Physics,1997,UK,Exam,A*-G,13.6,22.7,29.4,20.6,7.5,3.8,1.5,0.1,,,0.8,86.2,A*-C,44892
GCSE,Science: Physics,1996,UK,Exam,A*-G,13.3,22.0,31.2,18.8,7.6,4.1,1.8,0.2,,,1.0,85.3,A*-C,46446
GCSE,Science: Physics,1995,UK,Exam,A*-G,12.9,21.2,30.8,20.4,7.7,3.9,1.7,0.2,,,1.2,85.3,A*-C,43839
GCSE,Science: Physics,1994,UK,Exam,A*-G,9.0,19.0,21.5,24.6,12.7,7.4,3.4,1.5,,,0.9,74.1,A*-C,53503
GCSE,Science: Physics,1993,UK,Exam,A*-G,,,,,,,,,,,1.1,68.2,A*-C,65276
GCSE,Science: Double Award,2025,England,Exam,9-1,1.1,2.8,5.2,10.3,17.6,20.6,21.5,12.5,6.1,,2.4,57.6,9-4,925606
GCSE,Science: Double Award,2024,England,Exam,9-1,1.1,2.7,5.0,9.7,17.2,21.3,21.5,12.7,6.1,,2.6,57.1,9-4,916080
GCSE,Science: Double Award,2023,England,Exam,9-1,1.1,2.5,5.0,9.9,17.3,20.9,21.6,13.0,6.1,,2.7,56.6,9-4,874002
GCSE,Science: Double Award,2022,England,Exam,9-1,1.3,3.0,6.0,10.1,18.7,21.3,21.5,11.4,4.7,,1.9,60.5,9-4,843944
GCSE,Science: Double Award,2021,England,Exam,9-1,1.6,3.6,7.0,11.2,18.6,22.7,18.5,11.0,4.9,,0.9,64.7,9-4,835628
GCSE,Science: Double Award,2020,England,Exam,9-1,1.4,3.0,6.0,11.2,19.5,23.3,20.0,10.9,4.3,,0.4,64.4,9-4,819420
GCSE,Science: Double Award,2019,England,Exam,9-1,0.9,2.2,4.4,8.9,17.8,21.2,21.7,14.6,6.2,,3.1,55.4,9-4,778626
GCSE,Science: Double Award,2018,UK,Exam,A*-G,0.8,2.1,4.5,8.5,17.4,21.5,23.7,13.8,,,1.8,54.8,A*-C,740916
GCSE,Science: Double Award,2018,UK,Exam,A*-G,0.8,2.1,4.5,8.6,17.3,21.5,23.8,13.7,,,1.8,54.8,A*-C,742648
GCSE,Science: Double Award,2018,UK,Exam,A*-G,2.4,8.4,17.5,32.7,14.1,8.9,6.8,5.2,,,4.0,61.0,A*-C,58432
GCSE,Science: Double Award,2010,UK,Exam,A*-G,5.7,18.0,31.9,31.6,8.9,2.3,0.7,0.2,,,0.7,87.2,A*-C,14994
GCSE,Science: Double Award,2009,UK,Exam,A*-G,5.4,17.3,30.4,33.8,9.9,2.0,0.4,0.1,,,0.7,86.9,A*-C,15188
GCSE,Science: Double Award,2008,UK,Exam,A*-G,5.2,16.7,29.9,34.5,9.5,2.7,0.7,0.2,,,0.6,86.3,A*-C,16866
GCSE,Science: Double Award,2007,UK,Exam,A*-G,5.2,9.5,15.0,28.9,19.5,11.4,6.3,2.6,,,1.6,58.6,A*-C,956056
GCSE,Science: Double Award,2006,UK,Exam,A*-G,5.4,9.2,14.7,29.0,19.4,12.1,6.8,2.9,,,0.5,58.3,A*-C,959578
GCSE,Science: Double Award,2005,UK,Exam,A*-G,4.8,9.1,14.3,29.0,19.2,12.0,6.8,2.9,,,1.9,57.2,A*-C,988900
GCSE,Science: Double Award,2004,UK,Exam,A*-G,4.3,8.4,13.5,28.5,19.1,13.1,7.6,3.4,,,2.1,54.7,A*-C,1054034
GCSE,Science: Double Award,2003,UK,Exam,A*-G,4.0,8.5,13.1,28.2,19.5,13.1,8.1,3.4,,,2.1,53.8,A*-C,1039150
GCSE,Science: Double Award,2002,UK,Exam,A*-G,4.1,8.1,12.9,27.6,20.9,14.0,7.6,3.0,,,1.8,52.7,A*-C,511871
GCSE,Science: Double Award,2001,UK,Exam,A*-G,4.0,8.1,12.7,27.6,21.0,14.1,7.8,3.0,,,1.7,52.4,A*-C,509242
GCSE,Science: Double Award,2000,UK,Exam,A*-G,3.9,8.1,12.6,26.9,21.6,14.4,7.8,3.0,,,1.7,51.5,A*-C,489913
GCSE,Science: Double Award,1999,UK,Exam,A*-G,3.9,7.8,12.8,26.3,21.8,14.9,8.2,2.9,,,1.4,50.8,A*-C,474405
GCSE,Science: Double Award,1998,UK,Exam,A*-G,3.5,8.1,13.3,25.8,21.4,14.9,8.1,2.9,,,2.0,50.7,A*-C,468191
GCSE,Science: Double Award,1995,UK,Exam,A*-G,3.6,7.0,18.3,20.8,21.5,16.2,8.7,2.6,,,1.3,49.7,A*-C,924462
GCSE,Science: Double Award,1994,UK,Exam,A*-G,2.9,7.1,18.7,18.9,22.7,16.0,9.1,3.1,,,1.4,47.6,A*-C,810371
GCSE,Science: Double Award,1993,UK,Exam,A*-G,,,,,,,,,,,1.8,46.1,A*-C,668272
GCSE,Science: Single Award,2010,UK,Exam,A*-G,0.6,5.6,35.6,31.6,16.0,7.1,1.9,1.0,,,0.6,73.4,A*-C,4060
GCSE,Science: Single Award,2009,UK,Exam,A*-G,0.2,5.1,29.8,33.3,16.4,8.5,4.0,1.3,,,1.4,68.4,A*-C,3954
GCSE,Science: Single Award,2008,UK,Exam,A*-G,0.2,3.1,29.4,3.05,18.8,9.7,4.8,1.9,,,1.6,63.2,A*-C,4445
GCSE,Science: Single Award,2007,UK,Exam,A*-G,0.5,1.9,4.4,19.0,20.9,21.5,17.1,9.0,,,5.7,25.8,A*-C,98485
GCSE,Science: Single Award,2006,UK,Exam,A*-G,0.4,1.8,4.3,18.2,20.8,21.2,17.8,9.2,,,6.3,24.7,A*-C,96374
GCSE,Science: Single Award,2005,UK,Exam,A*-G,0.4,1.8,4.5,17.7,20.8,21.3,17.1,9.4,,,7.0,24.4,A*-C,89348
GCSE,Science: Single Award,2004,UK,Exam,A*-G,0.4,1.2,2.4,16.1,20.3,22.1,19.0,10.6,,,7.9,20.1,A*-C,74095
GCSE,Science: Single Award,2003,UK,Exam,A*-G,0.4,1.1,2.3,15.7,20.1,20.7,19.8,12.0,,,7.9,19.5,A*-C,71184
GCSE,Science: Single Award,2002,UK,Exam,A*-G,0.4,1.0,2.1,17.2,22.0,22.9,18.0,9.5,,,6.9,20.7,A*-C,68393
GCSE,Science: Single Award,2001,UK,Exam,A*-G,0.4,1.1,2.3,16.7,21.1,22.4,19.1,10.6,,,6.3,20.5,A*-C,66702
GCSE,Science: Single Award,2000,UK,Exam,A*-G,0.4,1.1,2.5,16.9,22.0,22.7,18.5,9.3,,,6.6,20.9,A*-C,66036
GCSE,Science: Single Award,1999,UK,Exam,A*-G,0.4,1.2,2.6,16.9,22.4,23.0,28.4,9.3,,,5.8,21.1,A*-C,68670
GCSE,Science: Single Award,1998,UK,Exam,A*-G,0.5,1.3,3.3,16.7,22.0,22.6,17.4,9.7,,,6.5,21.8,A*-C,69769
GCSE,Science: Single Award,1995,UK,Exam,A*-G,0.3,0.9,6.6,13.3,24.5,25.4,17.2,6.8,,,5.0,21.1,A*-C,73213
GCSE,Science: Single Award,1994,UK,Exam,A*-G,0.2,1.0,6.8,10.4,26.4,24.5,17.3,7.7,,,5.5,18.4,A*-C,68526
GCSE,Science: Single Award,1993,UK,Exam,A*-G,,,,,,,,,,,7.4,19.5,A*-C,96573
GCSE,Science: Combined,1998,UK,Exam,A*-G,3.3,7.6,12.6,25.2,21.5,15.4,8.7,3.4,,,2.3,48.7,A*-C,1006151
GCSE,Science: Combined,1997,UK,Exam,A*-G,3.5,7.0,17.6,20.4,21.8,16.2,9.1,2.8,,,1.7,48.4,A*-C,1007640
GCSE,Science: Combined,1996,UK,Exam,A*-G,3.1,7.0,17.6,20.5,21.6,16.3,9.3,3.0,,,1.6,48.2,A*-C,997422
GCSE,Science: New Specification,2018,UK,Exam,A*-G,1.0,5.0,26.3,34.1,16.0,8.6,4.6,3.0,,,1.4,66.4,A*-C,6785
GCSE,Science: New Specification,2017,UK,Exam,A*-G,0.3,4.2,15.5,28.0,24.4,15.1,8.1,3.1,,,1.3,48.0,A*-C,295889
GCSE,Science: New Specification,2016,UK,Exam,A*-G,0.7,5.6,17.1,29.4,23.6,12.9,6.7,2.7,,,1.2,52.9,A*-C,408569
GCSE,Science: New Specification,2015,UK,Exam,A*-G,0.8,6.2,18.5,31.2,23.5,11.0,5.5,2.1,,,1.2,56.7,A*-C,395484
GCSE,Science: New Specification,2014,UK,Exam,A*-G,1.4,7.2,18.8,31.7,22.7,10.2,4.8,2.0,,,1.2,59.1,A*-C,374961
GCSE,Science: New Specification,2013,UK,Exam,A*-G,1.4,6.7,16.2,28.8,24.6,12.5,6.0,2.5,,,1.3,53.1,A*-C,451433
GCSE,Science: New Specification,2012,UK,Exam,A*-G,2.0,7.8,18.6,32.3,20.2,10.6,5.3,2.3,,,0.9,60.7,A*-C,552504
GCSE,Science: New Specification,2011,UK,Exam,A*-G,2.6,9.0,19.3,32.0,17.9,10.2,5.6,2.5,,,0.9,62.9,A*-C,405977
GCSE,Science: New Specification,2010,UK,Exam,A*-G,2.8,8.9,18.6,30.7,18.1,11.0,6.2,2.7,,,1.0,61.0,A*-C,453757
GCSE,Science: New Specification,2009,UK,Exam,A*-G,3.2,9.6,18.4,29.0,18.1,11.2,6.5,2.9,,,1.1,60.2,A*-C,493505
GCSE,Science: New Specification,2008,UK,Exam,A*-G,2.8,9.8,18.6,28.1,17.7,11.6,6.9,3.2,,,1.3,59.3,A*-C,537606
GCSE,Science: New Specification,2007,UK,Exam,A*-G,2.7,9.7,17.6,24.1,20.2,12.3,7.2,3.8,,,2.4,54.1,A*-C,57316
GCSE,Science:  Additional (New specification),2017,UK,Exam,A*-G,1.4,7.7,20.2,29.0,21.2,11.6,5.8,2.2,,,1.0,58.2,A*-C,376347
GCSE,Science:  Additional (New specification),2016,UK,Exam,A*-G,1.6,7.8,20.2,30.1,20.8,10.9,5.6,2.1,,,0.9,59.7,A*-C,368033
GCSE,Science:  Additional (New specification),2015,UK,Exam,A*-G,1.9,8.9,20.9,31.5,21.8,9.2,3.8,1.4,,,0.6,63.2,A*-C,332960
GCSE,Science:  Additional (New specification),2014,UK,Exam,A*-G,2.8,9.6,21.8,31.3,20.7,8.4,3.5,1.3,,,0.6,65.5,A*-C,323944
GCSE,Science:  Additional (New specification),2013,UK,Exam,A*-G,2.6,9.2,20.0,32.3,20.6,8.9,4.0,1.6,,,0.8,64.1,A*-C,283391
GCSE,Science:  Additional (New specification),2012,UK,Exam,A*-G,3.7,9.6,21.1,32.0,19.7,8.3,3.6,1.3,,,0.7,66.4,A*-C,289950
GCSE,Science:  Additional (New specification),2011,UK,Exam,A*-G,4.4,9.8,20.3,31.7,19.3,8.5,3.8,1.5,,,0.7,66.2,A*-C,306312
GCSE,Science:  Additional (New specification),2010,UK,Exam,A*-G,4.1,9.5,19.5,31.6,19.2,9.1,4.4,1.7,,,0.9,64.7,A*-C,352469
GCSE,Science:  Additional (New specification),2009,UK,Exam,A*-G,4.3,9.6,18.8,30.1,19.7,9.8,4.7,2.0,,,1.0,62.8,A*-C,396946
GCSE,Science:  Additional (New specification),2008,UK,Exam,A*-G,5.0,10.2,19.5,28.5,18.5,9.9,5.0,2.2,,,1.2,63.2,A*-C,433468
GCSE,Science:  Additional (Further),2017,UK,Exam,A*-G,16.5,17.8,20.3,20.7,15.0,7.2,2.2,0.3,,,0.1,75.2,A*-C,14606
GCSE,Science:  Additional (Further),2016,UK,Exam,A*-G,15.4,19.9,21.6,20.1,13.9,6.5,2.0,0.5,,,0.1,76.9,A*-C,17409
GCSE,Science:  Additional (Further),2015,UK,Exam,A*-G,13.3,19.9,24.0,22.6,14.3,4.5,1.1,0.2,,,0.1,79.8,A*-C,23389
GCSE,Science:  Additional (Further),2014,UK,Exam,A*-G,10.7,21.5,27.7,24.3,11.6,3.2,0.7,0.2,,,0.1,84.2,A*-C,21119
GCSE,Social Science,2006,UK,Exam,A*-G,1.8,9.3,16.6,20.9,16.2,10.5,8.4,5.5,,,10.8,48.6,A*-C,1263
GCSE,Social Science,2005,UK,Exam,A*-G,1.7,10.0,16.8,20.3,15.2,11.7,8.5,7.0,,,8.8,48.8,A*-C,1442
GCSE,Social Science,2004,UK,Exam,A*-G,2.0,9.8,15.0,21.3,14.3,12.6,8.5,5.7,,,10.8,48.1,A*-C,1467
GCSE,Social Science,2003,UK,Exam,A*-G,2.0,9.8,18.8,17.2,14.0,12.6,9.9,7.5,,,8.2,47.8,A*-C,1412
GCSE,Social Science,2002,UK,Exam,A*-G,1.8,5.1,13.2,21.7,20.9,13.7,10.2,7.2,,,6.2,41.8,A*-C,2119
GCSE,Social Science,2001,UK,Exam,A*-G,1.9,6.3,13.5,21.8,22.0,13.0,10.2,6.8,,,4.5,43.5,A*-C,2360
GCSE,Social Science,2000,UK,Exam,A*-G,1.3,5.9,13.5,21.0,20.8,15.9,10.5,6.4,,,4.7,41.7,A*-C,2638
GCSE,Social Science,1999,UK,Exam,A*-G,1.2,5.4,14.1,21.9,20.4,15.4,11.5,6.0,,,3.9,42.8,A*-C,2856
GCSE,Social Science,1998,UK,Exam,A*-G,1.1,4.6,12.4,21.7,19.0,17.2,12.0,7.4,,,4.6,39.8,A*-C,3327
GCSE,Social Science,1997,UK,Exam,A*-G,1.1,4.5,13.2,19.5,21.2,15.6,13.0,7.0,,,4.9,38.3,A*-C,4397
GCSE,Social Science,1996,UK,Exam,A*-G,0.7,3.7,10.6,21.9,20.8,14.9,13.3,7.9,,,6.2,36.9,A*-C,4441
GCSE,Social Science,1995,UK,Exam,A*-G,1.2,6.0,15.0,20.9,16.1,14.4,12.5,9.5,,,4.4,43.1,A*-C,3178
GCSE,Social Science,1994,UK,Exam,A*-G,0.7,6.0,13.8,22.4,17.4,15.1,11.9,7.6,,,5.1,42.9,A*-C,4091
GCSE,Social Science,1993,UK,Exam,A*-G,,,,,,,,,,,6.1,40.4,A*-C,4568
GCSE,Social Science Subjects,2025,England,Exam,9-1,3.6,7.1,9.6,16.6,15.9,13.4,15.9,10.5,6.0,,1.5,66.1,9-4,49339
GCSE,Social Science Subjects,2024,England,Exam,9-1,3.6,6.9,9.8,16.4,15.7,13.5,15.4,10.6,6.5,,1.6,65.9,9-4,51237
GCSE,Social Science Subjects,2023,England,Exam,9-1,3.5,6.8,9.6,15.7,15.8,14.0,16.2,10.6,6.1,,1.5,65.5,9-4,48358
GCSE,Social Science Subjects,2022,England,Exam,9-1,7.2,9.5,11.1,16.9,15.5,12.5,12.3,8.8,4.7,,1.4,72.7,9-4,41694
GCSE,Social Science Subjects,2021,England,Exam,9-1,9.3,10.6,13.2,15.9,15.0,14.7,11.1,6.4,2.9,,0.9,78.7,9-4,39144
GCSE,Social Science Subjects,2020,England,Exam,9-1,6.2,8.8,12.2,16.6,17.1,17.4,12.9,6.1,2.3,,0.4,78.3,9-4,38094
GCSE,Social Science Subjects,2019,England,Exam,9-1,3.0,6.1,9.0,14.6,15.3,14.9,17.4,11.5,6.4,,1.8,62.9,9-4,37743
GCSE,Social Science Subjects,2018,UK,Exam,A*-G,2.7,14.4,23.2,21.6,16.1,10.4,6.4,3.4,,,1.8,61.9,A*-C,39250
GCSE,Social Science Subjects,2017,UK,Exam,A*-G,3.1,14.5,22.7,21.5,16.3,10.5,6.2,3.3,,,1.8,61.9,A*-C,40091
GCSE,Social Science Subjects,2016,UK,Exam,A*-G,2.9,14.5,22.4,21.1,16.7,10.7,6.3,3.4,,,2.0,60.9,A*-C,43780
GCSE,Social Science Subjects,2015,UK,Exam,A*-G,3.3,13.3,22.9,22.2,16.5,10.4,5.8,3.5,,,2.1,61.7,A*-C,44631
GCSE,Social Science Subjects,2014,UK,Exam,A*-G,3.1,13.9,22.2,22.0,15.9,10.3,6.6,3.8,,,2.2,61.2,A*-C,42637
GCSE,Social Science Subjects,2013,UK,Exam,A*-G,3.4,12.9,22.2,22.8,16.4,10.0,6.3,3.9,,,2.1,61.3,A*-C,39208
GCSE,Social Science Subjects,2012,UK,Exam,A*-G,3.5,13.2,22.0,21.9,16.2,10.2,6.5,4.2,,,2.3,60.6,A*-C,37940
GCSE,Social Science Subjects,2011,UK,Exam,A*-G,3.7,13.1,22.0,22.5,15.6,10.4,6.5,3.7,,,2.5,61.3,A*-C,34905
GCSE,Social Science Subjects,2010,UK,Exam,A*-G,3.8,12.2,19.2,28.2,17.5,8.9,4.0,2.0,,,4.2,63.4,A*-C,30274
GCSE,Social Science Subjects,2009,UK,Exam,A*-G,3.6,12.0,17.4,28.2,18.2,9.2,4.3,2.3,,,4.8,61.2,A*-C,30670
GCSE,Social Science Subjects,2008,UK,Exam,A*-G,3.6,10.6,16.8,28.1,18.5,9.6,4.9,2.5,,,5.4,59.1,A*-C,30954
GCSE,Social Science Subjects,2007,UK,Exam,A*-G,3.7,10.8,16.6,27.6,18.4,9.6,5.1,2.5,,,5.7,58.7,A*-C,29081
GCSE,Social Science Subjects,2006,UK,Exam,A*-G,3.7,10.9,15.8,26.6,18.3,10.3,5.3,2.8,,,6.3,57.0,A*-C,29266
GCSE,All Sciences,1995,UK,Exam,A*-G,4.3,8.4,18.7,20.4,20.2,15.5,8.4,2.6,,,1.5,51.8,A*-C,1118256
GCSE,All Sciences,1994,UK,Exam,A*-G,3.4,8.6,18.5,19.2,21.5,15.2,8.8,3.2,,,1.6,49.7,A*-C,1059416
GCSE,All Sciences,1993,UK,Exam,A*-G,,,,,,,,,,,2.4,50.1,A*-C,825580
GCSE,Spanish,2025,England,Exam,9-1,6.9,8.7,11.5,9.0,20.2,14.3,17.6,7.3,2.8,,1.6,70.6,9-4,130587
GCSE,Spanish,2024,England,Exam,9-1,6.7,8.3,11.8,8.8,19.4,14.8,17.1,8.1,3.2,,1.9,69.8,9-4,127832
GCSE,Spanish,2023,England,Exam,9-1,6.4,8.3,11.4,9.6,18.4,15.0,18.4,7.6,2.6,,2.2,69.2,9-4,120198
GCSE,Spanish,2022,England,Exam,9-1,9.3,9.4,12.8,9.1,26.2,10.7,13.6,6.0,1.8,,1.3,77.4,9-4,107488
GCSE,Spanish,2021,England,Exam,9-1,10.2,10.8,13.4,12.2,20.8,15.9,10.6,4.2,1.4,,0.5,83.3,9-4,108982
GCSE,Spanish,2020,England,Exam,9-1,9.0,10.2,13.3,13.0,19.6,16.7,12.1,4.7,1.2,,0.2,81.8,9-4,104280
GCSE,Spanish,2019,England,Exam,9-1,6.9,8.6,11.6,11.0,17.4,14.8,17.9,7.7,2.3,,1.8,70.3,9-4,96811
GCSE,Spanish,2018,UK,Exam,A*-G,6.8,8.8,12.0,10.4,17.8,14.6,17.9,7.7,,,1.4,70.4,A*-C,89577
GCSE,Spanish,2018,UK,Exam,A*-G,6.9,8.7,12.1,10.4,17.8,14.6,17.9,7.6,,,1.4,70.5,A*-C,90126
GCSE,Spanish,2018,UK,Exam,A*-G,17.7,18.9,24.0,24.8,9.5,3.0,1.3,0.6,,,0.2,85.4,A*-C,4954
GCSE,Spanish,2017,UK,Exam,A*-G,13.5,14.2,18.6,24.5,17.2,7.2,3.1,1.3,,,0.5,70.8,A*-C,91040
GCSE,Spanish,2016,UK,Exam,A*-G,12.9,14.5,19.3,24.1,17.1,7.1,3.0,1.3,,,0.5,70.9,A*-C,92681
GCSE,Spanish,2015,UK,Exam,A*-G,13.8,15.5,19.5,24.4,16.5,6.3,2.6,1.0,,,0.4,73.2,A*-C,90782
GCSE,Spanish,2014,UK,Exam,A*-G,12.5,16.7,20.2,22.9,16.0,6.9,3.1,1.2,,,0.5,72.3,A*-C,93028
GCSE,Spanish,2013,UK,Exam,A*-G,13.1,16.7,19.4,22.9,16.0,7.0,2.9,1.3,,,0.7,72.1,A*-C,91315
GCSE,Spanish,2012,UK,Exam,A*-G,14.7,17.4,20.4,21.5,15.0,6.6,2.9,1.1,,,0.4,74.0,A*-C,72606
GCSE,Spanish,2011,UK,Exam,A*-G,15.0,18.4,20.6,20.9,13.4,6.7,3.2,1.2,,,0.6,74.9,A*-C,66021
GCSE,Spanish,2010,UK,Exam,A*-G,16.3,18.4,18.6,21.9,14.8,6.3,2.5,1.0,,,0.2,75.2,A*-C,67707
GCSE,Spanish,2009,UK,Exam,A*-G,15.7,18.9,18.4,21.4,14.4,6.4,3.1,1.4,,,0.3,74.4,A*-C,67070
GCSE,Spanish,2008,UK,Exam,A*-G,16.5,17.5,17.1,21.2,15.1,7.1,3.5,1.6,,,0.4,72.3,A*-C,67092
GCSE,Spanish,2007,UK,Exam,A*-G,16.2,16.9,16.8,20.7,15.2,7.9,3.9,1.9,,,0.5,70.6,A*-C,63978
GCSE,Spanish,2006,UK,Exam,A*-G,14.8,16.7,17.0,20.7,15.4,8.3,4.4,2.2,,,0.5,69.2,A*-C,62143
GCSE,Spanish,2005,UK,Exam,A*-G,14.2,15.4,16.4,20.0,15.4,9.3,5.7,2.9,,,0.7,66.0,A*-C,62456
GCSE,Spanish,2004,UK,Exam,A*-G,12.9,14.3,15.1,19.6,15.8,10.0,6.9,4.2,,,1.2,61.9,A*-C,64078
GCSE,Spanish,2003,UK,Exam,A*-G,10.5,15.0,14.2,19.4,16.7,10.5,7.3,4.7,,,1.7,59.1,A*-C,61323
GCSE,Spanish,2002,UK,Exam,A*-G,12.0,13.9,14.6,20.2,16.0,10.8,7.2,4.5,,,0.8,60.7,A*-C,57983
GCSE,Spanish,2001,UK,Exam,A*-G,11.1,15.0,15.1,19.3,15.7,11.3,7.7,4.1,,,0.7,60.5,A*-C,54326
GCSE,Spanish,2000,UK,Exam,A*-G,11.0,15.3,15.1,18.3,15.4,11.7,8.0,4.4,,,0.8,59.7,A*-C,49973
GCSE,Spanish,1999,UK,Exam,A*-G,10.2,15.8,16.0,17.3,15.0,11.1,8.4,5.0,,,1.2,59.3,A*-C,47969
GCSE,Spanish,1998,UK,Exam,A*-G,10.7,15.4,15.2,16.7,14.9,12.5,8.9,4.8,,,0.8,58.0,A*-C,47269
GCSE,Spanish,1997,UK,Exam,A*-G,8.4,21.0,15.5,14.4,13.8,10.2,10.6,5.3,,,0.8,59.3,A*-C,43826
GCSE,Spanish,1996,UK,Exam,A*-G,7.7,20.6,15.1,15.0,15.6,10.4,9.7,4.9,,,1.0,58.4,A*-C,42592
GCSE,Spanish,1995,UK,Exam,A*-G,6.5,19.4,16.8,15.8,15.1,10.1,9.8,5.3,,,1.2,58.5,A*-C,40366
GCSE,Spanish,1994,UK,Exam,A*-G,6.3,20.6,16.7,14.8,13.3,10.6,10.2,6.2,,,1.3,58.4,A*-C,36332
GCSE,Spanish,1993,UK,Exam,A*-G,,,,,,,,,,,1.2,59.6,A*-C,32148
GCSE,Statistics,2025,England,Exam,9-1,4.1,7.8,9.3,10.5,21.0,18.2,12.8,8.4,5.7,,2.4,70.8,9-4,34081
GCSE,Statistics,2024,England,Exam,9-1,4.0.,7.2,8.9,10.5,19.7,19.6,13.3,8.3,5.7,,2.8,69.9,9-4,31048
GCSE,Statistics,2023,England,Exam,9-1,4.2,7.3,9.3,11.8,18.6,19.3,13.6,8.4,5.3,,2.4,70.4,9-4,25614
GCSE,Statistics,2022,England,Exam,9-1,7.1,10.1,11.2,13.3,19.5,16.3,10.6,6.9,3.4,,1.7,77.4,9-4,21200
GCSE,Statistics,2021,England,Exam,9-1,9.2,10.5,13.1,13.4,18.5,16.2,9.9,5.3,3.0,,0.9,80.9,9-4,17207
GCSE,Statistics,2020,England,Exam,9-1,6.0,8.9,13.1,15.7,21.0,18.6,9.6,4.9,1.9,,0.3,83.3,9-4,23766
GCSE,Statistics,2019,England,Exam,9-1,3.6,6.7,9.4,14.0,20.1,18.7,13.9,8.1,3.5,,2.0,72.5,9-4,23044
GCSE,Statistics,2018,UK,Exam,A*-G,2.5,17.1,27.2,26.4,14.4,6.0,3.2,1.6,,,1.6,73.2,A*-C,15562
GCSE,Statistics,2017,UK,Exam,A*-G,2.9,16.1,24.0,27.5,15.5,6.7,3.5,1.7,,,2.0,70.5,A*-C,23215
GCSE,Statistics,2016,UK,Exam,A*-G,3.3,14.5,22.8,29.6,15.5,6.7,3.2,2.0,,,2.3,70.2,A*-C,39034
GCSE,Statistics,2015,UK,Exam,A*-G,3.4,15.3,23.0,29.6,16.1,6.7,3.1,1.4,,,1.4,71.3,A*-C,56355
GCSE,Statistics,2014,UK,Exam,A*-G,4.6,14.4,21.4,29.8,16.9,6.4,3.0,1.6,,,1.9,70.2,A*-C,61642
GCSE,Statistics,2013,UK,Exam,A*-G,5.1,19.3,26.8,26.2,13.3,4.9,1.9,0.8,,,1.7,77.4,A*-C,43870
GCSE,Statistics,2012,UK,Exam,A*-G,5.8,20.2,27.6,26.4,12.4,4.1,1.4,0.8,,,1.3,80.0,A*-C,50620
GCSE,Statistics,2011,UK,Exam,A*-G,5.8,19.3,26.2,27.3,11.8,4.7,2.0,1.2,,,1.7,78.6,A*-C,53400
GCSE,Statistics,2010,UK,Exam,A*-G,8.0,15.1,19.8,33.4,12.8,5.4,2.4,1.1,,,2.0,76.3,A*-C,69456
GCSE,Statistics,2009,UK,Exam,A*-G,6.5,16.0,17.4,32.8,13.9,5.3,2.4,1.3,,,2.4,74.7,A*-C,77944
GCSE,Statistics,2008,UK,Exam,A*-G,6.5,14.9,17.2,33.9,15.9,6.0,2.4,1.4,,,1.8,72.5,A*-C,86224
GCSE,Statistics,2007,UK,Exam,A*-G,6.4,13.5,16.1,35.1,16.2,6.3,2.7,1.7,,,2.3,71.1,A*-C,82682
GCSE,Statistics,2006,UK,Exam,A*-G,5.5,14.3,16.6,34.3,15.4,6.6,3.2,1.6,,,2.5,70.7,A*-C,68331
GCSE,Statistics,2005,UK,Exam,A*-G,5.3,14.4,17.3,33.3,15.3,6.8,3.5,1.8,,,2.3,70.3,A*-C,51432
GCSE,Statistics,2004,UK,Exam,A*-G,4.9,14.0,17.3,33.6,16.0,7.2,2.9,1.3,,,2.8,69.8,A*-C,39666
GCSE,Statistics,2003,UK,Exam,A*-G,5.5,12.3,18.6,32.2,18.4,6.7,2.6,1.4,,,2.3,68.6,A*-C,32371
GCSE,Welsh,2018,UK,Exam,A*-G,4.1,10.4,25.8,30.9,16.7,7.1,3.3,1.1,,,0.6,71.2,A*-C,4848
GCSE,Welsh,2017,UK,Exam,A*-G,3.7,10.9,25.8,31.7,17.2,7.1,2.4,0.9,,,0.3,72.0,A*-C,6422
GCSE,Welsh,2016,UK,Exam,A*-G,3.9,11.4,24.6,33.6,17.7,6.3,2.0,0.3,,,0.2,73.5,A*-C,5331
GCSE,Welsh,2015,UK,Exam,A*-G,4.4,10.6,22.5,36.4,17.0,6.7,1.8,0.5,,,0.1,73.9,A*-C,5491
GCSE,Welsh,2014,UK,Exam,A*-G,3.7,11.5,22.9,34.6,17.9,6.1,2.6,0.6,,,0.1,72.7,A*-C,5591
GCSE,Welsh,2013,UK,Exam,A*-G,3.4,11.8,25.6,30.8,17.8,7.1,2.7,0.7,,,0.1,71.6,A*-C,5636
GCSE,Welsh,2012,UK,Exam,A*-G,2.9,11.9,26.0,31.3,18.3,6.6,2.2,0.6,,,0.2,72.1,A*-C,5224
GCSE,Welsh,2011,UK,Exam,A*-G,3.2,11.8,24.8,33.2,19.0,5.6,1.9,0.4,,,0.1,73.0,A*-C,5292
GCSE,Welsh,2010,UK,Exam,A*-G,3.0,12.1,24.0,32.5,19.6,6.3,1.9,0.5,,,0.1,71.6,A*-C,5444
GCSE,Welsh,2009,UK,Exam,A*-G,3.3,10.9,25.6,33.3,19.4,5.7,1.4,0.2,,,0.2,73.1,A*-C,5255
GCSE,Welsh,2008,UK,Exam,A*-G,2.7,11.4,25.9,32.1,19.7,5.9,1.6,0.6,,,0.1,72.1,A*-C,5436
GCSE,Welsh,2007,UK,Exam,A*-G,2.7,12.2,27.0,31.0,18.6,5.5,2.1,0.7,,,0.2,72.9,A*-C,5183
GCSE,Welsh,2006,UK,Exam,A*-G,2.7,12.0,25.0,30.2,20.0,7.5,2.0,0.5,,,0.1,69.9,A*-C,5212
GCSE,Welsh,2005,UK,Exam,A*-G,2.8,11.5,24.9,31.5,19.8,7.0,1.8,0.6,,,0.1,70.7,A*-C,5098
GCSE,Welsh,2004,UK,Exam,A*-G,3.4,12.3,25.5,30.8,19.5,5.9,2.1,0.4,,,0.1,72.0,A*-C,5051
GCSE,Welsh,2003,UK,Exam,A*-G,3.6,14.5,25.9,30.3,17.2,6.5,1.5,0.4,,,0.1,62.6,A*-C,4899
GCSE,Welsh,2002,UK,Exam,A*-G,4.1,13.3,25.8,31.8,17.1,5.8,1.6,0.3,,,0.2,75.0,A*-C,4491
GCSE,Welsh,2001,UK,Exam,A*-G,4.0,11.7,24.7,31.1,19.7,7.2,1.3,0.2,,,0.1,71.5,A*-C,4401
GCSE,Welsh,2000,UK,Exam,A*-G,3.7,11.7,22.0,32.3,22.1,6.7,1.2,0.2,,,0.1,69.7,A*-C,4157
GCSE,Welsh,1999,UK,Exam,A*-G,3.4,11.3,20.7,31.0,22.6,9.0,1.7,0.1,,,0.2,66.4,A*-C,4007
GCSE,Welsh,1998,UK,Exam,A*-G,3.4,10.5,19.6,31.3,22.1,9.5,2.7,0.7,,,0.2,64.8,A*-C,3904
GCSE,Welsh,1997,UK,Exam,A*-G,2.0,11.1,20.1,28.8,21.4,10.7,3.9,1.6,,,0.4,62.0,A*-C,3809
GCSE,Welsh,1996,UK,Exam,A*-G,1.7,10.3,19.4,28.7,26.2,10.3,2.2,0.8,,,0.4,60.1,A*-C,3844
GCSE,Welsh,1995,UK,Exam,A*-G,2.5,11.2,18.9,29.5,21.6,10.9,3.6,1.3,,,0.5,62.1,A*-C,3627
GCSE,Welsh,1994,UK,Exam,A*-G,1.5,11.2,18.1,26.8,22.9,12.1,5.2,1.9,,,0.3,57.6,A*-C,2827
GCSE,Welsh,1993,UK,Exam,A*-G,,,,,,,,,,,0.6,54.9,A*-C,2665
GCSE,Welsh 2nd Language,2018,UK,Exam,A*-G,9.3,17.3,22.5,25.8,11.5,6.5,3.7,2.2,,,1.2,74.9,A*-C,14646
GCSE,Welsh 2nd Language,2017,UK,Exam,A*-G,12.5,18.6,22.5,26.3,10.3,5.0,2.9,1.4,,,0.6,79.8,A*-C,12311
GCSE,Welsh 2nd Language,2016,UK,Exam,A*-G,10.9,18.4,22.7,27.2,10.6,5.5,2.9,1.2,,,0.5,79.3,A*-C,10967
GCSE,Welsh 2nd Language,2015,UK,Exam,A*-G,11.0,19.2,22.7,26.5,10.9,5.2,2.8,1.1,,,0.6,79.4,A*-C,11052
GCSE,Welsh 2nd Language,2014,UK,Exam,A*-G,9.7,19.7,21.9,26.4,10.9,5.7,3.2,1.5,,,1.0,77.7,A*-C,10566
GCSE,Welsh 2nd Language,2013,UK,Exam,A*-G,9.8,18.2,21.1,27.7,11.9,6.1,2.9,1.4,,,0.9,76.8,A*-C,10196
GCSE,Welsh 2nd Language,2012,UK,Exam,A*-G,9.1,18.3,20.0,26.2,12.2,7.4,3.7,1.8,,,1.3,73.6,A*-C,9743
GCSE,Welsh 2nd Language,2011,UK,Exam,A*-G,10.2,15.4,16.0,30.0,14.7,7.2,3.9,1.7,,,0.9,71.6,A*-C,10007
GCSE,Welsh 2nd Language,2010,UK,Exam,A*-G,10.0,16.5,15.3,30.9,13.8,7.6,3.6,1.6,,,0.7,72.7,A*-C,10311
GCSE,Welsh 2nd Language,2009,UK,Exam,A*-G,9.7,16.3,16.6,27.7,14.5,7.9,4.1,2.2,,,1.0,70.3,A*-C,9995
GCSE,Welsh 2nd Language,2008,UK,Exam,A*-G,8.9,15.2,15.6,30.5,14.8,8.3,4.3,1.7,,,0.7,70.2,A*-C,10050
GCSE,Welsh 2nd Language,2007,UK,Exam,A*-G,8.6,15.4,15.9,30.5,14.1,8.3,4.6,1.8,,,0.8,70.4,A*-C,9631
GCSE,Welsh 2nd Language,2006,UK,Exam,A*-G,9.3,15.6,15.8,28.2,14.5,8.5,4.9,2.1,,,1.1,68.9,A*-C,9571
GCSE,Welsh 2nd Language,2005,UK,Exam,A*-G,9.0,15.4,15.9,27.7,14.7,8.9,4.9,2.1,,,1.4,68.0,A*-C,9800
GCSE,Welsh 2nd Language,2004,UK,Exam,A*-G,12.8,16.7,13.4,23.5,16.2,9.2,4.8,2.4,,,1.0,66.4,A*-C,12193
GCSE,Welsh 2nd Language,2003,UK,Exam,A*-G,12.0,13.9,12.6,24.1,16.8,10.4,5.9,3.1,,,1.2,50.8,A*-C,11793
GCSE,Welsh 2nd Language,2002,UK,Exam,A*-G,10.6,16.4,12.2,25.0,16.2,9.5,5.7,2.9,,,1.5,64.2,A*-C,11719
GCSE,Welsh 2nd Language,2001,UK,Exam,A*-G,10.2,13.1,14.4,25.5,16.4,9.9,6.0,3.0,,,1.5,63.2,A*-C,11623
GCSE,Welsh 2nd Language,2000,UK,Exam,A*-G,10.3,15.4,15.4,24.8,16.1,9.6,4.7,2.2,,,1.5,65.9,A*-C,9166
GCSE,Welsh 2nd Language,1999,UK,Exam,A*-G,11.4,18.9,13.6,23.2,17.0,8.4,4.2,2.1,,,1.2,67.1,A*-C,7877
GCSE,Welsh 2nd Language,1998,UK,Exam,A*-G,11.6,18.2,13.3,21.3,16.0,10.0,5.1,2.6,,,1.9,64.4,A*-C,8128
GCSE,Welsh 2nd Language,1997,UK,Exam,A*-G,10.8,16.2,13.7,19.1,16.6,11.7,7.3,3.0,,,1.5,59.8,A*-C,7438
GCSE,Welsh 2nd Language,1996,UK,Exam,A*-G,10.6,15.8,15.1,17.7,15.8,11.7,7.9,3.8,,,1.6,59.2,A*-C,7848
GCSE,Welsh 2nd Language,1995,UK,Exam,A*-G,8.6,12.6,13.7,19.4,14.4,14.0,9.1,4.9,,,3.3,54.3,A*-C,9483
GCSE,Welsh 2nd Language,1994,UK,Exam,A*-G,3.1,21.5,18.0,15.6,12.2,13.6,6.8,8.1,,,1.1,58.2,A*-C,6294
GCSE,Welsh 2nd Language,1993,UK,Exam,A*-G,,,,,,,,,,,0.9,56.8,A*-C,5903
GCSE,Welsh Literature,2018,UK,Exam,A*-G,8.9,15.8,23.1,28.2,16.6,5.2,1.5,0.5,,,0.2,76.0,A*-C,3304
GCSE,Welsh Literature,2017,UK,Exam,A*-G,9.0,15.2,22.7,28.3,17.4,5.6,1.6,0.2,,,0.1,75.1,A*-C,3320
GCSE,Welsh Literature,2016,UK,Exam,A*-G,8.0,15.0,23.6,27.4,14.7,8.1,2.5,0.4,,,0.1,74.1,A*-C,3705
GCSE,Welsh Literature,2015,UK,Exam,A*-G,8.2,13.7,21.1,31.6,13.7,8.1,3.2,0.3,,,0.1,74.6,A*-C,3603
GCSE,Welsh Literature,2014,UK,Exam,A*-G,7.1,15.3,22.6,30.0,13.2,8.2,3.0,0.4,,,0.2,75.0,A*-C,3743
GCSE,Welsh Literature,2013,UK,Exam,A*-G,6.0,16.3,22.2,29.4,15.0,7.6,2.6,0.8,,,0.1,73.9,A*-C,4163
GCSE,Welsh Literature,2012,UK,Exam,A*-G,6.8,15.7,22.8,28.1,14.2,7.7,3.4,0.7,,,0.6,73.4,A*-C,3966
GCSE,Welsh Literature,2011,UK,Exam,A*-G,6.1,16.2,18.9,32.9,16.9,5.9,2.0,0.7,,,0.4,74.1,A*-C,4075
GCSE,Welsh Literature,2010,UK,Exam,A*-G,6.2,15.9,18.4,32.9,16.7,6.8,2.4,0.4,,,0.3,73.4,A*-C,4167
GCSE,Welsh Literature,2009,UK,Exam,A*-G,6.7,15.0,18.3,32.3,18.1,6.2,2.6,0.6,,,0.2,72.3,A*-C,4037
GCSE,Welsh Literature,2008,UK,Exam,A*-G,6.3,14.0,18.1,33.8,18.1,6.4,2.5,0.6,,,0.2,72.2,A*-C,4126
GCSE,Welsh Literature,2007,UK,Exam,A*-G,5.7,13.9,17.1,34.5,17.6,7.5,2.1,0.9,,,0.7,71.2,A*-C,4132
GCSE,Welsh Literature,2006,UK,Exam,A*-G,6.2,14.1,20.0,29.5,18.7,7.9,2.7,0.6,,,0.3,69.8,A*-C,4167
GCSE,Welsh Literature,2005,UK,Exam,A*-G,5.1,14.8,20.5,30.6,18.0,7.3,2.7,0.8,,,0.2,71.0,A*-C,4035
GCSE,Welsh Literature,2004,UK,Exam,A*-G,5.1,17.3,18.5,31.9,16.6,6.9,3.0,0.6,,,0.1,72.8,A*-C,4043
GCSE,Welsh Literature,2003,UK,Exam,A*-G,5.2,18.5,21.7,28.6,15.5,7.8,2.2,0.3,,,0.2,74.0,A*-C,3887
GCSE,Welsh Literature,2002,UK,Exam,A*-G,4.8,17.1,22.1,28.2,15.3,7.7,3.5,1.1,,,0.2,72.2,A*-C,3538
GCSE,Welsh Literature,2001,UK,Exam,A*-G,4.9,18.1,19.8,29.2,16.4,7.7,2.8,0.8,,,0.3,72.0,A*-C,3503
GCSE,Welsh Literature,2000,UK,Exam,A*-G,5.6,16.1,20.0,27.2,18.9,8.6,2.5,0.8,,,0.3,68.9,A*-C,3348
GCSE,Welsh Literature,1999,UK,Exam,A*-G,6.6,13.4,20.6,27.8,18.9,8.4,3.5,0.5,,,0.3,68.4,A*-C,3169
GCSE,Welsh Literature,1998,UK,Exam,A*-G,5.8,13.3,18.6,29.2,18.5,9.9,3.2,1.0,,,0.4,66.9,A*-C,3031
GCSE,Welsh Literature,1997,UK,Exam,A*-G,3.1,12.6,17.8,28.6,17.9,10.3,5.5,2.8,,,1.3,62.1,A*-C,2931
GCSE,Welsh Literature,1996,UK,Exam,A*-G,3.9,9.9,16.9,27.1,20.4,10.4,6.3,3.1,,,2.0,57.8,A*-C,2940
GCSE,Welsh Literature,1995,UK,Exam,A*-G,1.8,10.0,17.4,25.9,18.3,12.5,8.4,3.9,,,1.8,55.1,A*-C,2755
GCSE,Welsh Literature,1994,UK,Exam,A*-G,3.0,8.9,18.9,26.7,19.6,12.1,5.9,2.6,,,2.3,57.5,A*-C,2126
GCSE,Welsh Literature,1993,UK,Exam,A*-G,,,,,,,,,,,3.0,56.5,A*-C,2152
GCSE,Other Modern Languages,2025,England,Exam,9-1,40.6,19.9,12.0,7.2,9.2,4.1,2.9,1.5,0.6,,2.1,92.9,9-4,42113
GCSE,Other Modern Languages,2024,England,Exam,9-1,40.6,19.0,12.0,7.2,9.3,4.3,3.1,1.5,0.7,,2.2,92.5,9-4,41475
GCSE,Other Modern Languages,2023,England,Exam,9-1,38.0,19.6,12.5,8.2,9.2,4.6,3.4,1.6,0.7,,2.2,92.1,9-4,38429
GCSE,Other Modern Languages,2022,England,Exam,9-1,39.3,20.0,12.3,7.5,9.6,4.7,2.6,1.6,0.6,,1.8,93.4,9-4,35202
GCSE,Other Modern Languages,2021,England,Exam,9-1,39.4,20.1,13.2,7.4,9.3,5.3,3.1,1.4,0.4,,0.4,94.7,9-4,24103
GCSE,Other Modern Languages,2020,England,Exam,9-1,31.8,21.3,15.5,9.2,10.9,6.2,3.4,1.0,0.3,,0.4,94.9,9-4,22344
GCSE,Other Modern Languages,2019,England,Exam,9-1,32.2,21.2,13.3,7.9,10.2,5.1,4.7,2.0,0.6,,2.8,89.9,9-4,26417
GCSE,Other Modern Languages,2018,UK,Exam,A*-G,39.6,25.0,15.3,9.7,6.8,0.8,1.4,0.9,,,0.5,89.6,A*-C,32807
GCSE,Other Modern Languages,2017,UK,Exam,A*-G,39.0,24.6,15.4,9.9,5.6,2.7,1.3,0.8,,,0.6,89.0,A*-C,32868
GCSE,Other Modern Languages,2016,UK,Exam,A*-G,38.6,25.3,15.6,9.5,5.2,2.9,1.4,0.9,,,0.5,89.0,A*-C,33639
GCSE,Other Modern Languages,2015,UK,Exam,A*-G,36.8,26.5,15.5,10.3,5.6,2.8,1.2,0.8,,,0.5,89.1,A*-C,33043
GCSE,Other Modern Languages,2014,UK,Exam,A*-G,35.8,25.2,16.2,10.8,6.1,2.9,1.5,1.0,,,0.5,88.0,A*-C,31865
GCSE,Other Modern Languages,2013,UK,Exam,A*-G,34.5,25.0,16.8,11.1,6.5,3.2,1.4,1.0,,,0.5,87.4,A*-C,31368
GCSE,Other Modern Languages,2012,UK,Exam,A*-G,34.5,24.8,16.3,11.3,6.5,3.4,1.5,1.1,,,0.6,86.9,A*-C,29843
GCSE,Other Modern Languages,2011,UK,Exam,A*-G,33.4,25.5,16.3,11.1,6.5,3.7,1.8,1.1,,,0.6,86.3,A*-C,26257
GCSE,Other Modern Languages,2010,UK,Exam,A*-G,35.6,24.9,14.9,10.7,5.9,3.7,2.2,1.2,,,0.9,86.1,A*-C,32697
GCSE,Other Modern Languages,2009,UK,Exam,A*-G,35.3,23.5,15.0,11.2,6.7,4.0,2.3,1.3,,,0.7,85.0,A*-C,33111
GCSE,Other Modern Languages,2008,UK,Exam,A*-G,33.5,23.5,15.5,11.8,7.1,4.0,2.5,1.2,,,0.9,84.3,A*-C,31682
GCSE,Other Modern Languages,2007,UK,Exam,A*-G,32.2,23.0,15.5,12.2,7.7,4.6,2.7,1.3,,,0.8,82.9,A*-C,30794
GCSE,Other Modern Languages,2006,UK,Exam,A*-G,32.2,22.2,15.5,12.2,7.8,4.9,3.0,1.5,,,0.7,82.1,A*-C,29188
GCSE,Other Modern Languages,2005,UK,Exam,A*-G,30.7,21.9,15.8,12.6,8.3,5.2,3.5,1.3,,,0.7,81.0,A*-C,28879
GCSE,Other Modern Languages,2004,UK,Exam,A*-G,29.5,21.3,16.1,13.1,8.4,5.6,3.9,1.5,,,0.6,80.0,A*-C,29349
GCSE,Other Modern Languages,2003,UK,Exam,A*-G,26.3,21.8,16.4,13.3,9.3,6.4,4.1,1.7,,,0.7,77.8,A*-C,30668
GCSE,Other Modern Languages,2002,UK,Exam,A*-G,23.8,23.2,16.8,13.9,9.7,6.6,3.9,1.4,,,0.7,77.7,A*-C,30899
GCSE,Other Modern Languages,2001,UK,Exam,A*-G,22.6,23.8,16.9,13.5,9.8,6.8,4.3,1.7,,,0.6,76.8,A*-C,29119
GCSE,Other Modern Languages,2000,UK,Exam,A*-G,21.8,25.2,17.5,13.0,9.5,6.6,4.4,1.5,,,0.5,77.5,A*-C,29164
GCSE,Other Modern Languages,1999,UK,Exam,A*-G,20.1,25.5,17.8,13.9,9.9,6.7,4.0,1.7,,,0.4,77.3,A*-C,26775
GCSE,Other Modern Languages,1998,UK,Exam,A*-G,20.0,26.0,17.6,12.9,9.9,7.1,4.6,1.6,,,0.4,76.5,A*-C,27035
GCSE,Other Modern Languages,1997,UK,Exam,A*-G,17.8,29.6,16.6,12.5,10.7,6.2,4.4,1.9,,,0.4,76.5,A*-C,29934
GCSE,Other Modern Languages,1996,UK,Exam,A*-G,16.1,30.4,16.4,12.8,10.2,7.2,4.7,1.9,,,0.3,75.7,A*-C,28866
GCSE,Other Modern Languages,1995,UK,Exam,A*-G,16.2,30.4,16.2,12.9,10.4,6.6,4.8,2.1,,,0.4,75.7,A*-C,27448
GCSE,Other Modern Languages,1994,UK,Exam,A*-G,16.3,29.7,16.5,12.6,10.5,6.3,5.0,2.5,,,0.5,75.1,A*-C,25970
GCSE,Other Modern Languages,1993,UK,Exam,A*-G,,,,,,,,,,,0.5,75.5,A*-C,23156
GCSE,Other Sciences,2025,England,Exam,9-1,19.0,15.0,15.3,13.2,10.6,8.3,8.0,5.9,3.0,,1.7,81.4,9-4,2509
GCSE,Other Sciences,2024,England,Exam,9-1,16.3,14.6,12.8,14.2,12.0,10.6,9.2,5.4,3.3,,1.7,80.4,9-4,2649
GCSE,Other Sciences,2023,England,Exam,9-1,14.0,13.8,14.5,14.6,13.1,11.3,8.5,5.2,3.5,,1.5,81.3,9-4,2399
GCSE,Other Sciences,2022,England,Exam,9-1,22.9,18.3,13.6,13.8,10.6,8.9,5.9,3.3,2.1,,0.6,88.1,9-4,2265
GCSE,Other Sciences,2021,England,Exam,9-1,26.9,17.7,15.5,13.2,10.6,7.2,4.0,3.3,1.4,,0.2,91.1,9-4,2242
GCSE,Other Sciences,2020,England,Exam,9-1,23.0,19.2,17.0,14.7,10.7,7.9,4.8,1.6,0.9,,0.2,92.5,9-4,2559
GCSE,Other Sciences,2019,England,Exam,9-1,15.1,14.0,13.1,14.9,12.0,12.2,9.1,5.5,2.8,,1.3,81.3,9-4,2543
GCSE,Other Sciences,2018,UK,Exam,A*-G,12.4,21.4,23.7,17.3,9.9,6.9,4.8,2.5,,,1.1,74.8,A*-C,3119
GCSE,Other Sciences,2017,UK,Exam,A*-G,9.4,17.1,20.2,17.5,13.7,9.7,5.7,3.6,,,3.1,64.2,A*-C,4905
GCSE,Other Sciences,2016,UK,Exam,A*-G,9.7,14.0,18.5,18.0,13.9,11.4,7.0,4.0,,,3.6,60.1,A*-C,6824
GCSE,Other Sciences,2015,UK,Exam,A*-G,7.2,12.6,15.7,18.8,16.2,13.0,8.0,4.8,,,3.7,54.3,A*-C,9027
GCSE,Other Sciences,2014,UK,Exam,A*-G,6.8,11.3,15.1,18.4,16.7,13.0,9.2,5.5,,,4.0,51.6,A*-C,10417
GCSE,Other Sciences,2013,UK,Exam,A*-G,6.3,11.9,16.4,18.7,15.7,12.7,9.5,4.8,,,4.0,53.3,A*-C,10052
GCSE,Other Sciences,2012,UK,Exam,A*-G,6.8,13.3,18.1,19.1,16.4,10.9,7.1,4.5,,,3.8,57.3,A*-C,9403
GCSE,Other Sciences,2011,UK,Exam,A*-G,7.5,12.2,17.2,18.7,16.8,12.4,7.6,4.4,,,3.2,55.6,A*-C,9258
GCSE,Other Sciences,2010,UK,Exam,A*-G,8.0,11.0,13.3,24.8,15.9,11.5,6.7,3.3,,,5.5,57.1,A*-C,9735
GCSE,Other Sciences,2009,UK,Exam,A*-G,6.4,9.0,12.2,24.6,17.6,12.2,7.8,4.1,,,6.1,52.2,A*-C,10470
GCSE,Other Sciences,2008,UK,Exam,A*-G,5.1,7.5,9.8,25.9,17.7,14.0,8.1,4.0,,,7.9,48.3,A*-C,11575
GCSE,Other Sciences,2007,UK,Exam,A*-G,6.0,9.5,11.6,29.0,17.4,11.2,5.7,3.2,,,6.4,56.1,A*-C,9419
GCSE,Other Sciences,2006,UK,Exam,A*-G,5.3,8.4,11.1,28.6,18.3,11.6,6.1,3.1,,,7.5,53.4,A*-C,9819
GCSE,Other Sciences,2005,UK,Exam,A*-G,4.7,8.3,9.8,28.9,18.4,12.5,6.1,3.5,,,7.8,51.7,A*-C,9756
GCSE,Other Sciences,2004,UK,Exam,A*-G,4.8,8.5,9.5,27.1,19.2,13.0,6.3,3.4,,,8.2,49.9,A*-C,10366
GCSE,Other Sciences,2003,UK,Exam,A*-G,6.2,10.5,11.2,23.1,18.6,12.7,7.1,4.0,,,6.6,49.9,A*-C,10837
GCSE,Other Sciences,2002,UK,Exam,A*-G,4.2,8.2,11.8,26.8,20.0,11.7,6.1,3.7,,,7.5,51.0,A*-C,11868
GCSE,Other Sciences,2001,UK,Exam,A*-G,3.9,8.7,11.5,26.6,19.8,12.0,6.1,3.0,,,8.4,50.7,A*-C,12710
GCSE,Other Sciences,2000,UK,Exam,A*-G,3.8,8.9,12.7,25.9,21.0,11.0,5.3,2.6,,,8.8,51.3,A*-C,16022
GCSE,Other Sciences,1999,UK,Exam,A*-G,3.6,8.8,12.9,25.9,21.2,11.7,5.2,2.8,,,7.9,51.2,A*-C,17641
GCSE,Other Sciences,1998,UK,Exam,A*-G,3.5,7.6,13.1,24.5,20.6,12.0,5.7,3.0,,,10.0,48.7,A*-C,20003
GCSE,Other Sciences,1997,UK,Exam,A*-G,2.9,7.8,15.4,23.5,20.9,14.3,5.8,2.5,,,7.0,49.6,A*-C,22484
GCSE,Other Sciences,1996,UK,Exam,A*-G,2.8,7.9,15.9,23.4,19.5,14.3,5.9,2.2,,,8.0,50.0,A*-C,25336
GCSE,Other Sciences,1995,UK,Exam,A*-G,3.0,11.0,18.1,24.7,16.9,12.5,7.6,3.8,,,2.4,56.8,A*-C,13361
GCSE,Other Sciences,1994,UK,Exam,A*-G,2.3,7.8,12.9,28.4,18.8,14.4,8.7,4.2,,,2.4,51.4,A*-C,23024
GCSE,Other Sciences,1993,UK,Exam,A*-G,,,,,,,,,,,2.8,46.4,A*-C,29569
GCSE,Other Social Sciences,2006,UK,Exam,A*-G,3.8,11.0,15.7,26.9,18.4,10.2,5.2,2.7,,,6.1,57.4,A*-C,28003
GCSE,Other Social Sciences,2005,UK,Exam,A*-G,3.7,10.7,15.9,27.0,18.0,10.0,5.4,2.8,,,6.5,57.3,A*-C,26268
GCSE,Other Social Sciences,2004,UK,Exam,A*-G,3.9,10.6,16.2,17.3,17.8,9.7,4.9,3.0,,,6.6,58.0,A*-C,24901
GCSE,Other Social Sciences,2003,UK,Exam,A*-G,3.9,10.0,15.4,26.2,18.5,10.3,5.5,3.1,,,7.1,55.5,A*-C,24616
GCSE,Other Social Sciences,2002,UK,Exam,A*-G,3.7,10.1,16.2,27.2,18.5,10.3,4.8,2.3,,,6.9,57.2,A*-C,22677
GCSE,Other Social Sciences,2001,UK,Exam,A*-G,3.6,9.7,16.2,28.0,18.3,9.8,4.6,2.2,,,7.6,57.5,A*-C,22663
GCSE,Other Social Sciences,2000,UK,Exam,A*-G,3.0,9.3,18.1,27.9,18.7,9.5,4.3,1.9,,,7.3,58.3,A*-C,27859
GCSE,Other Social Sciences,1999,UK,Exam,A*-G,2.7,9.2,17.7,28.0,19.1,9.7,4.5,2.1,,,7.0,57.6,A*-C,31524
GCSE,Other Social Sciences,1998,UK,Exam,A*-G,2.5,9.9,18.0,28.5,19.0,9.0,4.3,2.0,,,6.8,58.9,A*-C,34407
GCSE,Other Social Sciences,1997,UK,Exam,A*-G,2.2,9.4,19.6,29.1,19.9,6.7,4.2,2.0,,,6.9,60.3,A*-C,38769
GCSE,Other Social Sciences,1996,UK,Exam,A*-G,2.0,9.6,20.1,29.4,18.9,6.2,4.0,2.1,,,7.7,61.1,A*-C,41559
GCSE,Other Technology,2018,UK,Exam,A*-G,0.9,6.8,23.0,25.0,15.4,15.8,6.6,2.9,,,3.6,55.7,A*-C,921
GCSE,Other Technology,2017,UK,Exam,A*-G,0.8,6.3,19.0,26.7,20.5,15.3,7.6,2.4,,,1.3,52.8,A*-C,920
GCSE,Other Technology,2016,UK,Exam,A*-G,0.6,5.9,20.3,26.7,22.1,16.2,5.3,1.6,,,1.4,53.4,A*-C,869
GCSE,Other Technology,2015,UK,Exam,A*-G,0.3,6.6,17.7,26.9,23.1,15.6,5.1,2.1,,,2.6,51.5,A*-C,1021
GCSE,Other Technology,2014,UK,Exam,A*-G,0.3,5.6,17.7,26.3,21.7,15.3,7.8,3.3,,,2.0,49.9,A*-C,1118
GCSE,Other Technology,2013,UK,Exam,A*-G,0.4,5.0,17.2,24.3,21.9,18.7,7.2,2.6,,,2.7,46.9,A*-C,1485
GCSE,Other Technology,2012,UK,Exam,A*-G,0.4,4.3,16.2,23.1,22.4,20.0,7.7,3.8,,,2.1,44.0,A*-C,1447
GCSE,Other Technology,2011,UK,Exam,A*-G,0.3,4.5,16.4,21.6,21.1,18.5,10.6,3.8,,,3.2,42.8,A*-C,1404
GCSE,Other Technology,2010,UK,Exam,A*-G,0.3,4.1,9.8,28.8,21.2,14.8,8.4,6.0,,,6.6,43.0,A*-C,1327
GCSE,Other Technology,2009,UK,Exam,A*-G,0.5,3.1,8.7,30.2,19.2,16.4,10.2,4.3,,,7.4,42.5,A*-C,1362
GCSE,Other Technology,2008,UK,Exam,A*-G,0.3,3.8,9.3,26.6,20.7,14.8,8.7,4.8,,,11.0,40.0,A*-C,1351
GCSE,Other Technology,2007,UK,Exam,A*-G,0.7,3.6,10.2,24.2,15.8,17.6,11.2,5.5,,,11.2,38.7,A*-C,1097
GCSE,Other Technology,2006,UK,Exam,A*-G,0.5,3.1,7.9,25.4,21.2,19.1,10.5,4.6,,,7.7,36.9,A*-C,1118
GCSE,Other Technology,2005,UK,Exam,A*-G,0.5,3.6,8.5,25.0,19.0,14.8,12.7,6.5,,,9.4,37.6,A*-C,1061
GCSE,Other Technology,2004,UK,Exam,A*-G,0.5,3.1,7.2,25.3,19.1,17.2,11.8,5.0,,,10.8,36.1,A*-C,1067
GCSE,Other Technology,2003,UK,Exam,A*-G,0.5,2.9,5.1,27.2,24.2,16.4,10.7,5.1,,,7.9,35.7,A*-C,962
GCSE,Other Technology,2002,UK,Exam,A*-G,0.1,2.4,4.8,28.0,20.5,16.0,10.2,5.1,,,12.9,35.3,A*-C,989
GCSE,Other Technology,2001,UK,Exam,A*-G,2.0,8.6,14.8,21.1,15.9,15.0,10.1,4.5,,,8.0,46.5,A*-C,1573
GCSE,Other Technology,2000,UK,Exam,A*-G,2.0,9.2,12.6,18.9,17.2,13.8,10.5,7.2,,,8.6,42.7,A*-C,1666
GCSE,Other Technology,1999,UK,Exam,A*-G,1.7,10.1,14.9,15.5,14.7,14.2,11.6,7.2,,,10.1,42.2,A*-C,1548
GCSE,Other Technology,1998,UK,Exam,A*-G,2.8,8.1,17.9,24.0,14.6,11.8,8.4,4.9,,,7.5,52.8,A*-C,7125
GCSE,Other Technology,1997,UK,Exam,A*-G,2.4,9.2,13.6,18.8,18.0,17.0,12.2,6.3,,,2.5,44.0,A*-C,22862
GCSE,Other Technology,1996,UK,Exam,A*-G,2.9,9.4,14.3,18.0,19.8,17.2,11.1,5.5,,,1.8,44.6,A*-C,23381
GCSE,All other subjects,2018,UK,Exam,A*-G,2.3,8.0,14.6,18.0,19.7,15.6,9.5,6.1,,,6.2,42.9,A*-C,3151
GCSE,All other subjects,2017,UK,Exam,A*-G,1.9,8.7,18.5,27.6,22.8,12.3,5.3,1.8,,,0.9,56.8,A*-C,31555
GCSE,All other subjects,2016,UK,Exam,A*-G,1.4,9.3,19.2,24.6,21.8,13.2,6.2,2.4,,,1.8,54.5,A*-C,38301
GCSE,All other subjects,2015,UK,Exam,A*-G,2.0,9.2,19.2,25.5,21.7,12.6,5.8,2.4,,,1.6,55.9,A*-C,40995
GCSE,All other subjects,2014,UK,Exam,A*-G,1.9,9.0,18.4,25.3,22.3,12.6,5.9,2.7,,,1.9,54.6,A*-C,39086
GCSE,All other subjects,2013,UK,Exam,A*-G,2.5,10.6,20.6,26.3,21.0,11.1,4.7,1.6,,,1.6,60.0,A*-C,31203
GCSE,All other subjects,2012,UK,Exam,A*-G,1.7,10.0,20.9,25.1,21.5,11.9,5.0,2.0,,,1.9,57.7,A*-C,29054
GCSE,All other subjects,2011,UK,Exam,A*-G,1.8,10.2,20.3,24.8,20.5,12.2,5.8,2.4,,,2.0,57.1,A*-C,27434
GCSE,All other subjects,2010,UK,Exam,A*-G,2.9,9.5,14.6,29.1,22.2,10.6,5.2,2.8,,,3.1,56.1,A*-C,25567
GCSE,All other subjects,2009,UK,Exam,A*-G,3.2,9.8,14.3,30.9,21.6,10.0,4.8,2.6,,,2.8,58.2,A*-C,23395
GCSE,All other subjects,2008,UK,Exam,A*-G,3.2,9.8,13.5,27.6,22.2,11.3,5.4,3.3,,,3.7,54.1,A*-C,21413
GCSE,All other subjects,2007,UK,Exam,A*-G,3.3,8.4,13.4,27.6,23.1,11.6,6.0,3.2,,,3.4,52.7,A*-C,18091
GCSE,All other subjects,2006,UK,Exam,A*-G,3.6,11.4,15.5,23.0,22.9,12.2,6.2,2.7,,,2.5,53.5,A*-C,34218
GCSE,All other subjects,2005,UK,Exam,A*-G,3.4,10.8,16.0,23.1,22.2,12.6,6.1,2.9,,,2.9,53.3,A*-C,31540
GCSE,All other subjects,2004,UK,Exam,A*-G,3.2,10.0,15.5,22.8,22.2,13.2,6.8,3.3,,,3.0,51.5,A*-C,29324
GCSE,All other subjects,2003,UK,Exam,A*-G,4.0,11.4,17.9,25.7,19.4,10.5,5.5,2.7,,,2.9,59.0,A*-C,101605
GCSE,All other subjects,2002,UK,Exam,A*-G,3.3,11.0,17.6,25.5,19.4,11.0,6.2,3.1,,,2.9,57.4,A*-C,107556
GCSE,All other subjects,2001,UK,Exam,A*-G,3.0,10.8,17.5,25.7,19.0,11.6,6.3,3.2,,,2.9,57.0,A*-C,97720
GCSE,All other subjects,2000,UK,Exam,A*-G,3.4,11.1,18.0,26.2,19.5,10.9,5.5,2.6,,,2.8,58.7,A*-C,100857
GCSE,All other subjects,1999,UK,Exam,A*-G,3.2,10.8,17.6,26.4,19.8,11.0,5.6,2.6,,,3.0,58.0,A*-C,92187
GCSE,All other subjects,1998,UK,Exam,A*-G,2.5,11.0,19.6,24.6,18.4,11.7,6.8,3.3,,,2.2,57.7,A*-C,95071
GCSE,All other subjects,1997,UK,Exam,A*-G,2.2,10.4,19.1,25.0,18.5,12.7,7.3,3.3,,,1.5,44.5,A*-C,109748
GCSE,All other subjects,1996,UK,Exam,A*-G,2.3,10.5,18.8,24.4,18.8,12.8,7.4,3.5,,,1.4,56.0,A*-C,112917
GCSE,All other subjects,1995,UK,Exam,A*-G,2.2,10.5,18.6,23.1,18.3,13.5,8.4,4.1,,,1.3,54.4,A*-C,302169
GCSE,All other subjects,1994,UK,Exam,A*-G,2.2,10.7,18.5,22.2,17.8,13.6,8.7,4.5,,,1.7,53.6,A*-C,353943
GCSE,All other subjects,1993,UK,Exam,A*-G,,,,,,,,,,,1.9,50.3,A*-C,347455
GCSE,TOTAL,2025,England,Exam,9-1,5.1,7.2,9.5,13.6,16.5,15.2,16.6,9.3,5.0,,2.1,67.1,9-4,5661686
GCSE,TOTAL,2024,England,Exam,9-1,5.0,7.1,9.6,13.7,16.6,15.5,16.3,9.3,5.0,,2.0,67.4,9-4,5677941
GCSE,TOTAL,2023,England,Exam,9-1,4.9,7.1,9.6,14.0,16.6,15.6,16.0,9.3,4.9,,2.0,67.8,9-4,5422613
GCSE,TOTAL,2022,England,Exam,9-1,6.6,8.5,10.9,14.7,17.4,14.9,13.0,8.5,4.0,,1.6,73.0,9-4,5219550
GCSE,TOTAL,2021,England,Exam,9-1,7.4,9.1,12.0,14.5,17.1,16.8,12.1,6.8,3.2,,1.0,76.9,9-4,5236858
GCSE,TOTAL,2020,England,Exam,9-1,6.3,8.1,11.5,14.8,17.4,17.8,14.2,6.8,2.7,,0.4,75.9,9-4,5214030
GCSE,TOTAL,2019,England,Exam,9-1,4.5,6.7,9.4,13.4,16.6,16.4,17.3,9.5,4.5,,1.7,67.0,9-4,5070481
GCSE,TOTAL,2018,UK,Exam,A*-G,4.3,6.5,9.4,13.2,16.8,16.6,17.7,9.5,,,1.6,66.8,A*-C,4592138
GCSE,TOTAL,2018,UK,Exam,A*-G,4.3,6.5,9.5,13.2,16.8,16.6,17.6,9.5,,,1.6,66.9,A*-C,4609830
GCSE,TOTAL,2018,UK,Exam,A*-G,7.0,14.7,21.8,23.4,15.2,8.5,4.5,2.7,,,2.2,66.9,A*-C,860246
GCSE,TOTAL,2017,UK,Exam,A*-G,7.1,14.2,20.6,23.5,16.8,9.3,4.7,2.3,,,1.5,65.3,A*-C,3694771
GCSE,TOTAL,2016,UK,Exam,A*-G,6.5,14.0,21.4,25.0,16.9,8.3,4.2,2.1,,,1.6,66.9,A*-C,5240796
GCSE,TOTAL,2015,UK,Exam,A*-G,6.6,14.6,22.1,25.7,16.4,7.6,3.7,1.9,,,1.4,69.0,A*-C,5277604
GCSE,TOTAL,2014,UK,Exam,A*-G,6.7,14.6,21.9,25.6,16.3,7.6,3.8,2.0,,,1.5,68.8,A*-C,5217573
GCSE,TOTAL,2013,UK,Exam,A*-G,6.8,14.5,21.5,25.3,16.6,8.0,4.1,2.0,,,1.2,68.1,A*-C,5445324
GCSE,TOTAL,2012,UK,Exam,A*-G,7.3,15.1,21.7,25.3,15.9,7.7,4.1,1.9,,,1.0,69.4,A*-C,5225288
GCSE,TOTAL,2011,UK,Exam,A*-G,7.8,15.4,21.7,24.9,15.1,7.8,4.1,2.0,,,1.2,69.8,A*-C,5151970
GCSE,TOTAL,2010,UK,Exam,A*-G,7.5,15.1,20.6,25.9,15.9,7.8,4.0,1.9,,,1.3,69.1,A*-C,5374490
GCSE,TOTAL,2009,UK,Exam,A*-G,7.1,14.5,19.9,25.6,16.5,8.5,4.4,2.1,,,1.4,67.1,A*-C,5469260
GCSE,TOTAL,2008,UK,Exam,A*-G,6.8,13.9,19.8,25.2,16.6,9.1,4.7,2.3,,,1.6,65.7,A*-C,5669077
GCSE,TOTAL,2007,UK,Exam,A*-G,6.4,13.1,18.6,25.2,17.2,9.8,5.3,2.4,,,2.0,63.3,A*-C,5827319
GCSE,TOTAL,2006,UK,Exam,A*-G,6.3,12.8,18.3,25.0,17.3,10.2,5.6,2.6,,,1.9,62.4,A*-C,5752152
GCSE,TOTAL,2005,UK,Exam,A*-G,5.9,12.5,18.0,24.8,17.3,10.5,6.0,2.8,,,2.2,61.2,A*-C,5736505
GCSE,TOTAL,2004,UK,Exam,A*-G,5.6,11.8,17.3,24.5,17.3,11.3,6.6,3.2,,,2.4,59.2,A*-C,5875373
GCSE,TOTAL,2003,UK,Exam,A*-G,5.1,11.6,17.3,24.1,17.7,11.7,6.8,3.3,,,2.4,58.1,A*-C,5733487
GCSE,TOTAL,2002,UK,Exam,A*-G,5.0,11.4,17.4,24.1,18.1,12.0,6.7,3.2,,,2.1,57.9,A*-C,5662382
GCSE,TOTAL,2001,UK,Exam,A*-G,4.9,11.2,16.9,24.1,18.3,12.1,7.1,3.3,,,2.1,57.1,A*-C,5632936
GCSE,TOTAL,2000,UK,Exam,A*-G,4.6,11.2,17.0,23.8,18.4,12.5,7.2,3.2,,,2.1,56.6,A*-C,5481920
GCSE,TOTAL,1999,UK,Exam,A*-G,4.4,10.8,16.9,23.7,18.7,12.7,7.5,3.3,,,2.0,55.8,A*-C,5374751
GCSE,TOTAL,1998,UK,Exam,A*-G,4.1,10.6,16.5,23.6,18.6,13.2,7.6,3.5,,,2.3,54.8,A*-C,5353095
GCSE,TOTAL,1997,UK,Exam,A*-G,3.6,10.5,18.1,22.3,18.7,13.3,8.5,3.6,,,1.5,54.4,A*-C,5415176
GCSE,TOTAL,1996,UK,Exam,A*-G,3.4,10.3,18.0,22.3,18.6,13.4,8.7,3.8,,,1.5,54.0,A*-C,5475872
GCSE,TOTAL,1995,UK,Exam,A*-G,3.2,9.9,17.8,22.1,18.6,14.0,9.0,3.9,,,1.5,53.0,A*-C,5431625
GCSE,TOTAL,1994,UK,Exam,A*-G,2.8,10.2,18.0,21.8,18.7,13.7,9.3,4.1,,,1.5,52.8,A*-C,5029599
GCSE,TOTAL,1993,UK,Exam,A*-G,,,,,,,,,,,1.8,51.5,A*-C,4968634
GCSE,TOTAL,1992,UK,Exam,A*-G,,,,,,,,,,,1.6,50.5,A*-C,5028554
GCSE,TOTAL,1991,UK,Exam,A*-G,,,,,,,,,,,2.2,48.5,A*-C,4947593
GCSE,TOTAL,1990,UK,Exam,A*-G,,,,,,,,,,,2.5,47.7,A*-C,5016547
GCSE,TOTAL,1989,UK,Exam,A*-G,,,,,,,,,,,2.9,45.6,A*-C,5132998
GCSE,TOTAL,1988,UK,Exam,A*-G,,,,,,,,,,,3.4,41.9,A*-C,5230047
